county_code,year,month,county_name,date,precipitation_mm,temp_mean_c,climate_source,ndvi,evi,vegetation_source,prod_index,agriculture_source,maize_price_kes_kg,market_source,rural_pop,poverty_rate,socioeconomic_source,food_security_risk_index,outcome_source,data_source,agro_zone,month_sin,month_cos,precip_anom,precip_roll3,precip_roll6,precip_lag1,precip_lag3,temp_anom,temp_roll3,temp_roll6,temp_lag1,temp_lag3,ndvi_anom,ndvi_roll3,ndvi_roll6,ndvi_lag1,ndvi_lag3,evi_anom,evi_roll3,evi_roll6,evi_lag1,evi_lag3,price_anom,price_roll3,price_roll6,price_lag1,price_lag3,price_pct3
001,2019,1,Mombasa,2019-01-01,18.26,27.46,chirps+openmeteo,0.5258,0.3381,modis,107.28,wb_foodindex,41.67,fewsnet_prices,6485,0.1289,hdx_knbs,0.0,,mixed,Coastal,0.0,1.0,,18.26,18.26,,,,27.46,27.46,,,,0.5258,0.5258,,,,0.3381,0.3381,,,,41.67,41.67,,,
001,2019,2,Mombasa,2019-02-01,8.99,27.77,chirps+openmeteo,0.4486,0.2727,modis,107.28,wb_foodindex,46.67,fewsnet_prices,6485,0.1289,hdx_knbs,0.0,fewsnet_ipc,mixed,Coastal,0.49999999999999994,0.8660254037844387,,13.625,13.625,18.26,,,27.615000000000002,27.615000000000002,27.46,,,0.4872,0.4872,0.5258,,,0.3054,0.3054,0.3381,,,44.17,44.17,41.67,,
001,2019,3,Mombasa,2019-03-01,15.1,28.12,chirps+openmeteo,0.3937,0.2434,modis,107.28,wb_foodindex,47.92,fewsnet_prices,6485,0.1289,hdx_knbs,0.0,,mixed,Coastal,0.8660254037844386,0.5000000000000001,,14.116666666666667,14.116666666666667,8.99,,,27.78333333333333,27.78333333333333,27.77,,,0.45603333333333335,0.45603333333333335,0.4486,,,0.28473333333333334,0.28473333333333334,0.2727,,,45.419999999999995,45.419999999999995,46.67,,
001,2019,4,Mombasa,2019-04-01,50.24,27.89,chirps+openmeteo,0.3888,0.2314,modis,107.28,wb_foodindex,55.42,fewsnet_prices,6485,0.1289,hdx_knbs,0.0,,mixed,Coastal,1.0,6.123233995736766e-17,,24.776666666666667,23.1475,15.1,18.26,,27.926666666666666,27.810000000000002,28.12,27.46,,0.4103666666666667,0.439225,0.3937,0.5258,,0.24916666666666665,0.2714,0.2434,0.3381,,50.00333333333333,47.92,47.92,41.67,32.997360211183114
001,2019,5,Mombasa,2019-05-01,440.14,25.75,chirps+openmeteo,0.3875,0.2503,modis,107.28,wb_foodindex,56.33,fewsnet_prices,6485,0.1289,hdx_knbs,0.0,,mixed,Coastal,0.8660254037844387,-0.4999999999999998,,168.49333333333334,106.546,50.24,8.99,,27.253333333333334,27.398000000000003,27.89,27.77,,0.38999999999999996,0.42888000000000004,0.3888,0.4486,,0.24170000000000003,0.26718000000000003,0.2314,0.2727,,53.223333333333336,49.602,55.42,46.67,20.69852153417613
001,2019,6,Mombasa,2019-06-01,67.08,25.7,chirps+openmeteo,0.6457,0.436,modis,107.28,wb_foodindex,57.08,fewsnet_prices,6485,0.1289,hdx_knbs,0.0,fewsnet_ipc,mixed,Coastal,0.49999999999999994,-0.8660254037844387,-0.19555112157703164,185.82000000000002,99.96833333333335,440.14,15.1,-1.2891206148749432,26.44666666666667,27.115,25.75,28.12,1.7464955711637402,0.47400000000000003,0.46501666666666663,0.3875,0.3937,1.7883854278263884,0.3059,0.29531666666666667,0.2503,0.2434,0.9851704622186498,56.276666666666664,50.848333333333336,56.33,47.92,19.115191986644398
001,2019,7,Mombasa,2019-07-01,90.97,25.0,chirps+openmeteo,0.5601,0.3535,modis,107.28,wb_foodindex,58.0,fewsnet_prices,6485,0.1289,hdx_knbs,0.0,,mixed,Coastal,1.2246467991473532e-16,-1.0,-0.05022475434305738,199.39666666666665,112.08666666666666,67.08,50.24,-1.414286019161044,25.483333333333334,26.705,25.7,27.89,0.8065502127682775,0.5311,0.4707333333333333,0.6457,0.3888,0.6640420937150537,0.3466,0.29788333333333333,0.436,0.2314,0.9614624695202578,57.13666666666666,53.56999999999999,57.08,55.42,4.655359076145782
001,2019,8,Mombasa,2019-08-01,65.33,24.84,chirps+openmeteo,0.5552,0.348,modis,107.28,wb_foodindex,56.25,fewsnet_prices,6485,0.1289,hdx_knbs,0.0,,mixed,Coastal,-0.4999999999999997,-0.8660254037844388,-0.2045636076921069,74.46,121.47666666666667,90.97,440.14,-1.2540523305899778,25.179999999999996,26.21666666666667,25.0,25.75,0.6881906256087044,0.5870000000000001,0.4885,0.5601,0.3875,0.5446871812243657,0.37916666666666665,0.31043333333333334,0.3535,0.2503,0.6280208133902273,57.10999999999999,55.166666666666664,58.0,56.33,-0.14202023788389972
001,2019,9,Mombasa,2019-09-01,85.84,25.19,chirps+openmeteo,0.497,0.3099,modis,107.28,wb_foodindex,55.0,fewsnet_prices,6485,0.1289,hdx_knbs,0.0,,mixed,Coastal,-0.8660254037844385,-0.5000000000000004,-0.057761135970693114,80.71333333333334,133.26666666666668,65.33,67.08,-0.8949609153346791,25.01,25.728333333333335,24.84,25.7,0.0860604896112144,0.5374333333333333,0.5057166666666667,0.5552,0.6457,0.009665276778984362,0.33713333333333334,0.3215166666666667,0.348,0.436,0.3976424801238969,56.416666666666664,56.34666666666667,56.25,57.08,-3.6440084092501768
001,2019,10,Mombasa,2019-10-01,422.22,25.59,chirps+openmeteo,0.5502,0.3839,modis,107.28,wb_foodindex,56.67,fewsnet_prices,6485,0.1289,hdx_knbs,0.0,fewsnet_ipc,mixed,Coastal,-1.0,-1.8369701987210297e-16,1.812328220739008,191.13000000000002,195.26333333333332,85.84,90.97,-0.5635947071821701,25.206666666666667,25.345,25.19,25.0,0.6237595935969663,0.5341333333333333,0.5326166666666667,0.497,0.5601,1.0004677963178845,0.34726666666666667,0.3469333333333333,0.3099,0.3535,0.6389929908990121,55.973333333333336,56.555,55.0,58.0,-2.293103448275857
001,2019,11,Mombasa,2019-11-01,182.26,26.66,chirps+openmeteo,0.6652,0.4596,modis,107.28,wb_foodindex,58.33,fewsnet_prices,6485,0.1289,hdx_knbs,0.0,,mixed,Coastal,-0.8660254037844386,0.5000000000000001,0.3259391695339843,230.10666666666665,152.28333333333333,422.22,65.33,0.23903502733713244,25.813333333333333,25.496666666666666,25.59,24.84,1.576150107828479,0.5708000000000001,0.5789,0.5502,0.5552,1.6890441444316164,0.3844666666666667,0.38181666666666664,0.3839,0.348,0.8598716118264618,56.666666666666664,56.88833333333334,56.67,56.25,3.6977777777777776
001,2019,12,Mombasa,2019-12-01,154.11,27.25,chirps+openmeteo,0.6863,0.4967,modis,107.28,wb_foodindex,59.44,fewsnet_prices,6485,0.1289,hdx_knbs,0.0,,mixed,Coastal,-0.5000000000000004,0.8660254037844384,0.13946709980335106,252.86333333333337,166.78833333333333,182.26,85.84,0.6678635213876772,26.5,25.755,26.66,25.19,1.5139379091255587,0.6339,0.5856666666666667,0.6652,0.497,1.7444376994904303,0.44673333333333326,0.3919333333333333,0.4596,0.3099,0.9708904955197367,58.14666666666667,57.28166666666666,58.33,55.0,8.072727272727276
001,2020,1,Mombasa,2020-01-01,51.19,27.72,chirps+openmeteo,0.6082,0.4379,modis,125.82,wb_foodindex,61.67,fewsnet_prices,6485,0.1289,hdx_knbs,0.0,,mixed,Coastal,0.0,1.0,-0.5263560773633221,129.18666666666667,160.15833333333333,154.11,422.22,0.9710589630920383,27.209999999999997,26.208333333333332,27.25,25.59,0.7329392772310941,0.6532333333333333,0.5936833333333333,0.6863,0.5502,0.9890186436433516,0.4647333333333334,0.40599999999999997,0.4967,0.3839,1.230559584508403,59.81333333333333,57.893333333333324,59.44,56.67,8.823010411152277
001,2020,2,Mombasa,2020-02-01,13.15,27.97,chirps+openmeteo,0.579,0.4107,modis,125.82,wb_foodindex,61.7,fewsnet_prices,6485,0.1289,hdx_knbs,0.0,fewsnet_ipc,mixed,Coastal,0.49999999999999994,0.8660254037844387,-0.7459791782267398,72.81666666666668,151.46166666666667,51.19,182.26,1.0800274731816693,27.646666666666665,26.73,27.72,26.66,0.43449750151796357,0.6244999999999999,0.5976499999999999,0.6082,0.6652,0.6456596135953859,0.4484333333333333,0.41645000000000004,0.4379,0.4596,1.129523300403471,60.93666666666667,58.80166666666668,61.67,58.33,5.777472998457056
001,2020,3,Mombasa,2020-03-01,101.6,28.16,chirps+openmeteo,0.5959,0.3685,modis,125.82,wb_foodindex,66.43,fewsnet_prices,6485,0.1289,hdx_knbs,6.25,,mixed,Coastal,0.8660254037844386,0.5000000000000001,-0.11825205547641043,55.31333333333333,154.08833333333334,13.15,154.11,1.1347081690646008,27.95,27.224999999999998,27.97,27.25,0.5753908937833113,0.5943666666666666,0.6141333333333333,0.579,0.6863,0.15016022330035264,0.4057,0.42621666666666663,0.4107,0.4967,1.6710344093215794,63.26666666666667,60.70666666666667,61.7,59.44,11.759757738896393
001,2020,4,Mombasa,2020-04-01,510.54,26.93,chirps+openmeteo,0.5942,0.3863,modis,125.82,wb_foodindex,55.65,fewsnet_prices,6485,0.1289,hdx_knbs,12.5,,mixed,Coastal,1.0,6.123233995736766e-17,2.2374885007132836,208.42999999999998,168.80833333333334,101.6,51.19,0.14855854731843374,27.686666666666667,27.448333333333334,28.16,27.72,0.5360738485794713,0.5897,0.6214666666666666,0.5959,0.6082,0.35231687528294675,0.3885,0.4266166666666667,0.3685,0.4379,-0.03933811530241516,61.26,60.53666666666667,66.43,61.67,-9.761634506242912
001,2020,5,Mombasa,2020-05-01,242.57,25.83,chirps+openmeteo,0.6865,0.4214,modis,125.82,wb_foodindex,55.0,fewsnet_prices,6485,0.1289,hdx_knbs,18.75,,mixed,Coastal,0.8660254037844387,-0.4999999999999998,0.5853888288679135,284.90333333333336,178.86,510.54,13.15,-0.725073250546197,26.973333333333333,27.310000000000002,26.93,27.97,1.3607085020607312,0.6255333333333333,0.6250166666666667,0.5942,0.579,0.7516820643899403,0.3920666666666666,0.42025,0.3863,0.4107,-0.1419757720743323,59.02666666666667,59.98166666666666,55.65,61.7,-10.858995137763372
001,2020,6,Mombasa,2020-06-01,137.27,25.3,chirps+openmeteo,0.6531,0.4278,modis,125.82,wb_foodindex,54.4,fewsnet_prices,6485,0.1289,hdx_knbs,25.0,fewsnet_ipc,mixed,Coastal,0.49999999999999994,-0.8660254037844387,-0.06607052742247746,296.79333333333335,176.0533333333333,242.57,101.6,-1.094637518342614,26.02,26.985,25.83,28.16,0.9684275629075058,0.6446000000000001,0.6194833333333333,0.6865,0.5959,0.7941026794194973,0.41183333333333333,0.40876666666666667,0.4214,0.3685,-0.23687188299269193,55.01666666666667,59.14166666666667,55.0,66.43,-18.10928797230168
001,2020,7,Mombasa,2020-07-01,115.67,24.69,chirps+openmeteo,0.562,0.3607,modis,125.82,wb_foodindex,54.0,fewsnet_prices,6485,0.1289,hdx_knbs,18.75,,mixed,Coastal,1.2246467991473532e-16,-1.0,-0.19881007353682695,165.17,186.79999999999998,137.27,510.54,-1.4600257833505568,25.27333333333333,26.48,25.3,26.93,0.05169374528831406,0.6338666666666667,0.6117833333333333,0.6531,0.5942,-0.05748698548411141,0.40330000000000005,0.3959,0.4278,0.3863,-0.29818428213963694,54.46666666666666,57.86333333333334,54.4,55.65,-2.96495956873315
001,2020,8,Mombasa,2020-08-01,50.08,24.38,chirps+openmeteo,0.493,0.3202,modis,125.82,wb_foodindex,53.8,fewsnet_prices,6485,0.1289,hdx_knbs,12.5,,mixed,Coastal,-0.4999999999999997,-0.8660254037844388,-0.6084131496604872,101.00666666666666,192.955,115.67,242.57,-1.5516969926041297,24.790000000000003,25.881666666666664,24.69,25.83,-0.6384862575909288,0.5693666666666667,0.59745,0.562,0.6865,-0.5680405062860358,0.36956666666666665,0.38081666666666664,0.3607,0.4214,-0.3250469212656581,54.06666666666666,56.546666666666674,54.0,55.0,-2.1818181818181848
001,2020,9,Mombasa,2020-09-01,63.53,24.96,chirps+openmeteo,0.4568,0.2796,modis,125.82,wb_foodindex,55.03,fewsnet_prices,6485,0.1289,hdx_knbs,6.25,,mixed,Coastal,-0.8660254037844385,-0.5000000000000004,-0.5032949317783296,76.42666666666666,186.60999999999999,50.08,137.27,-1.0511196061648516,24.676666666666666,25.348333333333333,24.38,25.3,-0.9704170861024265,0.5039333333333333,0.5742666666666666,0.493,0.6531,-1.0514972856095373,0.32016666666666665,0.36600000000000005,0.3202,0.4278,-0.09706101602638727,54.276666666666664,54.64666666666667,53.8,54.4,1.1580882352941302
001,2020,10,Mombasa,2020-10-01,60.57,26.04,chirps+openmeteo,0.4567,0.2899,modis,125.82,wb_foodindex,57.0,fewsnet_prices,6485,0.1289,hdx_knbs,0.0,fewsnet_ipc,mixed,Coastal,-1.0,-1.8369701987210297e-16,-0.5086830472950914,58.06,111.61500000000001,63.53,115.67,-0.22377900079701393,25.126666666666665,25.2,24.96,24.69,-0.9295067853983735,0.46883333333333327,0.55135,0.4568,0.562,-0.877520994986023,0.29656666666666665,0.3499333333333334,0.2796,0.3607,0.2672401127443466,55.276666666666664,54.87166666666667,55.03,54.0,5.555555555555558
001,2020,11,Mombasa,2020-11-01,173.89,26.62,chirps+openmeteo,0.5778,0.3863,modis,125.82,wb_foodindex,53.5,fewsnet_prices,6485,0.1289,hdx_knbs,0.0,,mixed,Coastal,-0.8660254037844386,0.5000000000000001,0.27068350062896923,99.33,100.16833333333334,60.57,50.08,0.22298260132623235,25.873333333333335,25.331666666666667,26.04,24.38,0.3374400987392526,0.49709999999999993,0.5332333333333333,0.4567,0.493,0.397078484636221,0.3186,0.3440833333333333,0.2899,0.3202,-0.3965333523031571,55.17666666666667,54.62166666666667,57.0,53.8,-0.5576208178438624
001,2020,12,Mombasa,2020-12-01,59.62,27.36,chirps+openmeteo,0.57,0.3769,modis,125.82,wb_foodindex,51.27,fewsnet_prices,6485,0.1289,hdx_knbs,0.0,,mixed,Coastal,-0.5000000000000004,0.8660254037844384,-0.5246285791259435,98.02666666666666,87.22666666666667,173.89,63.53,0.7847458185834664,26.673333333333332,25.675,26.62,24.96,0.248153737340162,0.5348333333333334,0.5193833333333333,0.5778,0.4568,0.2635093759000737,0.3510333333333333,0.33559999999999995,0.3863,0.2796,-0.8053791821709215,53.92333333333334,54.1,53.5,55.03,-6.8326367435944
001,2021,1,Mombasa,2021-01-01,29.14,26.96,chirps+openmeteo,0.4981,0.2975,modis,123.29,wb_foodindex,47.67,fewsnet_prices,6485,0.1289,hdx_knbs,0.0,,mixed,Coastal,0.0,1.0,-0.7492797932492026,87.55000000000001,72.80499999999999,59.62,60.57,0.4860879597293589,26.98,26.05333333333333,27.36,26.04,-0.5255733117943903,0.5486333333333333,0.5087333333333333,0.57,0.4567,-0.8038086900974707,0.35356666666666664,0.32506666666666667,0.3769,0.2899,-1.7742375454010395,50.81333333333333,53.04500000000001,51.27,57.0,-16.368421052631575
001,2021,2,Mombasa,2021-02-01,15.28,27.34,chirps+openmeteo,0.4396,0.2753,modis,123.29,wb_foodindex,51.27,fewsnet_prices,6485,0.1289,hdx_knbs,0.0,fewsnet_ipc,mixed,Coastal,0.49999999999999994,0.8660254037844387,-0.8526682353494328,34.68000000000001,67.00500000000001,29.14,173.89,0.8216377147750631,27.22,26.546666666666667,26.96,26.62,-1.1547674720893129,0.5025666666666666,0.4998333333333333,0.4981,0.5778,-1.1111614246377837,0.31656666666666666,0.31758333333333333,0.2975,0.3863,-1.086874091405212,50.07,52.623333333333335,47.67,53.5,-4.168224299065415
001,2021,3,Mombasa,2021-03-01,19.98,27.84,chirps+openmeteo,0.3798,0.2373,modis,123.29,wb_foodindex,50.83,fewsnet_prices,6485,0.1289,hdx_knbs,0.0,,mixed,Coastal,0.8660254037844386,0.5000000000000001,-0.821215135307762,21.46666666666668,59.74666666666666,15.28,59.62,1.2608875065087475,27.38,27.026666666666667,27.34,27.36,-1.7783071457325168,0.43916666666666665,0.48700000000000004,0.4396,0.57,-1.6194954098263188,0.27003333333333335,0.31053333333333333,0.2753,0.3769,-1.2844555443844592,49.923333333333325,51.92333333333334,51.27,51.27,-0.8582016773941992
001,2021,4,Mombasa,2021-04-01,90.1,26.59,chirps+openmeteo,0.3763,0.2245,modis,123.29,wb_foodindex,50.43,fewsnet_prices,6485,0.1289,hdx_knbs,0.0,,mixed,Coastal,1.0,6.123233995736766e-17,-0.32757193450385896,41.786666666666676,64.66833333333334,19.98,29.14,0.27116963737320376,27.256666666666664,27.118333333333336,27.84,26.96,-1.7921400073259488,0.3985666666666667,0.4736,0.3798,0.4981,-1.7774715473583553,0.2457,0.29963333333333336,0.2373,0.2975,-1.2827778017409064,50.843333333333334,50.82833333333334,50.83,47.67,5.789804908747631
001,2021,5,Mombasa,2021-05-01,179.22,25.98,chirps+openmeteo,0.4418,0.2807,modis,123.29,wb_foodindex,51.33,fewsnet_prices,6485,0.1289,hdx_knbs,0.0,,mixed,Coastal,0.8660254037844387,-0.4999999999999998,0.45246199313227925,96.43333333333334,65.55666666666666,90.1,15.28,-0.2680337958074374,26.80333333333333,27.011666666666667,26.59,27.34,-1.160836028500713,0.39930000000000004,0.45093333333333335,0.3763,0.4396,-1.057246227298817,0.24749999999999997,0.28203333333333336,0.2245,0.2753,-0.9906183738105846,50.86333333333334,50.46666666666667,50.43,51.27,0.1170275014628297
001,2021,6,Mombasa,2021-06-01,64.57,24.74,chirps+openmeteo,0.4488,0.2791,modis,123.29,wb_foodindex,51.27,fewsnet_prices,6485,0.1289,hdx_knbs,0.0,fewsnet_ipc,mixed,Coastal,0.49999999999999994,-0.8660254037844387,-0.4895943805930036,111.29666666666667,66.38166666666666,179.22,19.98,-1.272430174492849,25.77,26.575,25.98,27.84,-0.997610375014075,0.42230000000000006,0.4307333333333334,0.4418,0.3798,-0.9937884021808147,0.26143333333333335,0.2657333333333334,0.2807,0.2373,-0.9314604592032987,51.01,50.46666666666667,51.33,50.83,0.8656305331497194
001,2021,7,Mombasa,2021-07-01,97.4,24.25,chirps+openmeteo,0.4427,0.2893,modis,123.29,wb_foodindex,54.17,fewsnet_prices,6485,0.1289,hdx_knbs,0.0,,mixed,Coastal,1.2246467991473532e-16,-1.0,-0.2219754392120707,113.73000000000002,77.75833333333333,64.57,90.1,-1.6009562232110928,24.99,26.123333333333335,24.74,26.59,-0.9895396889939564,0.4444333333333333,0.42150000000000004,0.4488,0.3763,-0.8026457645000876,0.2830333333333333,0.2643666666666667,0.2791,0.2245,-0.21678357924949046,52.25666666666666,51.550000000000004,51.27,50.43,7.416220503668458
001,2021,8,Mombasa,2021-08-01,61.39,24.21,chirps+openmeteo,0.4258,0.2603,modis,123.29,wb_foodindex,52.32,,6485,0.1289,hdx_knbs,0.0,,mixed,Coastal,-0.4999999999999997,-0.8660254037844388,-0.5165242971760066,74.45333333333336,85.44333333333333,97.4,179.22,-1.565161577469928,24.400000000000002,25.60166666666667,24.25,25.98,-1.085490720795901,0.4391,0.4192,0.4427,0.4418,-1.1171655356571912,0.27623333333333333,0.2618666666666667,0.2893,0.2807,-0.6108405147340027,52.58666666666667,51.724999999999994,54.17,51.33,1.9286966686148599
001,2021,9,Mombasa,2021-09-01,46.5,24.81,chirps+openmeteo,0.389,0.2348,modis,123.29,wb_foodindex,50.47,fewsnet_prices,6485,0.1289,hdx_knbs,0.0,,mixed,Coastal,-0.8660254037844385,-0.5000000000000004,-0.6213681177544983,68.43000000000002,89.86333333333333,61.39,64.57,-1.065430349931173,24.423333333333336,25.096666666666668,24.21,24.74,-1.368286510973665,0.4191666666666667,0.42073333333333335,0.4258,0.4488,-1.3608175229409578,0.2614666666666667,0.26145,0.2603,0.2791,-0.9785413838513147,52.32,51.665,52.32,51.27,-1.560366686171255
001,2021,10,Mombasa,2021-10-01,59.58,25.78,chirps+openmeteo,0.3314,0.2129,modis,123.29,wb_foodindex,50.47,fewsnet_prices,6485,0.1289,hdx_knbs,0.0,fewsnet_ipc,mixed,Coastal,-1.0,-1.8369701987210297e-16,-0.45615315887622887,55.82333333333335,84.77666666666666,46.5,97.4,-0.3148150920601362,24.933333333333337,24.96166666666667,24.81,24.25,-1.7312753961098355,0.3820666666666666,0.41324999999999995,0.389,0.4427,-1.481055879011422,0.236,0.2595166666666667,0.2348,0.2893,-0.9060525011035929,51.086666666666666,51.67166666666666,50.47,54.17,-6.830348901606065
001,2021,11,Mombasa,2021-11-01,47.76,26.89,chirps+openmeteo,0.315,0.1906,modis,123.29,wb_foodindex,53.33,fewsnet_prices,6485,0.1289,hdx_knbs,0.0,,mixed,Coastal,-0.8660254037844386,0.5000000000000001,-0.5182151355597875,51.28000000000002,62.86666666666667,59.58,61.39,0.5448062428391335,25.826666666666664,25.113333333333333,25.78,24.21,-1.7082475039473897,0.34513333333333335,0.39211666666666667,0.3314,0.4258,-1.6077468184315764,0.21276666666666666,0.24450000000000002,0.2129,0.2603,-0.21578670887205467,51.42333333333334,52.004999999999995,50.47,52.32,1.9304281345565721
001,2021,12,Mombasa,2021-12-01,163.7,26.82,chirps+openmeteo,0.4657,0.2974,modis,123.29,wb_foodindex,55.0,fewsnet_prices,6485,0.1289,hdx_knbs,0.0,,mixed,Coastal,-0.5000000000000004,0.8660254037844384,0.5871927217178163,90.34666666666669,79.38833333333334,47.76,46.5,0.5091351498245268,26.49666666666667,25.459999999999997,26.89,24.81,-0.2514589387686105,0.37070000000000003,0.39493333333333336,0.315,0.389,-0.23167063254405904,0.23363333333333333,0.24754999999999996,0.1906,0.2348,0.2174747657525975,52.93333333333334,52.626666666666665,53.33,50.47,8.975629086586089
001,2022,1,Mombasa,2022-01-01,14.62,27.51,chirps+openmeteo,0.4727,0.3195,modis,112.38,wb_foodindex,53.5,fewsnet_prices,6485,0.1289,hdx_knbs,0.0,,mixed,Coastal,0.0,1.0,-0.8150054960137981,75.36000000000003,65.59166666666665,163.7,59.58,1.0684204745807686,27.073333333333334,26.003333333333334,26.82,25.78,-0.13040607371223348,0.4178,0.3999333333333333,0.4657,0.3314,0.14608693741294743,0.26916666666666667,0.2525833333333333,0.2974,0.2129,-0.06253278648201081,53.943333333333335,52.51499999999999,55.0,50.47,6.003566475133737
001,2022,2,Mombasa,2022-02-01,11.8,27.57,chirps+openmeteo,0.3801,0.245,modis,112.38,wb_foodindex,66.65,fewsnet_prices,6485,0.1289,hdx_knbs,0.0,fewsnet_ipc,mixed,Coastal,0.49999999999999994,0.8660254037844387,-0.8407710092120452,63.37333333333334,57.32666666666666,14.62,47.76,1.1498635938553756,27.3,26.563333333333333,27.51,26.89,-0.9886257508398355,0.4395,0.39231666666666665,0.4727,0.315,-0.8688812609548783,0.2873,0.25003333333333333,0.3195,0.1906,2.86961635806871,58.38333333333333,54.903333333333336,53.5,53.33,24.976561035064716
001,2022,3,Mombasa,2022-03-01,22.37,27.68,chirps+openmeteo,0.3418,0.2079,modis,112.38,wb_foodindex,75.0,fewsnet_prices,6485,0.1289,hdx_knbs,0.0,,mixed,Coastal,0.8660254037844386,0.5000000000000001,-0.7015915505193094,16.263333333333353,53.305,11.8,163.7,1.2866973476636165,27.58666666666667,27.041666666666668,27.57,26.82,-1.2663564168119712,0.39820000000000005,0.38444999999999996,0.3801,0.4657,-1.3050892491977795,0.2574666666666667,0.24555000000000002,0.245,0.2974,3.6610322324622824,65.05,58.99166666666667,66.65,55.0,36.36363636363635
001,2022,4,Mombasa,2022-04-01,138.62,27.19,chirps+openmeteo,0.3333,0.2085,modis,112.38,wb_foodindex,77.5,fewsnet_prices,6485,0.1289,hdx_knbs,0.0,,mixed,Coastal,1.0,6.123233995736766e-17,0.916446846881419,57.59666666666669,66.47833333333334,22.37,14.62,0.8651814819044954,27.48,27.276666666666667,27.68,27.51,-1.2460511375807053,0.3517333333333333,0.3847666666666667,0.3418,0.4727,-1.196975703687641,0.22046666666666667,0.24481666666666668,0.2079,0.3195,3.02132751253743,73.05,63.49666666666667,75.0,53.5,44.859813084112155
001,2022,5,Mombasa,2022-05-01,186.92,26.45,chirps+openmeteo,0.4289,0.2797,modis,112.38,wb_foodindex,92.0,fewsnet_prices,6485,0.1289,hdx_knbs,0.0,,mixed,Coastal,0.8660254037844387,-0.4999999999999998,1.9025144682485544,115.97000000000003,89.67166666666667,138.62,11.8,0.23470057190211324,27.10666666666667,27.203333333333333,27.19,27.57,-0.18916078697628494,0.36800000000000005,0.40375,0.3333,0.3801,-0.04743466488883772,0.2320333333333333,0.25966666666666666,0.2085,0.245,3.3489225955552335,81.5,69.94166666666668,77.5,66.65,38.03450862715678
001,2022,6,Mombasa,2022-06-01,90.09,25.12,chirps+openmeteo,0.4767,0.3211,modis,112.38,wb_foodindex,105.0,fewsnet_prices,6485,0.1289,hdx_knbs,0.0,fewsnet_ipc,mixed,Coastal,0.49999999999999994,-0.8660254037844387,0.22652716381036658,138.54333333333335,77.40333333333332,186.92,22.37,-0.8501112722956097,26.25333333333333,26.919999999999998,26.45,27.68,0.5334536377120176,0.41296666666666665,0.40558333333333335,0.4289,0.3418,0.8136359805437322,0.26976666666666665,0.26361666666666667,0.2797,0.2079,3.206149033659695,91.5,78.275,92.0,75.0,39.99999999999999
001,2022,7,Mombasa,2022-07-01,187.7,23.81,chirps+openmeteo,0.502,0.3306,modis,112.38,wb_foodindex,110.0,fewsnet_prices,6485,0.1289,hdx_knbs,0.0,,mixed,Coastal,1.2246467991473532e-16,-1.0,1.811670026061286,154.90333333333334,106.25,90.09,138.62,-1.8077631865772181,25.126666666666665,26.30333333333333,25.12,27.19,0.9590450387432069,0.4692,0.4104666666666666,0.4767,0.3333,1.0514113166652093,0.31046666666666667,0.2654666666666667,0.3211,0.2085,2.7538927927045513,102.33333333333333,87.69166666666668,105.0,77.5,41.93548387096775
001,2022,8,Mombasa,2022-08-01,57.22,23.95,chirps+openmeteo,0.5213,0.3386,modis,112.38,wb_foodindex,107.5,fewsnet_prices,6485,0.1289,hdx_knbs,0.0,,mixed,Coastal,-0.4999999999999997,-0.8660254037844388,-0.4015147170705731,111.67000000000003,113.82000000000001,187.7,186.92,-1.647917146726777,24.293333333333333,25.7,23.81,26.45,1.1975755135886132,0.5,0.43399999999999994,0.502,0.4289,1.1743460166602993,0.3301,0.28106666666666663,0.3306,0.2797,2.204197768468867,107.5,94.5,110.0,92.0,16.84782608695652
001,2022,9,Mombasa,2022-09-01,42.77,24.49,chirps+openmeteo,0.4187,0.2669,modis,112.38,wb_foodindex,105.65,fewsnet_prices,6485,0.1289,hdx_knbs,0.0,,mixed,Coastal,-0.8660254037844385,-0.5000000000000004,-0.6274397286877194,95.89666666666669,117.22000000000001,57.22,90.09,-1.2000935971809175,24.083333333333332,25.168333333333333,23.95,25.12,-0.2263946901091863,0.48066666666666663,0.4468166666666667,0.5213,0.4767,-0.19648145993775615,0.31203333333333333,0.2909,0.3386,0.3211,1.8510708466362935,107.71666666666665,99.60833333333333,107.5,105.0,0.6190476190476302
001,2022,10,Mombasa,2022-10-01,47.83,25.17,chirps+openmeteo,0.3207,0.2056,modis,112.38,wb_foodindex,103.35,fewsnet_prices,6485,0.1289,hdx_knbs,0.0,fewsnet_ipc,mixed,Coastal,-1.0,-1.8369701987210297e-16,-0.5311738289551972,49.27333333333335,102.08833333333332,42.77,187.7,-0.6541874810625823,24.536666666666665,24.831666666666667,24.49,23.81,-1.456545856087696,0.4202333333333333,0.44471666666666665,0.4187,0.502,-1.2622742914798706,0.2703666666666667,0.2904166666666667,0.2669,0.3306,1.5664263434292656,105.5,103.91666666666667,105.65,110.0,-6.045454545454554
001,2022,11,Mombasa,2022-11-01,111.07,26.19,chirps+openmeteo,0.3848,0.2399,modis,112.38,wb_foodindex,106.9,fewsnet_prices,6485,0.1289,hdx_knbs,0.0,,mixed,Coastal,-0.8660254037844386,0.5000000000000001,0.6038935608387008,67.22333333333334,89.44666666666666,47.83,57.22,0.12042064645203396,25.28333333333333,24.78833333333333,25.17,23.95,-0.5347487117531082,0.37473333333333336,0.4373666666666667,0.3207,0.5213,-0.568051503353425,0.2374666666666667,0.28378333333333333,0.2056,0.3386,1.5467337054456263,105.3,106.39999999999999,103.35,107.5,-0.558139534883717
001,2022,12,Mombasa,2022-12-01,46.64,27.16,chirps+openmeteo,0.4282,0.2732,modis,112.38,wb_foodindex,107.5,fewsnet_prices,6485,0.1289,hdx_knbs,0.0,,mixed,Coastal,-0.5000000000000004,0.8660254037844384,-0.5225942769747893,68.51333333333334,82.205,111.07,42.77,0.8581093136049254,26.173333333333336,25.12833333333333,26.19,24.49,0.2179505044346811,0.37789999999999996,0.4292833333333333,0.3848,0.4187,0.23489103977815085,0.23956666666666668,0.27580000000000005,0.2399,0.2669,1.423922491742451,105.91666666666667,106.81666666666666,106.9,105.65,1.7510648367250248
002,2019,1,Kwale,2019-01-01,18.6,26.55,chirps+openmeteo,0.5444,0.3523,modis,107.28,wb_foodindex,40.5,fewsnet_prices,687435,0.4451,hdx_knbs,25.0,,mixed,Coastal,0.0,1.0,,18.6,18.6,,,,26.55,26.55,,,,0.5444,0.5444,,,,0.3523,0.3523,,,,40.5,40.5,,,
002,2019,2,Kwale,2019-02-01,11.37,27.03,chirps+openmeteo,0.4534,0.279,modis,107.28,wb_foodindex,39.62,fewsnet_prices,687435,0.4451,hdx_knbs,25.0,fewsnet_ipc,mixed,Coastal,0.49999999999999994,0.8660254037844387,,14.985,14.985,18.6,,,26.79,26.79,26.55,,,0.4989,0.4989,0.5444,,,0.31565,0.31565,0.3523,,,40.06,40.06,40.5,,
002,2019,3,Kwale,2019-03-01,17.45,27.51,chirps+openmeteo,0.4093,0.2467,modis,107.28,wb_foodindex,38.0,fewsnet_prices,687435,0.4451,hdx_knbs,25.0,,mixed,Coastal,0.8660254037844386,0.5000000000000001,,15.806666666666667,15.806666666666667,11.37,,,27.03,27.03,27.03,,,0.46903333333333336,0.46903333333333336,0.4534,,,0.2926666666666667,0.2926666666666667,0.279,,,39.373333333333335,39.373333333333335,39.62,,
002,2019,4,Kwale,2019-04-01,66.11,26.88,chirps+openmeteo,0.4012,0.2376,modis,107.28,wb_foodindex,37.75,fewsnet_prices,687435,0.4451,hdx_knbs,25.0,,mixed,Coastal,1.0,6.123233995736766e-17,,31.643333333333334,28.3825,17.45,18.6,,27.14,26.9925,27.51,26.55,,0.4213,0.452075,0.4093,0.5444,,0.25443333333333334,0.27890000000000004,0.2467,0.3523,,38.45666666666667,38.9675,38.0,40.5,-6.79012345679012
002,2019,5,Kwale,2019-05-01,467.6,24.31,chirps+openmeteo,0.396,0.2508,modis,107.28,wb_foodindex,46.5,fewsnet_prices,687435,0.4451,hdx_knbs,25.0,,mixed,Coastal,0.8660254037844387,-0.4999999999999998,,183.72000000000003,116.226,66.11,11.37,,26.233333333333334,26.456,26.88,27.03,,0.40216666666666673,0.44086,0.4012,0.4534,,0.24503333333333335,0.27328,0.2376,0.279,,40.75,40.474000000000004,37.75,39.62,17.364967188288748
002,2019,6,Kwale,2019-06-01,61.51,24.0,chirps+openmeteo,0.6511,0.4351,modis,107.28,wb_foodindex,46.0,fewsnet_prices,687435,0.4451,hdx_knbs,25.0,fewsnet_ipc,mixed,Coastal,0.49999999999999994,-0.8660254037844387,-0.2558926625893214,198.40666666666667,107.10666666666667,467.6,17.45,-1.36378190839048,25.063333333333333,26.046666666666667,24.31,27.51,1.7131543553417863,0.48276666666666673,0.4759,0.396,0.4093,1.7242267718498545,0.30783333333333335,0.30025,0.2508,0.2467,1.1809186990379985,43.416666666666664,41.395,46.5,38.0,21.052631578947366
002,2019,7,Kwale,2019-07-01,84.28,23.38,chirps+openmeteo,0.5638,0.3546,modis,107.28,wb_foodindex,48.0,fewsnet_prices,687435,0.4451,hdx_knbs,25.0,,mixed,Coastal,1.2246467991473532e-16,-1.0,-0.12011604495499976,204.46333333333337,118.05333333333333,61.51,66.11,-1.3439112897309091,23.896666666666665,25.51833333333333,24.0,26.88,0.7603292253805104,0.5369666666666667,0.47913333333333336,0.6511,0.4012,0.6270685649345459,0.3468333333333333,0.30063333333333336,0.4351,0.2376,1.3021117206618078,46.833333333333336,42.645,46.0,37.75,27.15231788079471
002,2019,8,Kwale,2019-08-01,68.07,23.31,chirps+openmeteo,0.559,0.3475,modis,107.28,wb_foodindex,51.0,fewsnet_prices,687435,0.4451,hdx_knbs,25.0,,mixed,Coastal,-0.4999999999999997,-0.8660254037844388,-0.2068487331270214,71.28666666666666,127.50333333333333,84.28,467.6,-1.157142796425134,23.563333333333333,24.89833333333333,23.38,24.31,0.6492483810176283,0.5913,0.4967333333333334,0.5638,0.396,0.49228584429946515,0.37906666666666666,0.31205,0.3546,0.2508,1.4984369499065675,48.333333333333336,44.541666666666664,48.0,46.5,9.677419354838701
002,2019,9,Kwale,2019-09-01,92.54,23.76,chirps+openmeteo,0.4962,0.3049,modis,107.28,wb_foodindex,49.0,fewsnet_prices,687435,0.4451,hdx_knbs,25.0,,mixed,Coastal,-0.8660254037844385,-0.5000000000000004,-0.042904497350371086,81.63,140.01833333333335,68.07,61.51,-0.8180862710570758,23.483333333333334,24.27333333333333,23.31,24.0,-0.010744795805479731,0.5396666666666667,0.5112166666666668,0.559,0.6511,-0.10890458336809751,0.3356666666666667,0.32175,0.3475,0.4351,0.9754967899198224,49.333333333333336,46.375,51.0,46.0,6.521739130434789
002,2019,10,Kwale,2019-10-01,433.25,24.29,chirps+openmeteo,0.5637,0.3817,modis,107.28,wb_foodindex,47.0,fewsnet_prices,687435,0.4451,hdx_knbs,25.0,fewsnet_ipc,mixed,Coastal,-1.0,-1.8369701987210297e-16,1.76805727861639,197.95333333333335,201.20833333333334,92.54,84.28,-0.4847613851653602,23.786666666666665,23.84166666666667,23.76,23.38,0.6928010486264861,0.5396333333333333,0.5383,0.4962,0.5638,0.9533725108871532,0.3447,0.3457666666666666,0.3049,0.3546,0.5453385757632389,49.0,47.916666666666664,49.0,48.0,-2.083333333333337
002,2019,11,Kwale,2019-11-01,170.08,25.39,chirps+openmeteo,0.6658,0.4597,modis,107.28,wb_foodindex,49.88,fewsnet_prices,687435,0.4451,hdx_knbs,25.0,,mixed,Coastal,-0.8660254037844386,0.5000000000000001,0.21324816650615602,231.95666666666668,151.62166666666667,433.25,68.07,0.1645140882815555,24.48,24.021666666666665,24.29,23.31,1.542795744486034,0.5752333333333333,0.5832666666666667,0.5637,0.559,1.69553391777765,0.38210000000000005,0.38058333333333333,0.3817,0.3475,1.0231938440531816,48.626666666666665,48.48,47.0,51.0,-2.196078431372539
002,2019,12,Kwale,2019-12-01,163.52,26.05,chirps+openmeteo,0.7007,0.4957,modis,107.28,wb_foodindex,46.5,fewsnet_prices,687435,0.4451,hdx_knbs,25.0,,mixed,Coastal,-0.5000000000000004,0.8660254037844384,0.1658619055124409,255.61666666666667,168.62333333333333,170.08,92.54,0.5485026444931984,25.24333333333333,24.363333333333333,25.39,23.76,1.5886481662895766,0.6433999999999999,0.5915333333333334,0.6658,0.4962,1.7451853988570283,0.4457,0.3906833333333333,0.4597,0.3049,0.32220802508501395,47.79333333333333,48.56333333333333,49.88,49.0,-5.102040816326525
002,2020,1,Kwale,2020-01-01,60.19,26.69,chirps+openmeteo,0.6331,0.4406,modis,125.82,wb_foodindex,43.0,fewsnet_prices,687435,0.4451,hdx_knbs,25.0,,mixed,Coastal,0.0,1.0,-0.47911607472680945,131.26333333333335,164.60833333333335,163.52,433.25,0.8951107621793356,26.043333333333337,24.915000000000003,26.05,24.29,0.8792085541883358,0.6665333333333333,0.6030833333333333,0.7007,0.5637,1.014737641543709,0.4653333333333333,0.40501666666666664,0.4957,0.3817,-0.40131816371632084,46.46,47.73,46.5,47.0,-8.510638297872342
002,2020,2,Kwale,2020-02-01,14.62,27.01,chirps+openmeteo,0.5964,0.4159,modis,125.82,wb_foodindex,45.0,fewsnet_prices,687435,0.4451,hdx_knbs,25.0,fewsnet_ipc,mixed,Coastal,0.49999999999999994,0.8660254037844387,-0.7399873476410962,79.44333333333334,155.7,60.19,170.08,1.0200464351870067,26.583333333333332,25.531666666666666,26.69,25.39,0.5044028223344853,0.6434000000000001,0.6093166666666666,0.6331,0.6658,0.6908060262037334,0.4507333333333334,0.41641666666666666,0.4406,0.4597,0.03674343911515328,44.833333333333336,46.73,43.0,49.88,-9.78348035284684
002,2020,3,Kwale,2020-03-01,112.19,26.96,chirps+openmeteo,0.6085,0.3871,modis,125.82,wb_foodindex,45.0,fewsnet_prices,687435,0.4451,hdx_knbs,25.0,,mixed,Coastal,0.8660254037844386,0.5000000000000001,-0.07451475917173525,62.333333333333336,158.975,14.62,163.52,0.924691954471605,26.886666666666667,26.065,27.01,26.05,0.5959467017346575,0.6126666666666667,0.6280333333333333,0.5964,0.7007,0.3387966392921111,0.41453333333333336,0.43011666666666665,0.4159,0.4957,0.03558671288988938,44.333333333333336,46.06333333333333,45.0,46.5,-3.2258064516129004
002,2020,4,Kwale,2020-04-01,553.42,25.5,chirps+openmeteo,0.6142,0.3929,modis,125.82,wb_foodindex,42.25,fewsnet_prices,687435,0.4451,hdx_knbs,25.0,,mixed,Coastal,1.0,6.123233995736766e-17,2.316880141422796,226.74333333333334,179.00333333333333,112.19,60.19,-0.026143244152566712,26.49,26.266666666666666,26.96,26.69,0.6253074005339807,0.6063666666666666,0.63645,0.6085,0.6331,0.3951014068505039,0.39863333333333334,0.43198333333333333,0.3871,0.4406,-0.5910979539898008,44.083333333333336,45.27166666666667,45.0,43.0,-1.744186046511631
002,2020,5,Kwale,2020-05-01,219.65,24.28,chirps+openmeteo,0.6861,0.4127,modis,125.82,wb_foodindex,41.0,fewsnet_prices,687435,0.4451,hdx_knbs,25.0,,mixed,Coastal,0.8660254037844387,-0.4999999999999998,0.388363911638505,295.08666666666664,187.265,553.42,14.62,-0.8074251075198341,25.580000000000002,26.081666666666667,25.5,27.01,1.256798778136619,0.6362666666666668,0.6398333333333334,0.6142,0.5964,0.6173543633045203,0.3975666666666667,0.42415,0.3929,0.4159,-0.8482068532415349,42.75,43.791666666666664,42.25,45.0,-8.888888888888891
002,2020,6,Kwale,2020-06-01,130.86,23.72,chirps+openmeteo,0.6513,0.4238,modis,125.82,wb_foodindex,47.0,fewsnet_prices,687435,0.4451,hdx_knbs,25.0,fewsnet_ipc,mixed,Coastal,0.49999999999999994,-0.8660254037844387,-0.13157030177002496,301.31,181.8216666666667,219.65,112.19,-1.1121110275139037,24.5,25.69333333333333,24.28,26.96,0.8615732117259612,0.6505333333333333,0.6316,0.6861,0.6085,0.7268572122565294,0.4098,0.4121666666666666,0.4127,0.3871,0.5951346223919941,43.416666666666664,43.875,41.0,45.0,4.444444444444451
002,2020,7,Kwale,2020-07-01,113.23,23.05,chirps+openmeteo,0.55,0.3439,modis,125.82,wb_foodindex,43.0,fewsnet_prices,687435,0.4451,hdx_knbs,25.0,,mixed,Coastal,1.2246467991473532e-16,-1.0,-0.23229982540424168,154.57999999999996,190.66166666666666,130.86,553.42,-1.43051524928654,23.683333333333334,25.08666666666667,23.72,25.5,-0.161461520030376,0.6291333333333333,0.61775,0.6513,0.6142,-0.2998101033630292,0.3934666666666667,0.39605,0.4238,0.3929,-0.38952442550754574,43.666666666666664,43.875,47.0,42.25,1.775147928994092
002,2020,8,Kwale,2020-08-01,49.47,22.89,chirps+openmeteo,0.473,0.3001,modis,125.82,wb_foodindex,40.5,fewsnet_prices,687435,0.4451,hdx_knbs,25.0,,mixed,Coastal,-0.4999999999999997,-0.8660254037844388,-0.6087944613110057,97.8533333333333,196.47,113.23,219.65,-1.4127268315129617,23.22,24.400000000000002,23.05,24.28,-0.9189807991606705,0.5580999999999999,0.5971833333333333,0.55,0.6861,-0.843911335371315,0.3559333333333334,0.37675,0.3439,0.4127,-0.9760834626205342,43.5,43.125,43.0,41.0,-1.2195121951219523
002,2020,9,Kwale,2020-09-01,74.79,23.7,chirps+openmeteo,0.4466,0.268,modis,125.82,wb_foodindex,47.0,fewsnet_prices,687435,0.4451,hdx_knbs,25.0,,mixed,Coastal,-0.8660254037844385,-0.5000000000000004,-0.4356698029528992,79.1633333333333,190.23666666666668,49.47,130.86,-0.8633885239867737,23.213333333333335,23.856666666666666,22.89,23.72,-1.1280886776693293,0.48986666666666673,0.5702,0.473,0.6513,-1.1968480744007055,0.304,0.3569,0.3001,0.4238,0.6593479088077538,43.5,43.458333333333336,40.5,47.0,0.0
002,2020,10,Kwale,2020-10-01,59.35,25.1,chirps+openmeteo,0.4491,0.275,modis,125.82,wb_foodindex,45.5,fewsnet_prices,687435,0.4451,hdx_knbs,25.0,fewsnet_ipc,mixed,Coastal,-1.0,-1.8369701987210297e-16,-0.5204245355351267,61.2033333333333,107.89166666666667,74.79,113.23,0.02483773191498465,23.896666666666665,23.790000000000003,23.7,23.05,-1.0480989418250966,0.4562333333333333,0.5426833333333334,0.4466,0.55,-1.0500799087055634,0.28103333333333336,0.33725,0.268,0.3439,0.2647367581127298,44.333333333333336,44.0,47.0,43.0,5.813953488372103
002,2020,11,Kwale,2020-11-01,183.63,25.41,chirps+openmeteo,0.596,0.3974,modis,125.82,wb_foodindex,41.5,fewsnet_prices,687435,0.4451,hdx_knbs,25.0,,mixed,Coastal,-0.8660254037844386,0.5000000000000001,0.29215530646336413,105.92333333333329,101.88833333333334,59.35,49.47,0.22148848162874046,24.736666666666668,23.978333333333335,25.1,22.89,0.45689096618844083,0.49723333333333325,0.5276666666666667,0.4491,0.473,0.5449285696515895,0.31346666666666667,0.3347,0.275,0.3001,-0.7666218334166895,44.666666666666664,44.083333333333336,45.5,40.5,2.4691358024691468
002,2020,12,Kwale,2020-12-01,67.48,26.41,chirps+openmeteo,0.6098,0.4068,modis,125.82,wb_foodindex,46.4,fewsnet_prices,687435,0.4451,hdx_knbs,25.0,,mixed,Coastal,-0.5000000000000004,0.8660254037844384,-0.47775610387771555,103.48666666666662,91.325,183.63,74.79,0.8541888028703601,25.64,24.426666666666666,25.41,23.7,0.5853181430645467,0.5516333333333333,0.52075,0.596,0.4466,0.6507936501933481,0.3597333333333333,0.3318666666666667,0.3974,0.268,0.5281505175427331,44.46666666666667,43.98333333333333,41.5,47.0,-1.276595744680853
002,2021,1,Kwale,2021-01-01,36.57,26.27,chirps+openmeteo,0.5283,0.3157,modis,123.29,wb_foodindex,46.95,fewsnet_prices,687435,0.4451,hdx_knbs,25.0,,mixed,Coastal,0.0,1.0,-0.6974570190705042,95.8933333333333,78.54833333333333,67.48,59.35,0.7738037759792775,26.03,24.963333333333335,26.41,25.1,-0.27676220339509255,0.5780333333333333,0.5171333333333333,0.6098,0.4491,-0.5583148969615741,0.37329999999999997,0.32716666666666666,0.4068,0.275,0.6155713579982371,44.949999999999996,44.64166666666667,46.4,45.5,3.1868131868131977
002,2021,2,Kwale,2021-02-01,16.99,26.76,chirps+openmeteo,0.4691,0.2994,modis,123.29,wb_foodindex,48.0,fewsnet_prices,687435,0.4451,hdx_knbs,25.0,fewsnet_ipc,mixed,Coastal,0.49999999999999994,0.8660254037844387,-0.8349439522131347,40.34666666666663,73.135,36.57,183.63,1.1220057855440686,26.48,25.608333333333334,26.27,25.41,-0.9211935726932216,0.5357333333333333,0.5164833333333333,0.5283,0.596,-0.7977542065857139,0.34063333333333334,0.32705,0.3157,0.3974,0.8349530318162751,47.11666666666667,45.89166666666667,46.95,41.5,15.662650602409634
002,2021,3,Kwale,2021-03-01,23.55,27.28,chirps+openmeteo,0.4087,0.2499,modis,123.29,wb_foodindex,46.0,fewsnet_prices,687435,0.4451,hdx_knbs,25.0,,mixed,Coastal,0.8660254037844386,0.5000000000000001,-0.7926837958719436,25.703333333333294,64.59499999999998,16.99,67.48,1.4979737886728626,26.77,26.205,26.76,26.41,-1.5685031759501282,0.46869999999999995,0.5101666666666667,0.4691,0.6098,-1.4768513091904334,0.28833333333333333,0.32403333333333334,0.2994,0.4068,0.18761341783823088,46.98333333333333,45.725,48.0,46.4,-0.8620689655172376
002,2021,4,Kwale,2021-04-01,117.16,25.48,chirps+openmeteo,0.4101,0.2428,modis,123.29,wb_foodindex,43.9,fewsnet_prices,687435,0.4451,hdx_knbs,25.0,,mixed,Coastal,1.0,6.123233995736766e-17,-0.16241003951552402,52.56666666666663,74.23,23.55,36.57,0.31128467630882833,26.50666666666667,26.26833333333333,27.28,26.27,-1.5679323964562633,0.4293,0.5036666666666666,0.4087,0.5283,-1.5845139868667817,0.26403333333333334,0.31866666666666665,0.2499,0.3157,-0.6421684869061868,45.96666666666667,45.458333333333336,46.0,46.95,-6.496272630457945
002,2021,5,Kwale,2021-05-01,189.99,24.72,chirps+openmeteo,0.4991,0.3196,modis,123.29,wb_foodindex,43.0,fewsnet_prices,687435,0.4451,hdx_knbs,25.0,,mixed,Coastal,0.8660254037844387,-0.4999999999999998,0.48028169228203743,110.23333333333329,75.29,117.16,16.99,-0.24173097214696038,25.826666666666668,26.153333333333332,25.48,26.76,-0.694201329177972,0.43929999999999997,0.48751666666666676,0.4101,0.4691,-0.5968462904662589,0.27076666666666666,0.3057,0.2428,0.2994,-0.9019110216822692,44.300000000000004,45.708333333333336,43.9,48.0,-10.416666666666663
002,2021,6,Kwale,2021-06-01,65.88,23.44,chirps+openmeteo,0.4932,0.3084,modis,123.29,wb_foodindex,43.25,fewsnet_prices,687435,0.4451,hdx_knbs,25.0,fewsnet_ipc,mixed,Coastal,0.49999999999999994,-0.8660254037844387,-0.49913468576615844,124.34333333333329,75.02333333333333,189.99,23.55,-1.120202176621016,24.546666666666667,25.65833333333333,24.72,27.28,-0.6964769754635125,0.46746666666666664,0.46808333333333335,0.4991,0.4087,-0.6919434963510779,0.2902666666666667,0.28929999999999995,0.3196,0.2499,-0.7615179342076095,43.38333333333333,45.18333333333334,43.0,46.0,-5.978260869565222
002,2021,7,Kwale,2021-07-01,90.44,22.79,chirps+openmeteo,0.4538,0.2943,modis,123.29,wb_foodindex,44.0,fewsnet_prices,687435,0.4451,hdx_knbs,25.0,,mixed,Coastal,1.2246467991473532e-16,-1.0,-0.3077679780056481,115.43666666666662,84.00166666666667,65.88,117.16,-1.5224610897126243,23.649999999999995,25.078333333333333,23.44,25.48,-1.0732400436693539,0.4820333333333333,0.45566666666666666,0.4932,0.4101,-0.8462864477996099,0.3074333333333333,0.28573333333333334,0.3084,0.2428,-0.44367310468926463,43.416666666666664,44.69166666666666,43.25,43.9,0.2277904328018332
002,2021,8,Kwale,2021-08-01,54.35,23.05,chirps+openmeteo,0.4257,0.2592,modis,123.29,wb_foodindex,45.0,fewsnet_prices,687435,0.4451,hdx_knbs,25.0,,mixed,Coastal,-0.4999999999999997,-0.8660254037844388,-0.5864750536121716,70.22333333333329,90.22833333333334,90.44,189.99,-1.3240168690913874,23.093333333333334,24.459999999999997,22.79,24.72,-1.2791412710296495,0.4575666666666667,0.4484333333333333,0.4538,0.4991,-1.2490406795190947,0.28729999999999994,0.27903333333333336,0.2943,0.3196,0.0061740542711455825,44.083333333333336,44.19166666666666,44.0,43.0,4.651162790697683
002,2021,9,Kwale,2021-09-01,55.27,23.83,chirps+openmeteo,0.3966,0.2381,modis,123.29,wb_foodindex,44.0,fewsnet_prices,687435,0.4451,hdx_knbs,25.0,,mixed,Coastal,-0.8660254037844385,-0.5000000000000004,-0.5639580499308382,66.68666666666662,95.515,54.35,65.88,-0.7977420346929919,23.223333333333333,23.885,23.05,23.44,-1.4810721624520935,0.4253666666666666,0.4464166666666667,0.4257,0.4932,-1.4415778993846773,0.26386666666666664,0.2770666666666667,0.2592,0.3084,-0.33006865699501853,44.333333333333336,43.85833333333333,45.0,43.25,1.7341040462427681
002,2021,10,Kwale,2021-10-01,58.98,25.25,chirps+openmeteo,0.3428,0.2213,modis,123.29,wb_foodindex,40.5,fewsnet_prices,687435,0.4451,hdx_knbs,25.0,fewsnet_ipc,mixed,Coastal,-1.0,-1.8369701987210297e-16,-0.47748950765973297,56.19999999999996,85.81833333333333,55.27,90.44,0.14153754918351905,24.043333333333333,23.846666666666664,23.83,22.79,-1.7999534663351149,0.3883666666666666,0.43520000000000003,0.3966,0.4538,-1.5000617055929215,0.2395333333333333,0.27348333333333336,0.2381,0.2943,-1.6305370057823614,43.166666666666664,43.291666666666664,44.0,44.0,-7.954545454545459
002,2021,11,Kwale,2021-11-01,48.67,26.59,chirps+openmeteo,0.3295,0.196,modis,123.29,wb_foodindex,43.0,fewsnet_prices,687435,0.4451,hdx_knbs,25.0,,mixed,Coastal,-0.8660254037844386,0.5000000000000001,-0.5250564876478151,54.306666666666636,62.26499999999999,58.98,54.35,1.000979632492289,25.223333333333333,24.15833333333333,25.25,23.05,-1.7354463760332421,0.3563,0.4069333333333333,0.3428,0.4257,-1.6593906115910977,0.21846666666666667,0.2528833333333333,0.2213,0.2592,-0.5567876539570633,42.5,43.291666666666664,40.5,45.0,-4.444444444444439
002,2021,12,Kwale,2021-12-01,155.42,26.1,chirps+openmeteo,0.4626,0.2882,modis,123.29,wb_foodindex,46.0,fewsnet_prices,687435,0.4451,hdx_knbs,25.0,,mixed,Coastal,-0.5000000000000004,0.8660254037844384,0.44493639180317385,87.68999999999996,77.18833333333333,48.67,55.27,0.671323194527327,25.98,24.60166666666667,26.59,23.83,-0.42939152107864426,0.3782999999999999,0.4018333333333333,0.3295,0.3966,-0.4486596849033257,0.23516666666666666,0.24951666666666664,0.196,0.2381,0.8310184713501656,43.166666666666664,43.75,43.0,44.0,4.545454545454541
002,2022,1,Kwale,2022-01-01,19.28,26.99,chirps+openmeteo,0.4589,0.3007,modis,112.38,wb_foodindex,44.0,fewsnet_prices,687435,0.4451,hdx_knbs,25.0,,mixed,Coastal,0.0,1.0,-0.7664503723309332,74.45666666666664,65.32833333333333,155.42,58.98,1.2449433464404887,26.560000000000002,25.301666666666666,26.1,25.25,-0.4076522555997987,0.417,0.40268333333333334,0.4626,0.3428,-0.20893251189970122,0.26163333333333333,0.2505833333333333,0.2882,0.2213,-0.11122382454367856,44.333333333333336,43.75,46.0,40.5,8.64197530864197
002,2022,2,Kwale,2022-02-01,13.97,27.39,chirps+openmeteo,0.3822,0.2446,modis,112.38,wb_foodindex,47.0,fewsnet_prices,687435,0.4451,hdx_knbs,25.0,fewsnet_ipc,mixed,Coastal,0.49999999999999994,0.8660254037844387,-0.813721169524072,62.88999999999996,58.59833333333333,19.28,48.67,1.4769207534899818,26.826666666666668,26.025000000000002,26.99,26.59,-1.1037494455262642,0.4345666666666666,0.3954333333333333,0.4589,0.3295,-0.9600351319458348,0.2778333333333333,0.24815,0.3007,0.196,1.2046098207197729,45.666666666666664,44.083333333333336,44.0,43.0,9.302325581395344
002,2022,3,Kwale,2022-03-01,27.15,27.35,chirps+openmeteo,0.3485,0.2118,modis,112.38,wb_foodindex,47.8,fewsnet_prices,687435,0.4451,hdx_knbs,25.0,,mixed,Coastal,0.8660254037844386,0.5000000000000001,-0.6571208325338432,20.133333333333294,53.91166666666666,13.97,155.42,1.4197355773624327,27.243333333333336,26.611666666666668,27.39,26.1,-1.330534251080446,0.39653333333333324,0.3874166666666667,0.3822,0.4626,-1.3367682429696726,0.2523666666666667,0.2437666666666667,0.2446,0.2882,1.4420356924793059,46.26666666666667,44.71666666666667,47.0,46.0,3.913043478260869
002,2022,4,Kwale,2022-04-01,154.74,26.18,chirps+openmeteo,0.3592,0.2196,modis,112.38,wb_foodindex,50.0,fewsnet_prices,687435,0.4451,hdx_knbs,25.0,,mixed,Coastal,1.0,6.123233995736766e-17,1.1726132602335217,65.28666666666663,69.87166666666667,27.15,19.28,0.6446805967923429,26.973333333333333,26.76666666666667,27.35,26.99,-1.1301561310244446,0.36329999999999996,0.39015,0.3485,0.4589,-1.1286103405907801,0.2253333333333333,0.24348333333333336,0.2118,0.3007,2.061074338478591,48.26666666666667,46.300000000000004,47.8,44.0,13.636363636363647
002,2022,5,Kwale,2022-05-01,166.65,25.2,chirps+openmeteo,0.4486,0.2928,modis,112.38,wb_foodindex,59.0,fewsnet_prices,687435,0.4451,hdx_knbs,25.0,,mixed,Coastal,0.8660254037844387,-0.4999999999999998,1.5191967965135673,116.17999999999996,89.53500000000001,154.74,13.97,-0.004010354193884998,26.243333333333336,26.535,26.18,27.39,-0.11190685182327632,0.3854333333333333,0.41,0.3592,0.3822,0.0761608185014968,0.24139999999999998,0.25961666666666666,0.2196,0.2446,3.5959232386140294,52.26666666666667,48.96666666666667,50.0,47.0,25.531914893617014
002,2022,6,Kwale,2022-06-01,90.25,23.64,chirps+openmeteo,0.4829,0.319,modis,112.38,wb_foodindex,70.0,fewsnet_prices,687435,0.4451,hdx_knbs,25.0,fewsnet_ipc,mixed,Coastal,0.49999999999999994,-0.8660254037844387,0.17752925873677555,137.2133333333333,78.67333333333333,166.65,27.15,-1.0006734880395898,25.006666666666664,26.125,25.2,27.35,0.431897620129218,0.4302333333333333,0.41338333333333327,0.4486,0.3485,0.6605201099673266,0.2771333333333333,0.26475,0.2928,0.2118,3.763583783039511,59.666666666666664,52.96666666666667,59.0,47.8,46.44351464435148
002,2022,7,Kwale,2022-07-01,174.77,22.32,chirps+openmeteo,0.5076,0.3298,modis,112.38,wb_foodindex,88.0,fewsnet_prices,687435,0.4451,hdx_knbs,25.0,,mixed,Coastal,1.2246467991473532e-16,-1.0,1.5914976169895867,143.88999999999996,104.58833333333332,90.25,154.74,-1.7696277290878593,23.72,25.346666666666668,23.64,26.18,0.8122797712153946,0.4797,0.4215,0.4829,0.3592,0.8848297459337905,0.3138666666666667,0.2696,0.319,0.2196,3.782966934833927,72.33333333333333,60.300000000000004,70.0,50.0,76.0
002,2022,8,Kwale,2022-08-01,50.85,22.61,chirps+openmeteo,0.5308,0.3441,modis,112.38,wb_foodindex,78.0,fewsnet_prices,687435,0.4451,hdx_knbs,25.0,,mixed,Coastal,-0.4999999999999997,-0.8660254037844388,-0.5616223512967229,105.28999999999996,110.735,174.77,166.65,-1.5648607794872804,22.856666666666666,24.55,22.32,25.2,1.0750914682941277,0.5071,0.44626666666666664,0.5076,0.4486,1.0935874869082054,0.3309666666666667,0.2861833333333333,0.3298,0.2928,2.3500639030610846,78.66666666666667,65.46666666666667,88.0,59.0,32.20338983050848
002,2022,9,Kwale,2022-09-01,50.82,23.65,chirps+openmeteo,0.4247,0.2739,modis,112.38,wb_foodindex,70.0,fewsnet_prices,687435,0.4451,hdx_knbs,25.0,,mixed,Coastal,-0.8660254037844385,-0.5000000000000004,-0.5414165980251421,92.14666666666663,114.68,50.85,90.25,-0.9244511696538958,22.86,23.933333333333334,22.61,23.64,-0.3527792464918284,0.4877,0.4589666666666667,0.5308,0.4829,-0.21251270326963698,0.31593333333333334,0.2965333333333333,0.3441,0.319,1.5168332674478189,78.66666666666667,69.16666666666667,78.0,70.0,0.0
002,2022,10,Kwale,2022-10-01,46.23,24.56,chirps+openmeteo,0.3439,0.2184,modis,112.38,wb_foodindex,70.0,fewsnet_prices,687435,0.4451,hdx_knbs,25.0,fewsnet_ipc,mixed,Coastal,-1.0,-1.8369701987210297e-16,-0.6082290801388752,49.29999999999996,96.59499999999998,50.82,174.77,-0.3520996535173799,23.606666666666666,23.66333333333333,23.65,22.32,-1.3310398751052528,0.43313333333333337,0.4564166666666667,0.4247,0.5076,-1.1624687028829976,0.2788,0.29633333333333334,0.2739,0.3298,1.3783031077580534,72.66666666666667,72.5,70.0,88.0,-20.45454545454546
002,2022,11,Kwale,2022-11-01,119.94,25.53,chirps+openmeteo,0.3908,0.2395,modis,112.38,wb_foodindex,87.0,fewsnet_prices,687435,0.4451,hdx_knbs,25.0,,mixed,Coastal,-0.8660254037844386,0.5000000000000001,0.7490003802966135,72.32999999999997,88.81,46.23,50.85,0.2373804886716141,24.58,23.718333333333334,24.56,22.61,-0.6641569065668559,0.3864666666666667,0.44678333333333337,0.3439,0.5308,-0.7302098488492109,0.24393333333333334,0.28745,0.2184,0.3441,2.2504800715166904,75.66666666666667,77.16666666666667,70.0,78.0,11.538461538461542
002,2022,12,Kwale,2022-12-01,48.79,26.65,chirps+openmeteo,0.4451,0.283,modis,112.38,wb_foodindex,75.0,fewsnet_prices,687435,0.4451,hdx_knbs,25.0,,mixed,Coastal,-0.5000000000000004,0.8660254037844384,-0.5346988988794987,71.6533333333333,81.9,119.94,50.82,0.9102866012398467,25.58,24.22,25.53,23.65,0.23342938015736373,0.39326666666666665,0.4404833333333334,0.3908,0.4247,0.27760026465348037,0.24696666666666664,0.28145,0.2395,0.2739,1.3102747669877117,77.33333333333333,78.0,87.0,70.0,7.14285714285714
003,2019,1,Kilifi,2019-01-01,24.14,27.68,chirps+openmeteo,0.468,0.2941,modis,107.28,wb_foodindex,,,611023,0.4636,hdx_knbs,25.0,,mixed,Coastal,0.0,1.0,,24.14,24.14,,,,27.68,27.68,,,,0.468,0.468,,,,0.2941,0.2941,,,,,,,,
003,2019,2,Kilifi,2019-02-01,5.58,28.02,chirps+openmeteo,0.4254,0.2783,modis,107.28,wb_foodindex,,,611023,0.4636,hdx_knbs,25.0,fewsnet_ipc,mixed,Coastal,0.49999999999999994,0.8660254037844387,,14.86,14.86,24.14,,,27.85,27.85,27.68,,,0.4467,0.4467,0.468,,,0.2862,0.2862,0.2941,,,,,,,
003,2019,3,Kilifi,2019-03-01,16.84,28.62,chirps+openmeteo,0.3888,0.2419,modis,107.28,wb_foodindex,,,611023,0.4636,hdx_knbs,25.0,,mixed,Coastal,0.8660254037844386,0.5000000000000001,,15.520000000000001,15.520000000000001,5.58,,,28.106666666666666,28.106666666666666,28.02,,,0.4274,0.4274,0.4254,,,0.27143333333333336,0.27143333333333336,0.2783,,,,,,,
003,2019,4,Kilifi,2019-04-01,52.9,28.42,chirps+openmeteo,0.3994,0.2393,modis,107.28,wb_foodindex,,,611023,0.4636,hdx_knbs,25.0,,mixed,Coastal,1.0,6.123233995736766e-17,,25.106666666666666,24.865000000000002,16.84,24.14,,28.353333333333335,28.185000000000002,28.62,27.68,,0.40453333333333336,0.4204,0.3888,0.468,,0.25316666666666665,0.26339999999999997,0.2419,0.2941,,,,,,
003,2019,5,Kilifi,2019-05-01,403.8,25.36,chirps+openmeteo,0.4235,0.2647,modis,107.28,wb_foodindex,,,611023,0.4636,hdx_knbs,25.0,,mixed,Coastal,0.8660254037844387,-0.4999999999999998,,157.84666666666666,100.652,52.9,5.58,,27.46666666666667,27.619999999999997,28.42,28.02,,0.4039,0.42102000000000006,0.3994,0.4254,,0.24863333333333335,0.26366,0.2393,0.2783,,,,,,
003,2019,6,Kilifi,2019-06-01,80.62,25.28,chirps+openmeteo,0.6274,0.4189,modis,107.28,wb_foodindex,,,611023,0.4636,hdx_knbs,25.0,fewsnet_ipc,mixed,Coastal,0.49999999999999994,-0.8660254037844387,-0.10939425733821878,179.10666666666668,97.31333333333335,403.8,16.84,-1.2872366776470674,26.353333333333335,27.23,25.36,28.62,1.9415632214026672,0.4834333333333333,0.45541666666666664,0.4235,0.3888,1.9374695520390806,0.30763333333333337,0.28953333333333336,0.2647,0.2419,,,,,,
003,2019,7,Kilifi,2019-07-01,102.91,24.8,chirps+openmeteo,0.6108,0.3969,modis,107.28,wb_foodindex,,,611023,0.4636,hdx_knbs,25.0,,mixed,Coastal,1.2246467991473532e-16,-1.0,0.034432984483031816,195.77666666666667,110.44166666666668,80.62,52.9,-1.254659503469994,25.146666666666665,26.75,25.28,28.42,1.3326706693061041,0.5539,0.4792166666666667,0.6274,0.3994,1.256768435235299,0.3601666666666666,0.30666666666666664,0.4189,0.2393,,,,,,
003,2019,8,Kilifi,2019-08-01,51.54,24.79,chirps+openmeteo,0.5899,0.3829,modis,107.28,wb_foodindex,,,611023,0.4636,hdx_knbs,25.0,,mixed,Coastal,-0.4999999999999997,-0.8660254037844388,-0.31339786349368465,78.35666666666667,118.10166666666667,102.91,403.8,-1.073548159464717,24.956666666666667,26.21166666666667,24.8,25.36,0.9758393470705895,0.6093666666666667,0.5066333333333333,0.6108,0.4235,0.9328141469154676,0.3995666666666667,0.3241,0.3969,0.2647,,,,,,
003,2019,9,Kilifi,2019-09-01,78.79,25.3,chirps+openmeteo,0.5325,0.3517,modis,107.28,wb_foodindex,,,611023,0.4636,hdx_knbs,25.0,,mixed,Coastal,-0.8660254037844385,-0.5000000000000004,-0.09859966801851609,77.74666666666667,128.42666666666665,51.54,80.62,-0.7095107134560058,24.963333333333335,25.658333333333335,24.79,25.28,0.3815828695670034,0.5777333333333333,0.5305833333333333,0.5899,0.6274,0.47369165885887843,0.37716666666666665,0.3424,0.3829,0.4189,,,,,,
003,2019,10,Kilifi,2019-10-01,368.08,25.18,chirps+openmeteo,0.5845,0.409,modis,107.28,wb_foodindex,,,611023,0.4636,hdx_knbs,25.0,fewsnet_ipc,mixed,Coastal,-1.0,-1.8369701987210297e-16,1.7280000700300218,166.13666666666666,180.95666666666668,78.79,102.91,-0.7220727617498782,25.090000000000003,25.11833333333333,25.3,24.8,0.8458664175803318,0.5689666666666667,0.5614333333333333,0.5325,0.6108,1.1355530282631396,0.3812,0.3706833333333333,0.3517,0.3969,,,,,,
003,2019,11,Kilifi,2019-11-01,229.43,26.13,chirps+openmeteo,0.6825,0.4932,modis,107.28,wb_foodindex,,,611023,0.4636,hdx_knbs,25.0,,mixed,Coastal,-0.8660254037844386,0.5000000000000001,0.7149246358219418,225.4333333333333,151.895,368.08,51.54,-0.12758229422468054,25.536666666666665,25.24666666666667,25.18,24.79,1.5518527219813862,0.5998333333333333,0.6046,0.5845,0.5899,1.7856613849239453,0.41796666666666665,0.40876666666666667,0.409,0.3829,,,,,,
003,2019,12,Kilifi,2019-12-01,138.55,26.74,chirps+openmeteo,0.6701,0.4882,modis,107.28,wb_foodindex,,,611023,0.4636,hdx_knbs,25.0,,mixed,Coastal,-0.5000000000000004,0.8660254037844384,0.06779459158009916,245.35333333333335,161.55,229.43,78.79,0.2592817637647965,26.016666666666666,25.49,26.13,25.3,1.2635638266054594,0.6457,0.6117166666666667,0.6825,0.5325,1.4708842621499174,0.4634666666666667,0.42031666666666667,0.4932,0.3517,,,,,,
003,2020,1,Kilifi,2020-01-01,48.35,27.4,chirps+openmeteo,0.6114,0.4438,modis,125.82,wb_foodindex,,,611023,0.4636,hdx_knbs,25.0,,mixed,Coastal,0.0,1.0,-0.5725470343207564,138.77666666666667,152.45666666666668,138.55,368.08,0.6701417602289209,26.756666666666664,25.923333333333332,26.74,25.18,0.6798320581436506,0.6546666666666667,0.6118166666666666,0.6701,0.5845,0.9096658840012923,0.4750666666666667,0.4281333333333333,0.4882,0.409,,,,,,
003,2020,2,Kilifi,2020-02-01,10.34,27.89,chirps+openmeteo,0.5878,0.4084,modis,125.82,wb_foodindex,,,611023,0.4636,hdx_knbs,25.0,fewsnet_ipc,mixed,Coastal,0.49999999999999994,0.8660254037844387,-0.8113169629418258,65.74666666666667,145.59,48.35,229.43,0.9416572498102687,27.343333333333334,26.439999999999998,27.4,26.13,0.4377066764539203,0.6231,0.6114666666666667,0.6114,0.6825,0.4947173425861851,0.44680000000000003,0.4323833333333333,0.4438,0.4932,,,,,,
003,2020,3,Kilifi,2020-03-01,80.55,28.23,chirps+openmeteo,0.5768,0.3648,modis,125.82,wb_foodindex,,,611023,0.4636,hdx_knbs,25.0,,mixed,Coastal,0.8660254037844386,0.5000000000000001,-0.25866645242027386,46.413333333333334,145.88333333333335,10.34,138.55,1.089269443849496,27.84,26.92833333333333,27.89,26.74,0.3186085531472081,0.592,0.61885,0.5878,0.6701,-0.003240278710463427,0.4056666666666667,0.4345666666666667,0.4084,0.4882,,,,,,
003,2020,4,Kilifi,2020-04-01,392.71,26.78,chirps+openmeteo,0.5827,0.3985,modis,125.82,wb_foodindex,,,611023,0.4636,hdx_knbs,25.0,,mixed,Coastal,1.0,6.123233995736766e-17,1.882422183184875,161.20000000000002,149.98833333333334,80.55,48.35,0.08325265916358954,27.633333333333336,27.194999999999997,28.23,27.4,0.36525826745265855,0.5824333333333334,0.61855,0.5768,0.6114,0.38252898485352715,0.3905666666666667,0.4328166666666666,0.3648,0.4438,,,,,,
003,2020,5,Kilifi,2020-05-01,202.9,25.29,chirps+openmeteo,0.6937,0.4353,modis,125.82,wb_foodindex,,,611023,0.4636,hdx_knbs,25.0,,mixed,Coastal,0.8660254037844387,-0.4999999999999998,0.5018875917154176,225.38666666666666,145.56666666666666,392.71,10.34,-0.92852968168053,26.766666666666666,27.054999999999996,26.78,27.89,1.3809193490242493,0.6177333333333332,0.6204166666666667,0.5827,0.5878,0.791489036868069,0.3995333333333333,0.4231666666666667,0.3985,0.4084,,,,,,
003,2020,6,Kilifi,2020-06-01,149.02,24.75,chirps+openmeteo,0.6693,0.4409,modis,125.82,wb_foodindex,,,611023,0.4636,hdx_knbs,25.0,fewsnet_ipc,mixed,Coastal,0.49999999999999994,-0.8660254037844387,0.10317758610622976,248.21,147.3116666666667,202.9,80.55,-1.2205641826735643,25.606666666666666,26.723333333333333,25.29,28.23,1.0659544094707238,0.6485666666666666,0.6202833333333333,0.6937,0.5768,0.8200736839954489,0.4249,0.4152833333333334,0.4353,0.3648,,,,,,
003,2020,7,Kilifi,2020-07-01,124.86,24.42,chirps+openmeteo,0.5942,0.4026,modis,125.82,wb_foodindex,,,611023,0.4636,hdx_knbs,25.0,,mixed,Coastal,1.2246467991473532e-16,-1.0,-0.07771296856624652,158.92666666666668,160.06333333333333,149.02,392.71,-1.340006342936049,24.819999999999997,26.22666666666667,24.75,26.78,0.30776221344662824,0.6524,0.6174166666666666,0.6693,0.5827,0.33341117178213603,0.4262666666666666,0.4084166666666667,0.4409,0.3985,,,,,,
003,2020,8,Kilifi,2020-08-01,38.8,24.43,chirps+openmeteo,0.589,0.3978,modis,125.82,wb_foodindex,,,611023,0.4636,hdx_knbs,25.0,,mixed,Coastal,-0.4999999999999997,-0.8660254037844388,-0.7195517922623582,104.22666666666665,164.80666666666667,124.86,202.9,-1.2441481189678456,24.533333333333335,25.650000000000002,24.42,25.29,0.24799566263994108,0.6175,0.6176166666666667,0.5942,0.6937,0.265067340392793,0.41376666666666667,0.40665,0.4026,0.4353,,,,,,
003,2020,9,Kilifi,2020-09-01,53.87,25.06,chirps+openmeteo,0.5327,0.3365,modis,125.82,wb_foodindex,,,611023,0.4636,hdx_knbs,25.0,,mixed,Coastal,-0.8660254037844385,-0.5000000000000004,-0.5817185606743087,72.51,160.36,38.8,149.02,-0.787541681984022,24.636666666666667,25.121666666666666,24.43,24.75,-0.334406648389079,0.5719666666666666,0.6102666666666666,0.589,0.6693,-0.5216615499630064,0.3789666666666667,0.4019333333333333,0.3978,0.4409,,,,,,
003,2020,10,Kilifi,2020-10-01,52.88,26.33,chirps+openmeteo,0.5204,0.3417,modis,125.82,wb_foodindex,,,611023,0.4636,hdx_knbs,25.0,fewsnet_ipc,mixed,Coastal,-1.0,-1.8369701987210297e-16,-0.5720281687329468,48.51666666666667,103.72166666666668,53.87,124.86,0.07477067234194448,25.27333333333333,25.046666666666667,25.06,24.42,-0.4539816947232573,0.5473666666666667,0.5998833333333333,0.5327,0.5942,-0.44025196759972296,0.3586666666666667,0.3924666666666667,0.3365,0.4026,,,,,,
003,2020,11,Kilifi,2020-11-01,179.34,26.57,chirps+openmeteo,0.5967,0.3941,modis,125.82,wb_foodindex,,,611023,0.4636,hdx_knbs,25.0,,mixed,Coastal,-0.8660254037844386,0.5000000000000001,0.4468848047007047,95.36333333333333,99.795,52.88,38.8,0.23666304549413578,25.986666666666665,25.26,26.33,24.43,0.37236881844737035,0.5499333333333333,0.5837166666666667,0.5204,0.589,0.2663948954800169,0.3574333333333333,0.3856,0.3417,0.3978,,,,,,
003,2020,12,Kilifi,2020-12-01,54.88,27.52,chirps+openmeteo,0.5697,0.3699,modis,125.82,wb_foodindex,,,611023,0.4636,hdx_knbs,25.0,,mixed,Coastal,-0.5000000000000004,0.8660254037844384,-0.5703536040046508,95.69999999999999,84.105,179.34,53.87,0.8792807737205465,26.80666666666667,25.721666666666668,26.57,25.06,0.06929273939174926,0.5622666666666666,0.5671166666666666,0.5967,0.5327,-0.06856709062358073,0.3685666666666667,0.37376666666666664,0.3941,0.3365,,,,,,
003,2021,1,Kilifi,2021-01-01,16.64,27.27,chirps+openmeteo,0.4826,0.2923,modis,123.29,wb_foodindex,,,611023,0.4636,hdx_knbs,25.0,,mixed,Coastal,0.0,1.0,-0.8878348431129177,83.61999999999999,66.06833333333334,54.88,52.88,0.7204926071131038,27.12,26.196666666666662,27.52,26.33,-0.9394225305993454,0.5496666666666666,0.5485166666666667,0.5697,0.5204,-1.1687548115017854,0.3521,0.35538333333333333,0.3699,0.3417,,,,,,
003,2021,2,Kilifi,2021-02-01,14.07,27.65,chirps+openmeteo,0.424,0.2779,modis,123.29,wb_foodindex,,,611023,0.4636,hdx_knbs,25.0,fewsnet_ipc,mixed,Coastal,0.49999999999999994,0.8660254037844387,-0.9151041636557636,28.52999999999999,61.94666666666668,16.64,179.34,1.0201442492952912,27.48,26.733333333333334,27.27,26.57,-1.6112307080696013,0.4921,0.5210166666666666,0.4826,0.5967,-1.372426626694552,0.3133666666666667,0.3354,0.2923,0.3941,,,,,,
003,2021,3,Kilifi,2021-03-01,15.19,28.19,chirps+openmeteo,0.3872,0.2395,modis,123.29,wb_foodindex,,,611023,0.4636,hdx_knbs,25.0,,mixed,Coastal,0.8660254037844386,0.5000000000000001,-0.9045904809379884,15.29999999999999,55.50000000000002,14.07,54.88,1.4612480486330155,27.703333333333333,27.255,27.65,27.52,-2.030150286398133,0.4312666666666667,0.49676666666666663,0.424,0.5697,-1.9104518571521012,0.26990000000000003,0.3192333333333333,0.2779,0.3699,,,,,,
003,2021,4,Kilifi,2021-04-01,68.41,27.4,chirps+openmeteo,0.4193,0.2577,modis,123.29,wb_foodindex,,,611023,0.4636,hdx_knbs,25.0,,mixed,Coastal,1.0,6.123233995736766e-17,-0.46296640165879177,32.55666666666665,58.088333333333345,15.19,16.64,0.9413996255579988,27.746666666666666,27.433333333333334,28.19,27.27,-1.7016682366075433,0.41016666666666673,0.4799166666666667,0.3872,0.4826,-1.6985446876391845,0.2583666666666667,0.3052333333333333,0.2395,0.2923,,,,,,
003,2021,5,Kilifi,2021-05-01,143.42,26.38,chirps+openmeteo,0.5129,0.3225,modis,123.29,wb_foodindex,,,611023,0.4636,hdx_knbs,25.0,,mixed,Coastal,0.8660254037844387,-0.4999999999999998,0.3037293247777115,75.67333333333332,52.10166666666667,68.41,14.07,0.1100771846548759,27.323333333333334,27.401666666666667,27.4,27.65,-0.6886295517841732,0.43979999999999997,0.4659499999999999,0.4193,0.424,-0.8344899530447436,0.27323333333333333,0.2933,0.2577,0.2779,,,,,,
003,2021,6,Kilifi,2021-06-01,72.86,24.81,chirps+openmeteo,0.5111,0.3197,modis,123.29,wb_foodindex,,,611023,0.4636,hdx_knbs,25.0,fewsnet_ipc,mixed,Coastal,0.49999999999999994,-0.8660254037844387,-0.38221318043886504,94.89666666666665,55.098333333333336,143.42,15.19,-1.099711030158544,26.19666666666667,26.95,26.38,28.19,-0.652533119888382,0.4811,0.45618333333333333,0.5129,0.3872,-0.8092945433681273,0.29996666666666666,0.2849333333333333,0.3225,0.2395,,,,,,
003,2021,7,Kilifi,2021-07-01,103.41,24.34,chirps+openmeteo,0.548,0.3519,modis,123.29,wb_foodindex,,,611023,0.4636,hdx_knbs,25.0,,mixed,Coastal,1.2246467991473532e-16,-1.0,-0.0842124953176347,106.56333333333332,69.56000000000002,72.86,68.41,-1.4229292094590327,25.176666666666666,26.46166666666667,24.81,27.4,-0.16463507786773007,0.524,0.46708333333333335,0.5111,0.4193,-0.2976615372578534,0.33136666666666664,0.29486666666666667,0.3197,0.2577,,,,,,
003,2021,8,Kilifi,2021-08-01,67.52,24.66,chirps+openmeteo,0.468,0.2852,modis,123.29,wb_foodindex,,,611023,0.4636,hdx_knbs,25.0,,mixed,Coastal,-0.4999999999999997,-0.8660254037844388,-0.4425999559482476,81.26333333333332,78.46833333333335,103.41,143.42,-1.168586048818493,24.603333333333335,25.963333333333335,24.34,26.38,-1.0725516113010845,0.5090333333333333,0.4744166666666667,0.548,0.5129,-1.1988786517031684,0.31893333333333335,0.2960833333333333,0.3519,0.3225,,,,,,
003,2021,9,Kilifi,2021-09-01,37.1,25.31,chirps+openmeteo,0.421,0.2448,modis,123.29,wb_foodindex,,,611023,0.4636,hdx_knbs,25.0,,mixed,Coastal,-0.8660254037844385,-0.5000000000000004,-0.7168820758518822,69.34333333333332,82.12,67.52,72.86,-0.6747499482280733,24.77,25.483333333333334,24.66,24.81,-1.5068271837645895,0.47900000000000004,0.48005000000000003,0.468,0.5111,-1.6181624255996268,0.29396666666666665,0.29696666666666666,0.2852,0.3197,,,,,,
003,2021,10,Kilifi,2021-10-01,50.41,26.47,chirps+openmeteo,0.3725,0.2213,modis,123.29,wb_foodindex,,,611023,0.4636,hdx_knbs,25.0,fewsnet_ipc,mixed,Coastal,-1.0,-1.8369701987210297e-16,-0.5385882131456668,51.676666666666655,79.12,37.1,103.41,0.16890773169092535,25.48,25.328333333333333,25.31,24.34,-1.8176651758132834,0.42050000000000004,0.47225000000000006,0.421,0.548,-1.720407237217805,0.25043333333333334,0.2909,0.2448,0.3519,,,,,,
003,2021,11,Kilifi,2021-11-01,54.82,27.45,chirps+openmeteo,0.3465,0.205,modis,123.29,wb_foodindex,,,611023,0.4636,hdx_knbs,25.0,,mixed,Coastal,-0.8660254037844386,0.5000000000000001,-0.4262199070742402,47.44333333333333,64.35333333333334,50.41,67.52,0.8667995983610246,26.41,25.506666666666664,26.47,24.66,-1.8806743662914396,0.38000000000000006,0.44451666666666667,0.3725,0.468,-1.774569726518131,0.2237,0.27131666666666665,0.2213,0.2852,,,,,,
003,2021,12,Kilifi,2021-12-01,189.2,26.73,chirps+openmeteo,0.5065,0.3259,modis,123.29,wb_foodindex,,,611023,0.4636,hdx_knbs,25.0,,mixed,Coastal,-0.5000000000000004,0.8660254037844384,1.1303710412721724,98.14333333333332,83.74333333333334,54.82,37.1,0.3216909842928229,26.883333333333336,25.826666666666664,27.45,25.31,-0.16647463560937112,0.4084999999999999,0.4437499999999999,0.3465,0.421,-0.14914377166199078,0.2507333333333333,0.27235,0.205,0.2448,,,,,,
003,2022,1,Kilifi,2022-01-01,10.53,27.55,chirps+openmeteo,0.5396,0.363,modis,112.38,wb_foodindex,,,611023,0.4636,hdx_knbs,25.0,,mixed,Coastal,0.0,1.0,-0.9282197611476087,84.85,68.26333333333334,189.2,50.41,0.9341684059396097,27.243333333333336,26.361666666666665,26.73,26.47,0.23009301392183976,0.46419999999999995,0.44234999999999997,0.5065,0.3725,0.43677674657887045,0.29796666666666666,0.2742,0.3259,0.2213,,,,,,
003,2022,2,Kilifi,2022-02-01,10.45,27.83,chirps+openmeteo,0.4318,0.2737,modis,112.38,wb_foodindex,,,611023,0.4636,hdx_knbs,25.0,fewsnet_ipc,mixed,Coastal,0.49999999999999994,0.8660254037844387,-0.929243237728501,70.05999999999999,58.75166666666667,10.53,54.82,1.1499279087498047,27.37,26.89,27.55,27.45,-0.8884756746323608,0.4926333333333333,0.43631666666666663,0.5396,0.3465,-0.8013236006272616,0.3208666666666667,0.2722833333333333,0.363,0.205,,,,,,
003,2022,3,Kilifi,2022-03-01,23.2,28.15,chirps+openmeteo,0.3812,0.2293,modis,112.38,wb_foodindex,,,611023,0.4636,hdx_knbs,25.0,,mixed,Coastal,0.8660254037844386,0.5000000000000001,-0.7452530605596891,14.726666666666658,56.435,10.45,189.2,1.3996551529086467,27.843333333333334,27.36333333333333,27.83,26.73,-1.3174371420740032,0.4508666666666667,0.42968333333333336,0.4318,0.5065,-1.3302420384826843,0.2886666666666667,0.2697,0.2737,0.3259,,,,,,
003,2022,4,Kilifi,2022-04-01,111.2,27.5,chirps+openmeteo,0.3655,0.2265,modis,112.38,wb_foodindex,,,611023,0.4636,hdx_knbs,25.0,,mixed,Coastal,1.0,6.123233995736766e-17,0.5753316510481897,48.283333333333324,66.56666666666668,23.2,10.53,0.870790894695047,27.826666666666668,27.534999999999997,28.15,27.55,-1.3517281711583777,0.39283333333333337,0.42851666666666666,0.3812,0.5396,-1.2562279079955248,0.24316666666666667,0.2705666666666667,0.2293,0.363,,,,,,
003,2022,5,Kilifi,2022-05-01,201.4,26.53,chirps+openmeteo,0.4606,0.2996,modis,112.38,wb_foodindex,,,611023,0.4636,hdx_knbs,25.0,,mixed,Coastal,0.8660254037844387,-0.4999999999999998,2.0930225204725246,111.93333333333334,90.99666666666667,111.2,10.45,0.10807184929644717,27.393333333333334,27.381666666666664,27.5,27.83,-0.28790164645964367,0.40243333333333337,0.44753333333333334,0.3655,0.4318,-0.14569995260351212,0.2518,0.28633333333333333,0.2265,0.2737,,,,,,
003,2022,6,Kilifi,2022-06-01,100.55,24.95,chirps+openmeteo,0.5357,0.3614,modis,112.38,wb_foodindex,,,611023,0.4636,hdx_knbs,25.0,fewsnet_ipc,mixed,Coastal,0.49999999999999994,-0.8660254037844387,0.44590579733085745,137.71666666666667,76.22166666666668,201.4,23.2,-1.1050723457819027,26.326666666666664,27.085000000000004,26.53,28.15,0.7181553775179842,0.45393333333333336,0.45239999999999997,0.4606,0.3812,0.9214684055049522,0.29583333333333334,0.29225,0.2996,0.2293,,,,,,
003,2022,7,Kilifi,2022-07-01,160.99,23.76,chirps+openmeteo,0.6028,0.4023,modis,112.38,wb_foodindex,,,611023,0.4636,hdx_knbs,25.0,,mixed,Coastal,1.2246467991473532e-16,-1.0,1.4217417622786706,154.31333333333336,101.29833333333335,100.55,111.2,-1.9211388875413429,25.08,26.453333333333333,24.95,27.5,1.5651291009041994,0.5330333333333334,0.46293333333333336,0.5357,0.3655,1.6003779913092513,0.3544333333333333,0.2988,0.3614,0.2265,,,,,,
003,2022,8,Kilifi,2022-08-01,63.77,24.34,chirps+openmeteo,0.5412,0.3591,modis,112.38,wb_foodindex,,,611023,0.4636,hdx_knbs,25.0,,mixed,Coastal,-0.4999999999999997,-0.8660254037844388,-0.2295663576042831,108.43666666666667,110.185,160.99,201.4,-1.484951385382182,24.349999999999998,25.871666666666666,23.76,26.53,0.8284985854538037,0.5599,0.4811666666666667,0.6028,0.4606,0.943223302629956,0.3742666666666667,0.31303333333333333,0.4023,0.2996,,,,,,
003,2022,9,Kilifi,2022-09-01,34.13,25.17,chirps+openmeteo,0.4448,0.2826,modis,112.38,wb_foodindex,,,611023,0.4636,hdx_knbs,25.0,,mixed,Coastal,-0.8660254037844385,-0.5000000000000004,-0.7114201175461985,86.29666666666667,112.00666666666667,63.77,100.55,-0.8823877617054872,24.423333333333336,25.375,24.34,24.95,-0.3948759880982467,0.5296,0.49176666666666663,0.5412,0.5357,-0.3340181068716557,0.34800000000000003,0.32191666666666663,0.3591,0.3614,,,,,,
003,2022,10,Kilifi,2022-10-01,44.82,25.85,chirps+openmeteo,0.351,0.2253,modis,112.38,wb_foodindex,,,611023,0.4636,hdx_knbs,25.0,fewsnet_ipc,mixed,Coastal,-1.0,-1.8369701987210297e-16,-0.5249333730347467,47.57333333333333,100.94333333333334,34.13,160.99,-0.36619176943664006,25.12,25.099999999999998,25.17,23.76,-1.4792958408344803,0.44566666666666666,0.48934999999999995,0.4448,0.6028,-1.2103125805795982,0.289,0.32171666666666665,0.2826,0.4023,,,,,,
003,2022,11,Kilifi,2022-11-01,119.62,26.61,chirps+openmeteo,0.4177,0.2649,modis,112.38,wb_foodindex,,,611023,0.4636,hdx_knbs,25.0,,mixed,Coastal,-0.8660254037844386,0.5000000000000001,0.814236028020713,66.19,87.31333333333335,44.82,63.77,0.19008358377818987,25.876666666666665,25.113333333333333,25.85,24.34,-0.56964170988678,0.4045,0.48219999999999996,0.351,0.5412,-0.47974820983319544,0.2576,0.31593333333333334,0.2253,0.3591,,,,,,
003,2022,12,Kilifi,2022-12-01,36.6,27.46,chirps+openmeteo,0.4796,0.2984,modis,112.38,wb_foodindex,,,611023,0.4636,hdx_knbs,25.0,,mixed,Coastal,-0.5000000000000004,0.8660254037844384,-0.6396694053501958,67.01333333333334,76.65500000000002,119.62,34.13,0.8166504289747157,26.64,25.531666666666666,26.61,25.17,0.3293618653691864,0.41609999999999997,0.47285,0.4177,0.4448,0.18084015192377437,0.2628666666666667,0.30543333333333333,0.2649,0.2826,,,,,,
004,2019,1,Tana River,2019-01-01,29.51,28.27,chirps+openmeteo,0.4505,0.301,modis,107.28,wb_foodindex,63.0,fewsnet_prices,439082,0.6729,hdx_knbs,25.0,,mixed,Riversine / ASAL,0.0,1.0,,29.51,29.51,,,,28.27,28.27,,,,0.4505,0.4505,,,,0.301,0.301,,,,63.0,63.0,,,
004,2019,2,Tana River,2019-02-01,6.19,28.62,chirps+openmeteo,0.4145,0.285,modis,107.28,wb_foodindex,57.0,fewsnet_prices,439082,0.6729,hdx_knbs,25.0,fewsnet_ipc,mixed,Riversine / ASAL,0.49999999999999994,0.8660254037844387,,17.85,17.85,29.51,,,28.445,28.445,28.27,,,0.4325,0.4325,0.4505,,,0.293,0.293,0.301,,,60.0,60.0,63.0,,
004,2019,3,Tana River,2019-03-01,12.62,29.41,chirps+openmeteo,0.3988,0.2513,modis,107.28,wb_foodindex,52.0,fewsnet_prices,439082,0.6729,hdx_knbs,31.25,,mixed,Riversine / ASAL,0.8660254037844386,0.5000000000000001,,16.106666666666666,16.106666666666666,6.19,,,28.766666666666666,28.766666666666666,28.62,,,0.4212666666666667,0.4212666666666667,0.4145,,,0.27909999999999996,0.27909999999999996,0.285,,,57.333333333333336,57.333333333333336,57.0,,
004,2019,4,Tana River,2019-04-01,62.29,29.43,chirps+openmeteo,0.4438,0.2756,modis,107.28,wb_foodindex,50.5,fewsnet_prices,439082,0.6729,hdx_knbs,37.5,,mixed,Riversine / ASAL,1.0,6.123233995736766e-17,,27.03333333333333,27.6525,12.62,29.51,,29.153333333333336,28.9325,29.41,28.27,,0.4190333333333333,0.4269,0.3988,0.4505,,0.27063333333333334,0.278225,0.2513,0.301,,53.166666666666664,55.625,52.0,63.0,-19.84126984126984
004,2019,5,Tana River,2019-05-01,177.83,26.37,chirps+openmeteo,0.4524,0.2801,modis,107.28,wb_foodindex,50.0,fewsnet_prices,439082,0.6729,hdx_knbs,43.75,,mixed,Riversine / ASAL,0.8660254037844387,-0.4999999999999998,,84.24666666666667,57.688,62.29,6.19,,28.403333333333336,28.419999999999998,29.43,28.62,,0.43166666666666664,0.43200000000000005,0.4438,0.4145,,0.269,0.2786,0.2756,0.285,,50.833333333333336,54.5,50.5,57.0,-12.28070175438597
004,2019,6,Tana River,2019-06-01,49.97,26.41,chirps+openmeteo,0.5512,0.3586,modis,107.28,wb_foodindex,54.0,fewsnet_prices,439082,0.6729,hdx_knbs,50.0,fewsnet_ipc,mixed,Riversine / ASAL,0.49999999999999994,-0.8660254037844387,-0.10173915194501135,96.69666666666667,56.40166666666667,177.83,12.62,-1.2068205693931362,27.403333333333336,28.084999999999997,26.37,29.41,1.8674666250346115,0.48246666666666665,0.45186666666666664,0.4524,0.3988,1.830425502916434,0.3047666666666667,0.2919333333333333,0.2801,0.2513,-0.08462672235115808,51.5,54.416666666666664,50.0,52.0,3.8461538461538547
004,2019,7,Tana River,2019-07-01,66.6,25.95,chirps+openmeteo,0.5055,0.3056,modis,107.28,wb_foodindex,52.5,fewsnet_prices,439082,0.6729,hdx_knbs,50.0,,mixed,Riversine / ASAL,1.2246467991473532e-16,-1.0,0.15113706911719035,98.13333333333333,62.583333333333336,49.97,62.29,-1.218241586757265,26.24333333333333,27.698333333333334,26.41,29.43,0.873673329699296,0.5030333333333333,0.46103333333333335,0.5512,0.4438,0.34815335586987883,0.31476666666666664,0.2927,0.3586,0.2756,-0.36086109100897157,52.166666666666664,52.666666666666664,54.0,50.5,3.960396039603964
004,2019,8,Tana River,2019-08-01,34.02,25.85,chirps+openmeteo,0.4733,0.28,modis,107.28,wb_foodindex,57.5,fewsnet_prices,439082,0.6729,hdx_knbs,50.0,,mixed,Riversine / ASAL,-0.4999999999999997,-0.8660254037844388,-0.3848010321070761,50.196666666666665,67.22166666666668,66.6,177.83,-1.0901390004672245,26.070000000000004,27.236666666666665,25.95,26.37,0.24612919120539253,0.51,0.4708333333333334,0.5055,0.4524,-0.3852804774982158,0.3147333333333333,0.29186666666666666,0.3056,0.2801,0.6708420854484664,54.666666666666664,52.75,52.5,50.0,14.999999999999991
004,2019,9,Tana River,2019-09-01,35.77,26.16,chirps+openmeteo,0.4159,0.2651,modis,107.28,wb_foodindex,51.0,fewsnet_prices,439082,0.6729,hdx_knbs,50.0,,mixed,Riversine / ASAL,-0.8660254037844385,-0.5000000000000004,-0.3323715386717786,45.46333333333333,71.08,34.02,49.97,-0.8061813911774973,25.986666666666668,26.694999999999997,25.85,26.41,-0.8358713037843196,0.4648999999999999,0.4736833333333334,0.4733,0.5512,-0.7794997724675655,0.2835666666666667,0.2941666666666667,0.28,0.3586,-0.7425331502300283,53.666666666666664,52.583333333333336,57.5,54.0,-5.555555555555558
004,2019,10,Tana River,2019-10-01,230.62,26.15,chirps+openmeteo,0.5574,0.3753,modis,107.28,wb_foodindex,45.0,fewsnet_prices,439082,0.6729,hdx_knbs,50.0,fewsnet_ipc,mixed,Riversine / ASAL,-1.0,-1.8369701987210297e-16,2.161435608139388,100.13666666666666,99.13499999999999,35.77,66.6,-0.7485399614812145,26.05333333333333,26.148333333333337,26.16,25.95,1.637968450201161,0.4822,0.4926166666666667,0.4159,0.5055,1.9457898284985498,0.3068,0.31078333333333336,0.2651,0.3056,-1.6643945318692392,51.166666666666664,51.666666666666664,51.0,52.5,-14.28571428571429
004,2019,11,Tana River,2019-11-01,211.52,26.84,chirps+openmeteo,0.6685,0.4566,modis,107.28,wb_foodindex,54.0,fewsnet_prices,439082,0.6729,hdx_knbs,50.0,,mixed,Riversine / ASAL,-0.8660254037844386,0.5000000000000001,1.5607080638402064,159.30333333333334,104.75,230.62,34.02,-0.27111024212856305,26.383333333333336,26.22666666666667,26.15,25.85,2.2800208608400427,0.5472666666666667,0.5286333333333333,0.5574,0.4733,2.36661533526088,0.36566666666666664,0.3402,0.3753,0.28,0.14482651163605195,50.0,52.333333333333336,45.0,57.5,-6.086956521739129
004,2019,12,Tana River,2019-12-01,144.25,27.49,chirps+openmeteo,0.687,0.4739,modis,107.28,wb_foodindex,66.0,fewsnet_prices,439082,0.6729,hdx_knbs,50.0,,mixed,Riversine / ASAL,-0.5000000000000004,0.8660254037844384,0.6955875274253815,195.46333333333334,120.46333333333332,211.52,35.77,0.18067777284143385,26.826666666666668,26.406666666666666,26.84,26.16,1.9210701222130906,0.6376333333333334,0.5512666666666667,0.6685,0.4159,1.9872545820613563,0.4352666666666667,0.35941666666666666,0.4566,0.2651,2.006962900672059,55.0,54.333333333333336,54.0,51.0,29.41176470588236
004,2020,1,Tana River,2020-01-01,55.77,28.21,chirps+openmeteo,0.6304,0.4218,modis,125.82,wb_foodindex,69.0,fewsnet_prices,439082,0.6729,hdx_knbs,50.0,,mixed,Riversine / ASAL,0.0,1.0,-0.3897308720661999,137.17999999999998,118.65833333333335,144.25,230.62,0.673627352541551,27.513333333333332,26.78333333333333,27.49,26.15,1.2002264871901673,0.6619666666666667,0.5720833333333334,0.687,0.5574,1.1640386686432524,0.4507666666666667,0.3787833333333333,0.4739,0.3753,1.9648275292682869,63.0,57.083333333333336,66.0,45.0,53.33333333333334
004,2020,2,Tana River,2020-02-01,8.11,28.49,chirps+openmeteo,0.5248,0.3647,modis,125.82,wb_foodindex,53.0,fewsnet_prices,439082,0.6729,hdx_knbs,50.0,fewsnet_ipc,mixed,Riversine / ASAL,0.49999999999999994,0.8660254037844387,-0.936145111252557,69.37666666666665,114.33999999999999,55.77,211.52,0.831034754209609,28.063333333333333,27.223333333333333,28.21,26.84,0.12986567711628175,0.6140666666666666,0.5806666666666667,0.6304,0.6685,0.39840527993642544,0.4201333333333333,0.3929,0.4218,0.4566,-0.3498756943830104,62.666666666666664,56.333333333333336,69.0,54.0,-1.851851851851849
004,2020,3,Tana River,2020-03-01,87.48,29.2,chirps+openmeteo,0.5338,0.3537,modis,125.82,wb_foodindex,51.0,fewsnet_prices,439082,0.6729,hdx_knbs,50.0,,mixed,Riversine / ASAL,0.8660254037844386,0.5000000000000001,0.08929728846591166,50.453333333333326,122.95833333333333,8.11,144.25,1.248967033618692,28.633333333333336,27.73,28.49,27.49,0.21689722219997767,0.5630000000000001,0.6003166666666667,0.5248,0.687,0.24082750358563396,0.3800666666666667,0.4076666666666667,0.3647,0.4739,-0.621441561928274,57.666666666666664,56.333333333333336,53.0,66.0,-22.72727272727273
004,2020,4,Tana River,2020-04-01,196.09,27.71,chirps+openmeteo,0.6303,0.4119,modis,125.82,wb_foodindex,49.0,fewsnet_prices,439082,0.6729,hdx_knbs,50.0,,mixed,Riversine / ASAL,1.0,6.123233995736766e-17,1.3953910454066139,97.22666666666665,117.20333333333333,87.48,55.77,0.13484751148820298,28.466666666666665,27.99,29.2,28.21,1.167664610988476,0.5629666666666667,0.6124666666666667,0.5338,0.6304,0.9904678321147535,0.3767666666666667,0.41376666666666667,0.3537,0.4218,-0.8770631676995942,51.0,57.0,51.0,69.0,-28.985507246376805
004,2020,5,Tana River,2020-05-01,106.98,26.17,chirps+openmeteo,0.6167,0.4063,modis,125.82,wb_foodindex,53.25,,439082,0.6729,hdx_knbs,50.0,,mixed,Riversine / ASAL,0.8660254037844387,-0.4999999999999998,0.23731376883621977,130.1833333333333,99.78000000000002,196.09,8.11,-0.9886664026139397,27.69333333333333,27.87833333333333,27.71,28.49,0.9625687948660407,0.5936,0.6038333333333333,0.6303,0.5248,0.8641894510123951,0.39063333333333333,0.4053833333333334,0.4119,0.3647,-0.2116427352164099,51.083333333333336,56.875,49.0,53.0,0.4716981132075526
004,2020,6,Tana River,2020-06-01,58.23,25.92,chirps+openmeteo,0.5967,0.3741,modis,125.82,wb_foodindex,57.5,,439082,0.6729,hdx_knbs,50.0,fewsnet_ipc,mixed,Riversine / ASAL,0.49999999999999994,-0.8660254037844387,-0.3987938490909975,120.43333333333332,85.44333333333334,106.98,87.48,-1.105174124397832,26.599999999999998,27.61666666666667,26.17,29.2,0.7169509871304489,0.6145666666666667,0.5887833333333333,0.6167,0.5338,0.3967795950135079,0.3974333333333333,0.38875,0.4063,0.3537,0.45265344525642764,53.25,55.458333333333336,53.25,51.0,12.745098039215685
004,2020,7,Tana River,2020-07-01,73.91,25.84,chirps+openmeteo,0.5002,0.3163,modis,125.82,wb_foodindex,61.75,,439082,0.6729,hdx_knbs,43.75,,mixed,Riversine / ASAL,1.2246467991473532e-16,-1.0,-0.1798729990118039,79.70666666666666,88.46666666666665,58.23,196.09,-1.0960499766433645,25.97666666666667,27.221666666666668,25.92,27.71,-0.3210602137861908,0.5712,0.5670833333333333,0.5967,0.6303,-0.42684527512341003,0.36556666666666665,0.37116666666666664,0.3741,0.4119,1.0807550331352398,57.5,54.25,57.5,49.0,26.020408163265294
004,2020,8,Tana River,2020-08-01,28.65,25.45,chirps+openmeteo,0.4652,0.3007,modis,125.82,wb_foodindex,66.0,fewsnet_prices,439082,0.6729,hdx_knbs,37.5,,mixed,Riversine / ASAL,-0.4999999999999997,-0.8660254037844388,-0.7820530539657546,53.596666666666664,91.89,73.91,106.98,-1.2932877521447843,25.736666666666668,26.715,25.84,26.17,-0.6846377966456763,0.5207,0.55715,0.5002,0.6167,-0.6350649869657682,0.3303666666666667,0.3605,0.3163,0.4063,1.6018898206721477,61.75,56.416666666666664,61.75,53.25,23.943661971830977
004,2020,9,Tana River,2020-09-01,29.57,26.07,chirps+openmeteo,0.4429,0.282,modis,125.82,wb_foodindex,56.0,fewsnet_prices,439082,0.6729,hdx_knbs,31.25,,mixed,Riversine / ASAL,-0.8660254037844385,-0.5000000000000004,-0.740523064054796,44.04333333333332,82.23833333333333,28.65,58.23,-0.8013603230301395,25.786666666666665,26.19333333333333,25.45,25.92,-0.8954986034835885,0.46943333333333337,0.5419999999999999,0.4652,0.5967,-0.8773592488138139,0.2996666666666667,0.34854999999999997,0.3007,0.3741,0.05292700231051333,61.25,57.25,66.0,57.5,-2.608695652173909
004,2020,10,Tana River,2020-10-01,18.89,27.44,chirps+openmeteo,0.4377,0.2749,modis,125.82,wb_foodindex,53.0,fewsnet_prices,439082,0.6729,hdx_knbs,25.0,fewsnet_ipc,mixed,Riversine / ASAL,-1.0,-1.8369701987210297e-16,-0.8578475378874845,25.703333333333322,52.705000000000005,29.57,73.91,0.21639408354885084,26.320000000000004,26.14833333333333,26.07,25.84,-0.9139051871423848,0.44860000000000005,0.5098999999999999,0.4429,0.5002,-0.9416984834301698,0.28586666666666666,0.32571666666666665,0.282,0.3163,-0.41239026986931854,58.333333333333336,57.916666666666664,56.0,61.75,-14.17004048582996
004,2020,11,Tana River,2020-11-01,120.99,27.35,chirps+openmeteo,0.5918,0.3905,modis,125.82,wb_foodindex,46.0,fewsnet_prices,439082,0.6729,hdx_knbs,31.25,,mixed,Riversine / ASAL,-0.8660254037844386,0.5000000000000001,0.5958997029500173,56.48333333333332,55.04,18.89,28.65,0.14445326864277303,26.953333333333333,26.345000000000002,27.44,25.45,0.8080243578811416,0.49079999999999996,0.50575,0.4377,0.4652,0.7820289941082241,0.3158,0.32308333333333333,0.2749,0.3007,-1.4377513548113678,51.666666666666664,56.708333333333336,53.0,66.0,-30.303030303030297
004,2020,12,Tana River,2020-12-01,48.32,28.01,chirps+openmeteo,0.5421,0.3517,modis,125.82,wb_foodindex,45.0,fewsnet_prices,439082,0.6729,hdx_knbs,37.5,,mixed,Riversine / ASAL,-0.5000000000000004,0.8660254037844384,-0.4555978560458781,62.73333333333333,53.38833333333334,120.99,29.57,0.6410526068808521,27.600000000000005,26.69333333333333,27.35,26.07,0.23351438904843547,0.5238666666666667,0.49665000000000004,0.5918,0.4429,0.18489887245971898,0.33903333333333335,0.31935,0.3905,0.282,-1.4830709288330863,48.0,54.625,46.0,56.0,-19.64285714285714
004,2021,1,Tana River,2021-01-01,9.53,28.03,chirps+openmeteo,0.4549,0.2859,modis,123.29,wb_foodindex,43.0,fewsnet_prices,439082,0.6729,hdx_knbs,43.75,,mixed,Riversine / ASAL,0.0,1.0,-1.0092661785862884,59.61333333333332,42.65833333333333,48.32,18.89,0.6689988219423193,27.796666666666667,27.058333333333334,28.01,27.44,-0.7903193218191512,0.5296000000000001,0.48910000000000003,0.5421,0.4377,-0.8269699136466576,0.3427,0.31428333333333336,0.3517,0.2749,-1.6193900327256265,44.666666666666664,51.5,45.0,53.0,-18.867924528301884
004,2021,2,Tana River,2021-02-01,6.31,28.37,chirps+openmeteo,0.4454,0.2871,modis,123.29,wb_foodindex,41.5,fewsnet_prices,439082,0.6729,hdx_knbs,50.0,fewsnet_ipc,mixed,Riversine / ASAL,0.49999999999999994,0.8660254037844387,-1.0568258319093955,21.38666666666666,38.934999999999995,9.53,120.99,0.9569079611258557,28.136666666666667,27.545,28.03,27.35,-0.9329225425917186,0.48080000000000006,0.4858,0.4549,0.5918,-0.810667607884373,0.30823333333333336,0.31201666666666666,0.2859,0.3905,-1.6440844070555864,43.166666666666664,47.416666666666664,43.0,46.0,-9.782608695652172
004,2021,3,Tana River,2021-03-01,13.97,28.78,chirps+openmeteo,0.3851,0.2664,modis,123.29,wb_foodindex,43.0,fewsnet_prices,439082,0.6729,hdx_knbs,50.0,,mixed,Riversine / ASAL,0.8660254037844386,0.5000000000000001,-0.9456654944289905,9.936666666666662,36.335,6.31,48.32,1.3547919276608065,28.393333333333334,27.99666666666667,28.37,28.01,-1.6273557600341415,0.4284666666666667,0.4761666666666667,0.4454,0.5421,-1.15665754172007,0.2798,0.3094166666666667,0.2871,0.3517,-1.325927055977832,42.5,45.25,41.5,45.0,-4.444444444444439
004,2021,4,Tana River,2021-04-01,62.26,28.42,chirps+openmeteo,0.4895,0.303,modis,123.29,wb_foodindex,45.5,fewsnet_prices,439082,0.6729,hdx_knbs,50.0,,mixed,Riversine / ASAL,1.0,6.123233995736766e-17,-0.2341453775075581,27.513333333333332,43.56333333333333,13.97,9.53,1.1548474990987052,28.52333333333333,28.160000000000007,28.78,28.03,-0.42496273810928165,0.43999999999999995,0.48480000000000006,0.3851,0.4549,-0.608284714265076,0.28550000000000003,0.3141,0.2664,0.2859,-0.9440204606624043,43.333333333333336,44.0,43.0,43.0,5.813953488372103
004,2021,5,Tana River,2021-05-01,59.94,27.39,chirps+openmeteo,0.5011,0.3067,modis,123.29,wb_foodindex,42.5,fewsnet_prices,439082,0.6729,hdx_knbs,50.0,,mixed,Riversine / ASAL,0.8660254037844387,-0.4999999999999998,-0.20610922757201688,45.38999999999999,33.38833333333333,62.26,6.31,0.21001014947354027,28.19666666666667,28.166666666666668,28.42,28.37,-0.3149705336805978,0.4585666666666666,0.4696833333333334,0.4895,0.4454,-0.5751410814640713,0.2920333333333333,0.3001333333333333,0.303,0.2871,-1.2552512085459095,43.666666666666664,43.416666666666664,45.5,41.5,2.4096385542168752
004,2021,6,Tana River,2021-06-01,63.76,25.8,chirps+openmeteo,0.4654,0.2791,modis,123.29,wb_foodindex,43.0,fewsnet_prices,439082,0.6729,hdx_knbs,50.0,fewsnet_ipc,mixed,Riversine / ASAL,0.49999999999999994,-0.8660254037844387,-0.15618883249383736,61.98666666666666,35.961666666666666,59.94,13.97,-1.1582758858844682,27.203333333333333,27.798333333333336,27.39,28.78,-0.6995212279526446,0.48533333333333334,0.45690000000000003,0.5011,0.3851,-0.9501073035691465,0.2962666666666667,0.2880333333333333,0.3067,0.2664,-1.1023763075258215,43.666666666666664,43.083333333333336,42.5,43.0,0.0
004,2021,7,Tana River,2021-07-01,47.93,25.48,chirps+openmeteo,0.4166,0.2515,modis,123.29,wb_foodindex,44.0,fewsnet_prices,439082,0.6729,hdx_knbs,50.0,,mixed,Riversine / ASAL,1.2246467991473532e-16,-1.0,-0.3887901296750435,57.21,42.36166666666667,63.76,62.26,-1.390167428229921,26.223333333333333,27.373333333333335,25.8,28.42,-1.2031578833036611,0.46103333333333335,0.4505166666666667,0.4654,0.4895,-1.3076766696083535,0.2791,0.2823,0.2791,0.303,-0.9163324582919233,43.166666666666664,43.25,43.0,45.5,-3.296703296703296
004,2021,8,Tana River,2021-08-01,26.41,25.53,chirps+openmeteo,0.3877,0.2283,modis,123.29,wb_foodindex,51.0,fewsnet_prices,439082,0.6729,hdx_knbs,50.0,,mixed,Riversine / ASAL,-0.4999999999999997,-0.8660254037844388,-0.7147187407352761,46.03333333333333,45.711666666666666,47.93,59.94,-1.3174071147483437,25.603333333333335,26.900000000000002,25.48,27.39,-1.4365071826015985,0.42323333333333335,0.4409,0.4166,0.5011,-1.5647882610485688,0.2529666666666666,0.2725,0.2515,0.3067,-0.030832595110047704,46.0,44.833333333333336,44.0,42.5,19.999999999999996
004,2021,9,Tana River,2021-09-01,18.7,26.1,chirps+openmeteo,0.3799,0.2167,modis,123.29,wb_foodindex,51.0,fewsnet_prices,439082,0.6729,hdx_knbs,50.0,,mixed,Riversine / ASAL,-0.8660254037844385,-0.5000000000000004,-0.8162486376177286,31.013333333333332,46.5,26.41,63.76,-0.8342520646789947,25.703333333333337,26.453333333333333,25.53,25.8,-1.4734581602634245,0.3947333333333333,0.44003333333333333,0.3877,0.4654,-1.6381214343001598,0.23216666666666666,0.26421666666666666,0.2283,0.2791,-0.030832595110047704,48.666666666666664,46.166666666666664,51.0,43.0,18.60465116279071
004,2021,10,Tana River,2021-10-01,13.55,27.15,chirps+openmeteo,0.3361,0.2066,modis,123.29,wb_foodindex,50.35,fewsnet_prices,439082,0.6729,hdx_knbs,50.0,fewsnet_ipc,mixed,Riversine / ASAL,-1.0,-1.8369701987210297e-16,-0.8688291563816287,19.553333333333327,38.38166666666667,18.7,47.93,0.012781014642114544,26.26,26.24166666666667,26.1,25.48,-1.7299516320446529,0.36789999999999995,0.4144666666666666,0.3799,0.4166,-1.5949193643456296,0.21719999999999998,0.24814999999999998,0.2167,0.2515,-0.1403321783575801,50.78333333333333,46.975,51.0,44.0,14.43181818181818
004,2021,11,Tana River,2021-11-01,49.48,28.16,chirps+openmeteo,0.3519,0.2165,modis,123.29,wb_foodindex,50.0,fewsnet_prices,439082,0.6729,hdx_knbs,50.0,,mixed,Riversine / ASAL,-0.8660254037844386,0.5000000000000001,-0.1423785517113088,27.24333333333333,36.638333333333335,13.55,26.41,0.8151222964460616,27.136666666666667,26.37,27.15,25.53,-1.45777715385109,0.3559666666666667,0.3896,0.3361,0.3877,-1.3699492885573685,0.2132666666666667,0.23311666666666667,0.2066,0.2283,-0.1635148831432806,50.449999999999996,48.225,50.35,51.0,-1.9607843137254943
004,2021,12,Tana River,2021-12-01,215.52,26.95,chirps+openmeteo,0.5542,0.3509,modis,123.29,wb_foodindex,50.0,fewsnet_prices,439082,0.6729,hdx_knbs,50.0,,mixed,Riversine / ASAL,-0.5000000000000004,0.8660254037844384,2.857842900265375,92.85000000000001,61.93166666666667,49.48,18.7,-0.18289739364383753,27.419999999999998,26.561666666666667,28.16,26.1,0.7669226234721815,0.41406666666666664,0.40440000000000004,0.3519,0.3799,0.6301505028705077,0.258,0.24508333333333332,0.2165,0.2167,-0.08700370337315946,50.11666666666667,49.39166666666667,50.0,51.0,-1.9607843137254943
004,2022,1,Tana River,2022-01-01,8.82,28.53,chirps+openmeteo,0.5997,0.4007,modis,112.38,wb_foodindex,61.0,fewsnet_prices,439082,0.6729,hdx_knbs,50.0,,mixed,Riversine / ASAL,0.0,1.0,-0.8696000976763774,91.27333333333333,55.413333333333334,215.52,13.55,1.1214078708951114,27.88,27.070000000000004,26.95,27.15,1.3281312806572358,0.5019333333333333,0.4349166666666667,0.5542,0.3361,1.449680789900968,0.3227,0.26994999999999997,0.3509,0.2066,1.6133423148402002,53.666666666666664,52.225,50.0,50.35,21.1519364448858
004,2022,2,Tana River,2022-02-01,9.35,28.65,chirps+openmeteo,0.4889,0.3082,modis,112.38,wb_foodindex,61.0,fewsnet_prices,439082,0.6729,hdx_knbs,50.0,fewsnet_ipc,mixed,Riversine / ASAL,0.49999999999999994,0.8660254037844387,-0.8617346402878494,77.89666666666666,52.57,8.82,49.48,1.2075924832126963,28.043333333333333,27.59,28.53,28.16,0.05827699903344104,0.5476000000000001,0.45178333333333337,0.5997,0.3519,0.01825593788701646,0.3532666666666667,0.28326666666666667,0.4007,0.2165,1.4880494355347165,57.333333333333336,53.89166666666667,61.0,50.0,21.999999999999996
004,2022,3,Tana River,2022-03-01,14.7,28.82,chirps+openmeteo,0.401,0.2466,modis,112.38,wb_foodindex,62.0,fewsnet_prices,439082,0.6729,hdx_knbs,56.25,,mixed,Riversine / ASAL,0.8660254037844386,0.5000000000000001,-0.7076420175014427,10.956666666666656,51.903333333333336,9.35,215.52,1.3899970718675718,28.666666666666668,28.043333333333333,28.65,26.95,-0.893728467235742,0.49653333333333327,0.4553,0.4889,0.5542,-0.9003965381049097,0.3185,0.28824999999999995,0.3082,0.3509,1.4854901203740598,61.333333333333336,55.725,61.0,50.0,24.0
004,2022,4,Tana River,2022-04-01,64.91,28.45,chirps+openmeteo,0.3953,0.2503,modis,112.38,wb_foodindex,64.0,fewsnet_prices,439082,0.6729,hdx_knbs,62.5,,mixed,Riversine / ASAL,1.0,6.123233995736766e-17,0.34224209778460685,29.65333333333332,60.46333333333334,14.7,8.82,1.0311303034704271,28.64,28.26,28.82,28.53,-0.8958463377358078,0.42840000000000006,0.4651666666666667,0.401,0.5997,-0.7791260774022414,0.26836666666666664,0.29553333333333337,0.2466,0.4007,1.5783988375114923,62.333333333333336,58.0,62.0,61.0,4.918032786885251
004,2022,5,Tana River,2022-05-01,140.55,27.38,chirps+openmeteo,0.4636,0.29,modis,112.38,wb_foodindex,72.0,fewsnet_prices,439082,0.6729,hdx_knbs,68.75,,mixed,Riversine / ASAL,0.8660254037844387,-0.4999999999999998,1.830076554565171,73.38666666666666,75.64166666666667,64.91,9.35,0.10679370758274111,28.21666666666667,28.13,28.45,28.65,0.01849382374286092,0.41996666666666665,0.4837833333333334,0.3953,0.4889,-0.019215772923065127,0.2623,0.3077833333333333,0.2503,0.3082,2.212602235807811,66.0,61.666666666666664,64.0,61.0,18.032786885245898
004,2022,6,Tana River,2022-06-01,58.38,26.02,chirps+openmeteo,0.5005,0.3081,modis,112.38,wb_foodindex,72.0,fewsnet_prices,439082,0.6729,hdx_knbs,75.0,fewsnet_ipc,mixed,Riversine / ASAL,0.49999999999999994,-0.8660254037844387,0.16598116018947082,87.94666666666666,49.451666666666675,140.55,14.7,-1.0437014279080934,27.28333333333333,27.974999999999998,27.38,28.82,0.6008551936680392,0.45313333333333333,0.4748333333333333,0.4636,0.401,0.3907336465340917,0.2828,0.30065000000000003,0.29,0.2466,1.9621633516246795,69.33333333333333,65.33333333333333,72.0,62.0,16.129032258064523
004,2022,7,Tana River,2022-07-01,57.09,24.81,chirps+openmeteo,0.4663,0.2809,modis,112.38,wb_foodindex,91.0,fewsnet_prices,439082,0.6729,hdx_knbs,75.0,,mixed,Riversine / ASAL,1.2246467991473532e-16,-1.0,0.1547795293687905,85.33999999999999,57.49666666666667,58.38,64.91,-1.9150625802723518,26.069999999999997,27.355,26.02,28.45,0.13621462394843048,0.47679999999999995,0.45259999999999995,0.5005,0.3953,-0.11716805639830859,0.293,0.28068333333333334,0.3081,0.2503,2.991079578677157,78.33333333333333,70.33333333333333,72.0,64.0,42.1875
004,2022,8,Tana River,2022-08-01,26.73,25.14,chirps+openmeteo,0.4281,0.2634,modis,112.38,wb_foodindex,88.0,fewsnet_prices,439082,0.6729,hdx_knbs,75.0,,mixed,Riversine / ASAL,-0.4999999999999997,-0.8660254037844388,-0.4609403969335673,47.4,60.39333333333334,57.09,140.55,-1.6156927857156984,25.323333333333334,26.77,24.81,27.38,-0.387230412707709,0.4649666666666666,0.4424666666666666,0.4663,0.4636,-0.4325155337235229,0.2841333333333333,0.27321666666666666,0.2809,0.29,2.3589237307354156,83.66666666666667,74.83333333333333,91.0,72.0,22.222222222222232
004,2022,9,Tana River,2022-09-01,15.7,25.77,chirps+openmeteo,0.3588,0.2305,modis,112.38,wb_foodindex,93.0,fewsnet_prices,439082,0.6729,hdx_knbs,75.0,,mixed,Riversine / ASAL,-0.8660254037844385,-0.5000000000000004,-0.6690341140342447,33.173333333333325,60.56,26.73,58.38,-1.1008830030074657,25.24,26.26166666666667,25.14,26.02,-1.2769865047631583,0.41773333333333335,0.43543333333333334,0.4281,0.5005,-1.0166740732106252,0.2582666666666667,0.27053333333333335,0.2634,0.3081,2.2799540145441393,90.66666666666667,80.0,88.0,72.0,29.166666666666675
004,2022,10,Tana River,2022-10-01,20.66,26.49,chirps+openmeteo,0.2857,0.1815,modis,112.38,wb_foodindex,96.0,fewsnet_prices,439082,0.6729,hdx_knbs,75.0,fewsnet_ipc,mixed,Riversine / ASAL,-1.0,-1.8369701987210297e-16,-0.5708655410588672,21.02999999999999,53.18500000000001,15.7,57.09,-0.5089073715795842,25.8,25.935,25.77,24.81,-1.9893575717456484,0.3575333333333333,0.41716666666666663,0.3588,0.4663,-1.7529087279354079,0.22513333333333332,0.25906666666666667,0.2305,0.2809,2.1079199608667056,92.33333333333333,85.33333333333333,93.0,91.0,5.494505494505497
004,2022,11,Tana River,2022-11-01,110.17,26.73,chirps+openmeteo,0.4676,0.3055,modis,112.38,wb_foodindex,88.0,fewsnet_prices,439082,0.6729,hdx_knbs,75.0,,mixed,Riversine / ASAL,-0.8660254037844386,0.5000000000000001,1.2641481346825347,48.84333333333333,48.12166666666667,20.66,26.73,-0.30320311195549926,26.33,25.826666666666668,26.49,25.14,0.3689219304659007,0.37070000000000003,0.4178333333333333,0.2857,0.4281,0.5866054626720988,0.23916666666666667,0.26165,0.1815,0.2634,1.494736678011006,92.33333333333333,88.0,96.0,88.0,0.0
004,2022,12,Tana River,2022-12-01,26.79,27.86,chirps+openmeteo,0.5246,0.3387,modis,112.38,wb_foodindex,97.0,fewsnet_prices,439082,0.6729,hdx_knbs,75.0,,mixed,Riversine / ASAL,-0.5000000000000004,0.8660254037844384,-0.423464244483327,52.53999999999999,42.85666666666666,110.17,15.7,0.5744982046287946,27.026666666666667,26.13333333333333,26.73,25.77,1.1620254642902788,0.42596666666666666,0.42185000000000006,0.4676,0.3588,1.269674217776082,0.2752333333333333,0.26675,0.3055,0.2305,1.7560626291115238,93.66666666666667,92.16666666666667,88.0,93.0,4.3010752688172005
005,2019,1,Lamu,2019-01-01,12.86,27.2,chirps+openmeteo,0.5231,0.3344,modis,107.28,wb_foodindex,51.5,fewsnet_prices,160948,0.3026,hdx_knbs,25.0,,mixed,Coastal / Arid ASAL,0.0,1.0,,12.86,12.86,,,,27.2,27.2,,,,0.5231,0.5231,,,,0.3344,0.3344,,,,51.5,51.5,,,
005,2019,2,Lamu,2019-02-01,2.94,27.49,chirps+openmeteo,0.5034,0.3114,modis,107.28,wb_foodindex,54.0,fewsnet_prices,160948,0.3026,hdx_knbs,25.0,fewsnet_ipc,mixed,Coastal / Arid ASAL,0.49999999999999994,0.8660254037844387,,7.8999999999999995,7.8999999999999995,12.86,,,27.345,27.345,27.2,,,0.51325,0.51325,0.5231,,,0.32289999999999996,0.32289999999999996,0.3344,,,52.75,52.75,51.5,,
005,2019,3,Lamu,2019-03-01,9.36,28.24,chirps+openmeteo,0.4766,0.279,modis,107.28,wb_foodindex,56.0,fewsnet_prices,160948,0.3026,hdx_knbs,25.0,,mixed,Coastal / Arid ASAL,0.8660254037844386,0.5000000000000001,,8.386666666666665,8.386666666666665,2.94,,,27.64333333333333,27.64333333333333,27.49,,,0.5010333333333333,0.5010333333333333,0.5034,,,0.3082666666666667,0.3082666666666667,0.3114,,,53.833333333333336,53.833333333333336,54.0,,
005,2019,4,Lamu,2019-04-01,41.84,28.73,chirps+openmeteo,0.4973,0.2801,modis,107.28,wb_foodindex,56.0,fewsnet_prices,160948,0.3026,hdx_knbs,25.0,,mixed,Coastal / Arid ASAL,1.0,6.123233995736766e-17,,18.046666666666667,16.75,9.36,12.86,,28.153333333333332,27.915,28.24,27.2,,0.49243333333333333,0.5001,0.4766,0.5231,,0.2901666666666667,0.301225,0.279,0.3344,,55.333333333333336,54.375,56.0,51.5,8.737864077669899
005,2019,5,Lamu,2019-05-01,323.0,26.55,chirps+openmeteo,0.5189,0.3091,modis,107.28,wb_foodindex,55.0,fewsnet_prices,160948,0.3026,hdx_knbs,25.0,,mixed,Coastal / Arid ASAL,0.8660254037844387,-0.4999999999999998,,124.73333333333333,78.0,41.84,2.94,,27.84,27.642000000000003,28.73,27.49,,0.4976,0.5038600000000001,0.4973,0.5034,,0.28940000000000005,0.3028,0.2801,0.3114,,55.666666666666664,54.5,56.0,54.0,1.85185185185186
005,2019,6,Lamu,2019-06-01,57.67,26.2,chirps+openmeteo,0.6668,0.4255,modis,107.28,wb_foodindex,47.0,fewsnet_prices,160948,0.3026,hdx_knbs,25.0,fewsnet_ipc,mixed,Coastal / Arid ASAL,0.49999999999999994,-0.8660254037844387,-0.13717553672901064,140.83666666666667,74.61166666666666,323.0,9.36,-1.2413960422867807,27.16,27.401666666666667,26.55,28.24,1.9802972560565633,0.561,0.5310166666666667,0.5189,0.4766,1.8832126211077218,0.33823333333333333,0.32325,0.3091,0.279,-1.7912059879227826,52.666666666666664,53.25,55.0,56.0,-16.07142857142857
005,2019,7,Lamu,2019-07-01,85.86,25.49,chirps+openmeteo,0.6805,0.4426,modis,107.28,wb_foodindex,48.0,fewsnet_prices,160948,0.3026,hdx_knbs,31.25,,mixed,Coastal / Arid ASAL,1.2246467991473532e-16,-1.0,0.0854562796698154,155.51,86.77833333333332,57.67,41.84,-1.4355140746410067,26.08,27.11666666666667,26.2,28.73,1.5195303551693213,0.6220666666666667,0.55725,0.6668,0.4973,1.5264259538300173,0.3924,0.3412833333333333,0.4255,0.2801,-1.1991120975476843,50.0,52.666666666666664,47.0,56.0,-14.28571428571429
005,2019,8,Lamu,2019-08-01,30.25,25.31,chirps+openmeteo,0.6213,0.3989,modis,107.28,wb_foodindex,50.0,fewsnet_prices,160948,0.3026,hdx_knbs,37.5,,mixed,Coastal / Arid ASAL,-0.4999999999999997,-0.8660254037844388,-0.3804965037351353,57.92666666666667,91.33,85.86,323.0,-1.286372059671074,25.666666666666668,26.75333333333333,25.49,26.55,0.7374825296832671,0.6562,0.5769000000000001,0.6805,0.5189,0.783836662130869,0.4223333333333333,0.3558666666666667,0.4426,0.3091,-0.6101705442643702,48.333333333333336,52.0,48.0,55.0,-9.090909090909093
005,2019,9,Lamu,2019-09-01,38.64,25.65,chirps+openmeteo,0.5726,0.3664,modis,107.28,wb_foodindex,42.0,fewsnet_prices,160948,0.3026,hdx_knbs,43.75,,mixed,Coastal / Arid ASAL,-0.8660254037844385,-0.5000000000000004,-0.28451796972132876,51.583333333333336,96.21,30.25,57.67,-0.904254840642208,25.48333333333333,26.321666666666662,25.31,26.2,0.13475917202465845,0.6248,0.5929000000000001,0.6213,0.6668,0.2713211486213702,0.40263333333333334,0.37043333333333334,0.3989,0.4255,-1.8974023035073544,46.666666666666664,49.666666666666664,50.0,47.0,-10.63829787234043
005,2019,10,Lamu,2019-10-01,118.37,26.1,chirps+openmeteo,0.6049,0.397,modis,107.28,wb_foodindex,53.25,fewsnet_prices,160948,0.3026,hdx_knbs,50.0,fewsnet_ipc,mixed,Coastal / Arid ASAL,-1.0,-1.8369701987210297e-16,0.48643677622596426,62.419999999999995,108.96499999999999,38.64,85.86,-0.5057705168951745,25.686666666666667,25.883333333333336,25.65,25.49,0.5221614259478493,0.5996,0.6108333333333333,0.5726,0.6805,0.7106485483232122,0.38743333333333335,0.3899166666666667,0.3664,0.4426,0.433793912317548,48.416666666666664,49.208333333333336,42.0,48.0,10.9375
005,2019,11,Lamu,2019-11-01,152.94,26.93,chirps+openmeteo,0.6919,0.4486,modis,107.28,wb_foodindex,53.0,fewsnet_prices,160948,0.3026,hdx_knbs,43.75,,mixed,Coastal / Arid ASAL,-0.8660254037844386,0.5000000000000001,0.7860848603167273,103.31666666666666,80.62166666666667,118.37,30.25,0.18990919201051815,26.22666666666667,25.946666666666662,26.1,25.31,1.4374169206424452,0.6231333333333332,0.6396666666666666,0.6049,0.6213,1.3477343905203514,0.40399999999999997,0.4131666666666667,0.397,0.3989,0.360466933341295,49.416666666666664,48.875,53.25,50.0,6.000000000000005
005,2019,12,Lamu,2019-12-01,73.21,27.67,chirps+openmeteo,0.7213,0.4484,modis,107.28,wb_foodindex,73.0,fewsnet_prices,160948,0.3026,hdx_knbs,37.5,,mixed,Coastal / Arid ASAL,-0.5000000000000004,0.8660254037844384,-0.06393418460287288,114.83999999999999,83.21166666666666,152.94,38.64,0.7918756308887622,26.900000000000002,26.191666666666666,26.93,25.65,1.5248867044478185,0.6727,0.64875,0.6919,0.5726,1.197286610281051,0.43133333333333335,0.4169833333333333,0.4486,0.3664,2.64267031524213,59.75,53.208333333333336,53.0,42.0,73.80952380952381
005,2020,1,Lamu,2020-01-01,28.59,27.89,chirps+openmeteo,0.6909,0.4513,modis,125.82,wb_foodindex,69.7,fewsnet_prices,160948,0.3026,hdx_knbs,31.25,,mixed,Coastal / Arid ASAL,0.0,1.0,-0.5368991652271217,84.91333333333333,73.66666666666667,73.21,118.37,0.9186571405619319,27.49666666666667,26.591666666666665,27.67,26.1,1.0700836190945762,0.7013666666666666,0.6504833333333333,0.7213,0.6049,1.1264439132028388,0.44943333333333335,0.41843333333333327,0.4484,0.397,1.7896145067042681,65.23333333333333,56.824999999999996,73.0,53.25,30.892018779342735
005,2020,2,Lamu,2020-02-01,2.88,28.28,chirps+openmeteo,0.5804,0.3798,modis,125.82,wb_foodindex,65.0,fewsnet_prices,160948,0.3026,hdx_knbs,25.0,fewsnet_ipc,mixed,Coastal / Arid ASAL,0.49999999999999994,0.8660254037844387,-0.7852569090144346,34.89333333333333,69.105,28.59,152.94,1.1603009373626465,27.94666666666667,27.08666666666667,27.89,26.93,-0.1910782727530757,0.6642,0.6436666666666667,0.6909,0.6919,0.049948270765871806,0.42650000000000005,0.41525000000000006,0.4513,0.4486,1.1299879226675071,69.23333333333333,59.324999999999996,69.7,53.0,22.64150943396226
005,2020,3,Lamu,2020-03-01,48.38,28.99,chirps+openmeteo,0.5876,0.3741,modis,125.82,wb_foodindex,51.0,fewsnet_prices,160948,0.3026,hdx_knbs,25.0,,mixed,Coastal / Arid ASAL,0.8660254037844386,0.5000000000000001,-0.24355925813459994,26.616666666666664,70.72833333333334,2.88,73.21,1.5663179068293778,28.386666666666667,27.643333333333334,28.28,27.67,-0.10186045586139875,0.6196333333333333,0.6461666666666667,0.5804,0.7213,-0.03798614206746638,0.40173333333333333,0.41653333333333337,0.3798,0.4484,-0.4724134261471274,61.9,60.824999999999996,65.0,73.0,-30.136986301369863
005,2020,4,Lamu,2020-04-01,254.32,27.69,chirps+openmeteo,0.6493,0.397,modis,125.82,wb_foodindex,54.0,fewsnet_prices,160948,0.3026,hdx_knbs,25.0,,mixed,Coastal / Arid ASAL,1.0,6.123233995736766e-17,1.8901898492151614,101.86,93.38666666666666,48.38,28.59,0.4627451524296675,28.320000000000004,27.90833333333333,28.99,27.89,0.6326957308564829,0.6057666666666667,0.6535666666666667,0.5876,0.6909,0.32267962000362815,0.3836333333333333,0.41653333333333326,0.3741,0.4513,-0.11137801404534652,56.666666666666664,60.949999999999996,51.0,69.7,-22.525107604017226
005,2020,5,Lamu,2020-05-01,214.06,26.39,chirps+openmeteo,0.689,0.4733,modis,125.82,wb_foodindex,52.666666666666664,,160948,0.3026,hdx_knbs,25.0,,mixed,Coastal / Arid ASAL,0.8660254037844387,-0.4999999999999998,1.3275826823280932,172.25333333333333,103.57333333333334,254.32,2.88,-0.6260099642982406,27.689999999999998,27.81833333333334,27.69,28.28,1.0601778790662655,0.6419666666666666,0.6530833333333333,0.6493,0.5804,1.4436444871542464,0.41480000000000006,0.42064999999999997,0.397,0.3798,-0.2674630731572851,52.55555555555555,60.894444444444446,54.0,65.0,-18.974358974358974
005,2020,6,Lamu,2020-06-01,96.61,25.84,chirps+openmeteo,0.6875,0.45,modis,125.82,wb_foodindex,51.333333333333336,,160948,0.3026,hdx_knbs,25.0,fewsnet_ipc,mixed,Coastal / Arid ASAL,0.49999999999999994,-0.8660254037844387,0.088717521836915,188.33,107.47333333333331,214.06,48.38,-1.0406614401811125,26.64,27.513333333333332,26.39,28.99,0.982814327705944,0.6752666666666666,0.64745,0.689,0.5876,1.0078879701201406,0.4401,0.42091666666666666,0.4733,0.3741,-0.42293693442710556,52.666666666666664,57.28333333333333,52.666666666666664,51.0,0.6535947712418277
005,2020,7,Lamu,2020-07-01,94.3,25.22,chirps+openmeteo,0.6586,0.4475,modis,125.82,wb_foodindex,50.0,fewsnet_prices,160948,0.3026,hdx_knbs,25.0,,mixed,Coastal / Arid ASAL,1.2246467991473532e-16,-1.0,0.06204823328619556,134.99,118.42500000000001,96.61,254.32,-1.4433919362703063,25.816666666666666,27.06833333333333,25.84,27.69,0.598644426316846,0.6783666666666667,0.6420666666666667,0.6875,0.6493,0.919800742706527,0.45693333333333336,0.42028333333333334,0.45,0.397,-0.5759005386166987,51.333333333333336,54.0,51.333333333333336,54.0,-7.4074074074074066
005,2020,8,Lamu,2020-08-01,34.28,24.91,chirps+openmeteo,0.6379,0.4134,modis,125.82,wb_foodindex,43.0,fewsnet_prices,160948,0.3026,hdx_knbs,25.0,,mixed,Coastal / Arid ASAL,-0.4999999999999997,-0.8660254037844388,-0.5876149437135376,75.06333333333333,123.65833333333335,94.3,214.06,-1.5483552287138698,25.323333333333334,26.50666666666667,25.22,26.39,0.3255641650575002,0.6613333333333332,0.65165,0.6586,0.689,0.36187450442053787,0.43696666666666667,0.42588333333333334,0.4475,0.4733,-1.3881954990571261,48.111111111111114,50.333333333333336,50.0,52.666666666666664,-18.354430379746834
005,2020,9,Lamu,2020-09-01,24.24,25.54,chirps+openmeteo,0.5836,0.3793,modis,125.82,wb_foodindex,35.0,fewsnet_prices,160948,0.3026,hdx_knbs,25.0,,mixed,Coastal / Arid ASAL,-0.8660254037844385,-0.5000000000000004,-0.6772865609199743,50.94,119.635,34.28,96.61,-0.9920247098175713,25.22333333333333,25.93166666666667,24.91,25.84,-0.3739480702250588,0.6267,0.6509833333333334,0.6379,0.6875,-0.19403652912912017,0.41340000000000005,0.42675,0.4134,0.45,-2.0784949750158863,42.666666666666664,47.666666666666664,43.0,51.333333333333336,-31.818181818181824
005,2020,10,Lamu,2020-10-01,24.95,26.66,chirps+openmeteo,0.5692,0.3596,modis,125.82,wb_foodindex,40.0,fewsnet_prices,160948,0.3026,hdx_knbs,25.0,fewsnet_ipc,mixed,Coastal / Arid ASAL,-1.0,-1.8369701987210297e-16,-0.647589635836909,27.823333333333334,81.40666666666667,24.24,94.3,-0.0915202366790915,25.703333333333333,25.76,25.54,25.22,-0.5497456019794084,0.5969,0.6376333333333333,0.5836,0.6586,-0.511142880162937,0.38410000000000005,0.4205166666666667,0.3793,0.4475,-1.391886102644124,39.333333333333336,45.333333333333336,35.0,50.0,-19.999999999999996
005,2020,11,Lamu,2020-11-01,57.16,27.38,chirps+openmeteo,0.6083,0.3743,modis,125.82,wb_foodindex,40.0,fewsnet_prices,160948,0.3026,hdx_knbs,25.0,,mixed,Coastal / Arid ASAL,-0.8660254037844386,0.5000000000000001,-0.26550459725395575,35.449999999999996,55.25666666666666,24.95,34.28,0.48693122611311174,26.526666666666667,25.925,26.66,24.91,-0.018137965497835144,0.5870333333333333,0.6241833333333333,0.5692,0.6379,-0.2531469790017673,0.37106666666666666,0.4040166666666667,0.3596,0.4134,-1.3062827340678431,38.333333333333336,43.22222222222222,40.0,43.0,-6.976744186046513
005,2020,12,Lamu,2020-12-01,19.64,27.9,chirps+openmeteo,0.5927,0.3822,modis,125.82,wb_foodindex,42.0,fewsnet_prices,160948,0.3026,hdx_knbs,25.0,,mixed,Coastal / Arid ASAL,-0.5000000000000004,0.8660254037844384,-0.6910180856794154,33.916666666666664,42.428333333333335,57.16,24.24,0.8870351733678786,27.313333333333333,26.268333333333334,27.38,25.54,-0.23005977649632955,0.5900666666666666,0.6083833333333334,0.6083,0.5836,-0.11230435401045556,0.37203333333333327,0.39271666666666666,0.3743,0.3793,-1.0360893112904206,40.666666666666664,41.666666666666664,40.0,35.0,19.999999999999996
005,2021,1,Lamu,2021-01-01,5.35,27.1,chirps+openmeteo,0.5404,0.3409,modis,123.29,wb_foodindex,44.55,fewsnet_prices,160948,0.3026,hdx_knbs,25.0,,mixed,Coastal / Arid ASAL,0.0,1.0,-0.8568526834475362,27.38333333333333,27.603333333333335,19.64,24.95,0.21890409676530426,27.459999999999997,26.581666666666667,27.9,26.66,-0.9947865190978625,0.5804666666666667,0.5886833333333333,0.5927,0.5692,-0.8612836988783628,0.36579999999999996,0.37494999999999995,0.3822,0.3596,-0.7131327073402977,42.18333333333333,40.75833333333333,42.0,40.0,11.375000000000002
005,2021,2,Lamu,2021-02-01,3.04,27.09,chirps+openmeteo,0.4761,0.293,modis,123.29,wb_foodindex,45.5,fewsnet_prices,160948,0.3026,hdx_knbs,25.0,fewsnet_ipc,mixed,Coastal / Arid ASAL,0.49999999999999994,0.8660254037844387,-0.8847166400096608,9.343333333333334,22.396666666666665,5.35,57.16,0.2257844860679403,27.363333333333333,26.944999999999997,27.1,27.38,-1.849194193321275,0.5364,0.5617166666666668,0.5404,0.6083,-1.672921394639218,0.3387,0.3548833333333333,0.3409,0.3743,-0.5674755945249609,44.01666666666667,41.175000000000004,44.55,40.0,13.749999999999996
005,2021,3,Lamu,2021-03-01,13.14,27.65,chirps+openmeteo,0.4381,0.26,modis,123.29,wb_foodindex,45.0,fewsnet_prices,160948,0.3026,hdx_knbs,25.0,,mixed,Coastal / Arid ASAL,0.8660254037844386,0.5000000000000001,-0.7663659925154437,7.176666666666667,20.546666666666667,3.04,19.64,0.7354305215054018,27.28,27.296666666666667,27.09,27.9,-2.249714296726829,0.4848666666666666,0.5374666666666666,0.4761,0.5927,-2.175401350670704,0.29796666666666666,0.33499999999999996,0.293,0.3822,-0.5720830706917569,45.01666666666667,42.84166666666667,45.5,42.0,7.14285714285714
005,2021,4,Lamu,2021-04-01,42.07,27.35,chirps+openmeteo,0.5218,0.3134,modis,123.29,wb_foodindex,45.0,fewsnet_prices,160948,0.3026,hdx_knbs,25.0,,mixed,Coastal / Arid ASAL,1.0,6.123233995736766e-17,-0.41812149534439247,19.416666666666668,23.400000000000002,13.14,5.35,0.5587429365121119,27.363333333333333,27.411666666666665,27.65,27.1,-1.16951606203943,0.47866666666666663,0.5295666666666666,0.4381,0.5404,-1.338428160616151,0.2888,0.3273,0.26,0.3409,-0.5235659509786195,45.166666666666664,43.675000000000004,45.0,44.55,1.0101010101010166
005,2021,5,Lamu,2021-05-01,66.54,26.66,chirps+openmeteo,0.5227,0.3154,modis,123.29,wb_foodindex,44.5,fewsnet_prices,160948,0.3026,hdx_knbs,25.0,,mixed,Coastal / Arid ASAL,0.8660254037844387,-0.4999999999999998,0.006776047818260756,40.583333333333336,24.963333333333335,42.07,3.04,-0.07838988603222849,27.22,27.291666666666668,27.35,27.09,-1.1625353964529634,0.49420000000000003,0.5153,0.5218,0.4761,-1.3162581418232373,0.2962666666666667,0.31748333333333334,0.3134,0.293,-0.5309077416496203,44.833333333333336,44.425000000000004,45.0,45.5,-2.197802197802201
005,2021,6,Lamu,2021-06-01,91.59,25.46,chirps+openmeteo,0.5808,0.3417,modis,123.29,wb_foodindex,46.75,fewsnet_prices,160948,0.3026,hdx_knbs,25.0,fewsnet_ipc,mixed,Coastal / Arid ASAL,0.49999999999999994,-0.8660254037844387,0.3728762953432339,66.73333333333333,36.955,66.54,13.14,-1.1242824727764753,26.49,26.885,26.66,27.65,-0.326435076883491,0.5417666666666667,0.5133166666666668,0.5227,0.4381,-0.7790555523456227,0.32350000000000007,0.3107333333333333,0.3154,0.26,-0.28359125410505265,45.416666666666664,45.21666666666667,44.5,45.0,3.8888888888888973
005,2021,7,Lamu,2021-07-01,57.1,24.99,chirps+openmeteo,0.5667,0.3548,modis,123.29,wb_foodindex,50.0,fewsnet_prices,160948,0.3026,hdx_knbs,25.0,,mixed,Coastal / Arid ASAL,1.2246467991473532e-16,-1.0,-0.14298922685053814,71.74333333333334,45.580000000000005,91.59,42.07,-1.4892070015987586,25.703333333333333,26.53333333333333,25.46,27.35,-0.4649681333114973,0.5567333333333333,0.5177,0.5808,0.5218,-0.4889943906319095,0.3373,0.31305,0.3417,0.3134,0.06266575034453001,47.083333333333336,46.125,46.75,45.0,11.111111111111116
005,2021,8,Lamu,2021-08-01,21.4,25.09,chirps+openmeteo,0.5292,0.3144,modis,123.29,wb_foodindex,46.0,fewsnet_prices,160948,0.3026,hdx_knbs,25.0,,mixed,Coastal / Arid ASAL,-0.4999999999999997,-0.8660254037844388,-0.6884373651072371,56.696666666666665,48.64000000000001,57.1,66.54,-1.3788620733149985,25.179999999999996,26.2,24.99,26.66,-0.9224242586913439,0.5589,0.52655,0.5667,0.5227,-1.128424824275241,0.3369666666666667,0.31661666666666666,0.3548,0.3154,-0.3556321475195454,47.583333333333336,46.208333333333336,50.0,44.5,3.370786516853941
005,2021,9,Lamu,2021-09-01,16.67,25.55,chirps+openmeteo,0.4727,0.2745,modis,123.29,wb_foodindex,54.35,fewsnet_prices,160948,0.3026,hdx_knbs,25.0,,mixed,Coastal / Arid ASAL,-0.8660254037844385,-0.5000000000000004,-0.7410163849989948,31.723333333333333,49.22833333333333,21.4,91.59,-0.9740676731298644,25.209999999999997,25.849999999999998,25.09,25.46,-1.5567950747841035,0.5228666666666667,0.5323166666666667,0.5292,0.5808,-1.6550278768414861,0.31456666666666666,0.31903333333333334,0.3144,0.3417,0.5033575981075249,50.11666666666667,47.76666666666667,46.0,46.75,16.25668449197861
005,2021,10,Lamu,2021-10-01,14.93,26.61,chirps+openmeteo,0.4285,0.252,modis,123.29,wb_foodindex,53.0,fewsnet_prices,160948,0.3026,hdx_knbs,25.0,fewsnet_ipc,mixed,Coastal / Arid ASAL,-1.0,-1.8369701987210297e-16,-0.7044499650953538,17.666666666666668,44.705000000000005,16.67,57.1,-0.07942884159904043,25.75,25.726666666666663,25.55,24.99,-1.8710933047482963,0.47679999999999995,0.5167666666666667,0.4727,0.5667,-1.7882893840619523,0.2803,0.3088,0.2745,0.3548,0.35612918178896924,51.11666666666667,49.1,54.35,50.0,6.000000000000005
005,2021,11,Lamu,2021-11-01,27.65,27.7,chirps+openmeteo,0.4133,0.2375,modis,123.29,wb_foodindex,53.0,fewsnet_prices,160948,0.3026,hdx_knbs,25.0,,mixed,Coastal / Arid ASAL,-0.8660254037844386,0.5000000000000001,-0.44743794445557217,19.75,38.223333333333336,14.93,21.4,0.8249582648755044,26.62,25.900000000000002,26.61,25.09,-1.8329059246263382,0.4381666666666666,0.4985333333333333,0.4285,0.5292,-1.7965061851214401,0.25466666666666665,0.29581666666666667,0.252,0.3144,0.35612918178896924,53.449999999999996,50.51666666666667,53.0,46.0,15.217391304347828
005,2021,12,Lamu,2021-12-01,137.77,27.26,chirps+openmeteo,0.5712,0.3524,modis,123.29,wb_foodindex,52.0,fewsnet_prices,160948,0.3026,hdx_knbs,25.0,,mixed,Coastal / Arid ASAL,-0.5000000000000004,0.8660254037844384,1.2354873631028023,60.116666666666674,45.919999999999995,27.65,16.67,0.4684079578337731,27.19,26.2,27.7,25.55,0.057726446355233364,0.4709999999999999,0.4969333333333334,0.4133,0.4727,-0.047407879002408115,0.28063333333333335,0.29760000000000003,0.2375,0.2745,0.4067330225907823,52.666666666666664,51.39166666666667,53.0,54.35,-4.323827046918128
005,2022,1,Lamu,2022-01-01,5.17,27.3,chirps+openmeteo,0.6304,0.4026,modis,112.38,wb_foodindex,54.5,fewsnet_prices,160948,0.3026,hdx_knbs,25.0,,mixed,Coastal / Arid ASAL,0.0,1.0,-0.8001195754080298,56.86333333333332,37.265,137.77,14.93,0.5332174595611191,27.42,26.585000000000004,27.26,26.61,0.8523684577952698,0.5383,0.5075500000000001,0.5712,0.4285,0.7822316547703394,0.3308333333333333,0.3055666666666667,0.3524,0.252,0.9798751796023989,53.166666666666664,52.14166666666667,52.0,53.0,2.8301886792452935
005,2022,2,Lamu,2022-02-01,3.7,27.25,chirps+openmeteo,0.5473,0.3485,modis,112.38,wb_foodindex,53.5,fewsnet_prices,160948,0.3026,hdx_knbs,25.0,fewsnet_ipc,mixed,Coastal / Arid ASAL,0.49999999999999994,0.8660254037844387,-0.8236169888537334,48.88,34.315000000000005,5.17,27.65,0.5480745310629545,27.27,26.945000000000004,27.3,27.7,-0.19669678376458463,0.5829666666666666,0.5105666666666666,0.6304,0.4133,-0.05846698394036641,0.3678333333333333,0.31125,0.4026,0.2375,1.0560242130312123,53.333333333333336,53.39166666666667,54.5,53.0,0.9433962264151052
005,2022,3,Lamu,2022-03-01,7.83,27.79,chirps+openmeteo,0.4438,0.2673,modis,112.38,wb_foodindex,44.0,fewsnet_prices,160948,0.3026,hdx_knbs,25.0,,mixed,Coastal / Arid ASAL,0.8660254037844386,0.5000000000000001,-0.7255999196063609,5.566666666666657,32.84166666666667,3.7,137.77,1.180531101952855,27.44666666666667,27.31833333333333,27.25,27.26,-1.3871295571880236,0.5404999999999999,0.50575,0.5473,0.5712,-1.242710115461125,0.33946666666666664,0.31005,0.3485,0.3524,-0.6422753579804608,50.666666666666664,51.666666666666664,53.5,52.0,-15.384615384615385
005,2022,4,Lamu,2022-04-01,56.98,28.18,chirps+openmeteo,0.4598,0.2734,modis,112.38,wb_foodindex,51.0,fewsnet_prices,160948,0.3026,hdx_knbs,25.0,,mixed,Coastal / Arid ASAL,1.0,6.123233995736766e-17,0.19128640354234058,22.836666666666655,39.85,7.83,5.17,1.5056909465795363,27.74,27.580000000000002,27.79,27.3,-1.0959058427736426,0.4836333333333333,0.5109666666666667,0.4438,0.6304,-1.055468551195237,0.29639999999999994,0.31361666666666665,0.2673,0.4026,0.6862950166170794,49.5,51.333333333333336,44.0,54.5,-6.422018348623848
005,2022,5,Lamu,2022-05-01,242.4,26.72,chirps+openmeteo,0.546,0.3297,modis,112.38,wb_foodindex,49.0,fewsnet_prices,160948,0.3026,hdx_knbs,25.0,,mixed,Coastal / Arid ASAL,0.8660254037844387,-0.4999999999999998,3.5493094629651716,102.40333333333332,75.64166666666667,56.98,3.7,0.08370710718537665,27.563333333333333,27.416666666666668,28.18,27.25,0.04274143206019352,0.4831999999999999,0.5330833333333334,0.4598,0.5473,-0.11587789740106501,0.2901333333333333,0.32898333333333335,0.2734,0.3485,0.34498712923332964,48.0,50.666666666666664,51.0,53.5,-8.41121495327103
005,2022,6,Lamu,2022-06-01,87.29,25.57,chirps+openmeteo,0.673,0.4406,modis,112.38,wb_foodindex,56.0,fewsnet_prices,160948,0.3026,hdx_knbs,25.0,fewsnet_ipc,mixed,Coastal / Arid ASAL,0.49999999999999994,-0.8660254037844387,0.7211277438843863,128.89,67.22833333333334,242.4,7.83,-1.0060411526276838,26.823333333333334,27.135,26.72,27.79,1.7609740053040237,0.5596,0.55005,0.546,0.4438,1.78262765613188,0.34789999999999993,0.34368333333333334,0.3297,0.2673,1.5810167631427416,52.0,51.333333333333336,49.0,44.0,27.27272727272727
005,2022,7,Lamu,2022-07-01,70.71,24.58,chirps+openmeteo,0.6791,0.4497,modis,112.38,wb_foodindex,78.75,fewsnet_prices,160948,0.3026,hdx_knbs,25.0,,mixed,Coastal / Arid ASAL,1.2246467991473532e-16,-1.0,0.4392472371486468,133.46666666666667,78.15166666666667,87.29,56.98,-1.8485226494308764,25.623333333333335,26.68166666666666,25.57,28.18,1.7953467473468938,0.6326999999999999,0.5581666666666667,0.673,0.4598,1.930382171725237,0.4066666666666667,0.3515333333333333,0.4406,0.2734,3.5905802450963207,61.25,55.375,56.0,51.0,54.41176470588236
005,2022,8,Lamu,2022-08-01,21.47,24.59,chirps+openmeteo,0.6563,0.4428,modis,112.38,wb_foodindex,79.0,fewsnet_prices,160948,0.3026,hdx_knbs,25.0,,mixed,Coastal / Arid ASAL,-0.4999999999999997,-0.8660254037844388,-0.4671052003715596,59.823333333333316,81.11333333333334,70.71,242.4,-1.7890253237163987,24.91333333333333,26.23833333333333,24.58,26.72,1.4634309364147007,0.6694666666666667,0.5763333333333334,0.6791,0.546,1.7344845237930173,0.44436666666666663,0.36725,0.4497,0.3297,2.7941466329452878,71.25,59.625,78.75,49.0,61.224489795918366
005,2022,9,Lamu,2022-09-01,10.58,25.21,chirps+openmeteo,0.5556,0.3757,modis,112.38,wb_foodindex,77.5,fewsnet_prices,160948,0.3026,hdx_knbs,25.0,,mixed,Coastal / Arid ASAL,-0.8660254037844385,-0.5000000000000004,-0.6549498641248883,34.25333333333331,81.57166666666667,21.47,87.29,-1.2032775792490504,24.793333333333333,25.808333333333334,24.59,25.57,0.16969483290496468,0.6303333333333333,0.5949666666666666,0.6563,0.673,0.6327728106098648,0.42273333333333335,0.3853166666666667,0.4428,0.4406,2.279298650341956,78.41666666666667,65.20833333333333,79.0,56.0,38.39285714285714
005,2022,10,Lamu,2022-10-01,18.44,25.89,chirps+openmeteo,0.4302,0.2819,modis,112.38,wb_foodindex,80.0,fewsnet_prices,160948,0.3026,hdx_knbs,25.0,fewsnet_ipc,mixed,Coastal / Arid ASAL,-1.0,-1.8369701987210297e-16,-0.5036190551609084,16.82999999999998,75.14833333333334,10.58,70.71,-0.5683542245692235,25.23,25.426666666666666,25.21,24.58,-1.3402576860300186,0.5473666666666667,0.5900333333333334,0.5556,0.6791,-0.8498727663494796,0.3668,0.3867333333333333,0.3757,0.4497,2.147723783637366,78.83333333333333,70.04166666666667,77.5,78.75,1.5873015873015817
005,2022,11,Lamu,2022-11-01,85.55,26.85,chirps+openmeteo,0.546,0.3418,modis,112.38,wb_foodindex,80.0,fewsnet_prices,160948,0.3026,hdx_knbs,25.0,,mixed,Coastal / Arid ASAL,-0.8660254037844386,0.5000000000000001,0.7036537610666104,38.189999999999976,49.00666666666666,18.44,21.47,0.29850822125739823,25.983333333333334,25.448333333333334,25.89,24.59,0.1505461360252138,0.5106,0.5900333333333333,0.4302,0.6563,0.1485481975624738,0.3331333333333333,0.38875,0.2819,0.4428,1.8940190357367355,79.16666666666667,75.20833333333333,80.0,79.0,1.2658227848101333
005,2022,12,Lamu,2022-12-01,14.93,27.62,chirps+openmeteo,0.6099,0.3904,modis,112.38,wb_foodindex,78.5,fewsnet_prices,160948,0.3026,hdx_knbs,25.0,,mixed,Coastal / Arid ASAL,-0.5000000000000004,0.8660254037844384,-0.5792528612964016,39.639999999999986,36.946666666666665,85.55,10.58,1.005477585264465,26.786666666666672,25.790000000000003,26.85,25.21,0.9514750093532054,0.5287000000000001,0.5795166666666667,0.546,0.5556,0.9366004110133898,0.33803333333333335,0.38038333333333335,0.3418,0.3757,1.6009608808673472,79.5,78.95833333333333,80.0,77.5,1.2903225806451646
006,2019,1,Isiolo,2019-01-01,41.8,24.13,chirps+openmeteo,0.5842,0.3431,modis,107.28,wb_foodindex,39.33,fewsnet_prices,231269,0.3949,hdx_knbs,25.0,,mixed,Arid ASAL,0.0,1.0,,41.8,41.8,,,,24.13,24.13,,,,0.5842,0.5842,,,,0.3431,0.3431,,,,39.33,39.33,,,
006,2019,2,Isiolo,2019-02-01,29.01,25.23,chirps+openmeteo,0.4935,0.298,modis,107.28,wb_foodindex,39.0,fewsnet_prices,231269,0.3949,hdx_knbs,25.0,fewsnet_ipc,mixed,Arid ASAL,0.49999999999999994,0.8660254037844387,,35.405,35.405,41.8,,,24.68,24.68,24.13,,,0.53885,0.53885,0.5842,,,0.32055,0.32055,0.3431,,,39.165,39.165,39.33,,
006,2019,3,Isiolo,2019-03-01,24.55,26.14,chirps+openmeteo,0.4679,0.2724,modis,107.28,wb_foodindex,40.42,fewsnet_prices,231269,0.3949,hdx_knbs,31.25,,mixed,Arid ASAL,0.8660254037844386,0.5000000000000001,,31.786666666666665,31.786666666666665,29.01,,,25.166666666666668,25.166666666666668,25.23,,,0.5152,0.5152,0.4935,,,0.3045,0.3045,0.298,,,39.583333333333336,39.583333333333336,39.0,,
006,2019,4,Isiolo,2019-04-01,135.34,25.41,chirps+openmeteo,0.4813,0.277,modis,107.28,wb_foodindex,42.33,fewsnet_prices,231269,0.3949,hdx_knbs,37.5,,mixed,Arid ASAL,1.0,6.123233995736766e-17,,62.96666666666667,57.675,24.55,41.8,,25.593333333333334,25.2275,26.14,24.13,,0.48089999999999994,0.506725,0.4679,0.5842,,0.2824666666666667,0.29762500000000003,0.2724,0.3431,,40.583333333333336,40.269999999999996,40.42,39.33,7.627765064836001
006,2019,5,Isiolo,2019-05-01,71.43,24.3,chirps+openmeteo,0.5497,0.3207,modis,107.28,wb_foodindex,52.5,fewsnet_prices,231269,0.3949,hdx_knbs,43.75,,mixed,Arid ASAL,0.8660254037844387,-0.4999999999999998,,77.10666666666667,60.426,135.34,29.01,,25.28333333333333,25.042,25.41,25.23,,0.4996333333333333,0.51532,0.4813,0.4935,,0.2900333333333333,0.30224,0.277,0.298,,45.083333333333336,42.715999999999994,42.33,39.0,34.61538461538463
006,2019,6,Isiolo,2019-06-01,25.59,22.85,chirps+openmeteo,0.5412,0.3274,modis,107.28,wb_foodindex,53.0,fewsnet_prices,231269,0.3949,hdx_knbs,50.0,fewsnet_ipc,mixed,Arid ASAL,0.49999999999999994,-0.8660254037844387,-0.670760330503658,77.45333333333333,54.620000000000005,71.43,24.55,-1.570663583508432,24.186666666666667,24.676666666666666,24.3,26.14,0.47363903047259587,0.5240666666666667,0.5196333333333333,0.5497,0.4679,0.7336840927114548,0.3083666666666667,0.30643333333333334,0.3207,0.2724,1.3082679633890995,49.276666666666664,44.43,52.5,40.42,31.123206333498253
006,2019,7,Isiolo,2019-07-01,10.21,22.93,chirps+openmeteo,0.4932,0.2921,modis,107.28,wb_foodindex,55.5,fewsnet_prices,231269,0.3949,hdx_knbs,50.0,,mixed,Arid ASAL,1.2246467991473532e-16,-1.0,-0.886770663258264,35.74333333333333,49.355,25.59,135.34,-1.197539115660869,23.360000000000003,24.47666666666667,22.85,25.41,-0.5299857941086523,0.5280333333333332,0.5044666666666667,0.5412,0.4813,-0.46110773318095943,0.3134,0.29793333333333333,0.3274,0.277,1.3001026187775433,53.666666666666664,47.125,53.0,42.33,31.11268603827073
006,2019,8,Isiolo,2019-08-01,12.05,23.2,chirps+openmeteo,0.4778,0.2524,modis,107.28,wb_foodindex,55.0,fewsnet_prices,231269,0.3949,hdx_knbs,50.0,,mixed,Arid ASAL,-0.4999999999999997,-0.8660254037844388,-0.7591347615932478,15.950000000000001,46.528333333333336,10.21,71.43,-0.8686682232565383,22.993333333333336,24.138333333333335,22.93,24.3,-0.7965777760301397,0.5040666666666667,0.50185,0.4932,0.5497,-1.478693001265234,0.29063333333333335,0.29033333333333333,0.2921,0.3207,1.053306890362402,54.5,49.791666666666664,55.5,52.5,4.761904761904767
006,2019,9,Isiolo,2019-09-01,14.99,23.91,chirps+openmeteo,0.4595,0.2525,modis,107.28,wb_foodindex,51.5,fewsnet_prices,231269,0.3949,hdx_knbs,50.0,,mixed,Arid ASAL,-0.8660254037844385,-0.5000000000000004,-0.6356055030398192,12.416666666666666,44.935,12.05,25.59,-0.27811369271506403,23.346666666666664,23.766666666666666,23.2,22.85,-1.0736706940633922,0.4768333333333334,0.5004500000000001,0.4778,0.5412,-1.2409841075330663,0.26566666666666666,0.2870166666666667,0.2524,0.3274,0.543825686056804,54.0,51.63833333333333,55.0,53.0,-2.8301886792452824
006,2019,10,Isiolo,2019-10-01,327.48,22.73,chirps+openmeteo,0.4596,0.2722,modis,107.28,wb_foodindex,50.0,fewsnet_prices,231269,0.3949,hdx_knbs,50.0,fewsnet_ipc,mixed,Arid ASAL,-1.0,-1.8369701987210297e-16,2.6259809281431274,118.17333333333335,76.95833333333334,14.99,10.21,-1.1324473510284045,23.28,23.320000000000004,23.91,22.93,-0.9624354555685718,0.46563333333333334,0.4968333333333334,0.4595,0.4932,-0.5928849267124435,0.25903333333333334,0.2862166666666666,0.2525,0.2921,0.31646244009247615,52.166666666666664,52.916666666666664,51.5,55.5,-9.909909909909908
006,2019,11,Isiolo,2019-11-01,399.8,21.53,chirps+openmeteo,0.6441,0.3726,modis,107.28,wb_foodindex,50.0,fewsnet_prices,231269,0.3949,hdx_knbs,43.75,,mixed,Arid ASAL,-0.8660254037844386,0.5000000000000001,2.201233243178081,247.42333333333332,131.6866666666667,327.48,12.05,-1.6939457273657088,22.723333333333333,22.858333333333334,22.73,23.2,2.1972903117548856,0.5210666666666667,0.5125666666666667,0.4596,0.4778,1.9253679882727537,0.2991,0.29486666666666667,0.2722,0.2524,0.30173285753363827,50.5,52.5,50.0,55.0,-9.090909090909093
006,2019,12,Isiolo,2019-12-01,238.0,21.24,chirps+openmeteo,0.6859,0.4102,modis,107.28,wb_foodindex,50.5,fewsnet_prices,231269,0.3949,hdx_knbs,37.5,,mixed,Arid ASAL,-0.5000000000000004,0.8660254037844384,0.933641349652611,321.76,167.08833333333334,399.8,14.99,-1.586889264434426,21.833333333333332,22.59,21.53,23.91,2.096037225003265,0.5965333333333332,0.5366833333333334,0.6441,0.4595,2.0945549881220167,0.3516666666666666,0.3086666666666667,0.3726,0.2525,0.36219490046553116,50.166666666666664,52.083333333333336,50.0,51.5,-1.9417475728155331
006,2020,1,Isiolo,2020-01-01,89.03,22.05,chirps+openmeteo,0.639,0.3816,modis,125.82,wb_foodindex,49.0,fewsnet_prices,231269,0.3949,hdx_knbs,31.25,,mixed,Arid ASAL,0.0,1.0,-0.15434064426496014,242.27666666666667,180.22500000000002,238.0,327.48,-0.9683670157510408,21.606666666666666,22.44333333333333,21.24,22.73,1.3060881863662863,0.6563333333333333,0.5609833333333333,0.6859,0.4596,1.3345276600317633,0.3881333333333334,0.32358333333333333,0.4102,0.2722,0.11563838093953173,49.833333333333336,51.0,50.5,50.0,-2.0000000000000018
006,2020,2,Isiolo,2020-02-01,65.58,23.22,chirps+openmeteo,0.6286,0.3649,modis,125.82,wb_foodindex,49.0,fewsnet_prices,231269,0.3949,hdx_knbs,25.0,fewsnet_ipc,mixed,Arid ASAL,0.49999999999999994,0.8660254037844387,-0.32142170549568727,130.87,189.14666666666668,89.03,399.8,-0.1864214624798064,22.169999999999998,22.44666666666667,22.05,21.53,1.0780389721163854,0.6511666666666667,0.5861166666666667,0.639,0.6441,0.9384551892572742,0.3855666666666666,0.3423333333333334,0.3816,0.3726,0.11170530376917485,49.5,50.0,49.0,50.0,-2.0000000000000018
006,2020,3,Isiolo,2020-03-01,145.46,24.19,chirps+openmeteo,0.6003,0.3338,modis,125.82,wb_foodindex,50.33,fewsnet_prices,231269,0.3949,hdx_knbs,25.0,,mixed,Arid ASAL,0.8660254037844386,0.5000000000000001,0.30193167394107073,100.02333333333333,210.89166666666668,65.58,238.0,0.4625760278324521,23.153333333333336,22.493333333333336,23.22,21.24,0.6852797018037015,0.6226333333333334,0.6095833333333333,0.6286,0.6859,0.31834780873889357,0.36010000000000003,0.35588333333333333,0.3649,0.4102,0.33262547606109183,49.44333333333333,49.80500000000001,49.0,50.5,-0.33663366336633693
006,2020,4,Isiolo,2020-04-01,433.99,23.07,chirps+openmeteo,0.6431,0.3939,modis,125.82,wb_foodindex,51.5,fewsnet_prices,231269,0.3949,hdx_knbs,25.0,,mixed,Arid ASAL,1.0,6.123233995736766e-17,2.1322137778898247,215.01,228.64333333333335,145.46,89.03,-0.3202446602661353,23.493333333333336,22.55,24.19,22.05,1.1425017353431002,0.624,0.6401666666666667,0.6003,0.639,1.3834943738592334,0.3642,0.3761666666666666,0.3338,0.3816,0.5233043479612053,50.276666666666664,50.05500000000001,50.33,49.0,5.102040816326525
006,2020,5,Isiolo,2020-05-01,86.42,23.38,chirps+openmeteo,0.6843,0.4333,modis,125.82,wb_foodindex,50.125,,231269,0.3949,hdx_knbs,25.0,,mixed,Arid ASAL,0.8660254037844387,-0.4999999999999998,-0.28870621124445167,221.95666666666662,176.41333333333333,433.99,65.58,-0.09100886447137736,23.546666666666667,22.858333333333334,23.07,23.22,1.4939419242678007,0.6425666666666666,0.6468666666666666,0.6431,0.6286,1.8401233366306868,0.387,0.3862833333333333,0.3939,0.3649,0.25990056917194493,50.651666666666664,50.07583333333334,51.5,49.0,2.2959183673469497
006,2020,6,Isiolo,2020-06-01,21.72,23.32,chirps+openmeteo,0.6164,0.3618,modis,125.82,wb_foodindex,48.75,,231269,0.3949,hdx_knbs,25.0,fewsnet_ipc,mixed,Arid ASAL,0.49999999999999994,-0.8660254037844387,-0.7225676382636258,180.70999999999995,140.36666666666667,86.42,145.46,-0.13260842985826338,23.256666666666664,23.205,23.38,24.19,0.6463364882183863,0.6479333333333334,0.6352833333333333,0.6843,0.6003,0.5544217351000469,0.39633333333333337,0.37821666666666665,0.4333,0.3338,-0.00312297790351395,50.125,49.78416666666667,50.125,50.33,-3.1392807470693396
006,2020,7,Isiolo,2020-07-01,15.27,22.46,chirps+openmeteo,0.5324,0.3177,modis,125.82,wb_foodindex,47.375,,231269,0.3949,hdx_knbs,25.0,,mixed,Arid ASAL,1.2246467991473532e-16,-1.0,-0.7382026896716233,41.13666666666665,128.07333333333335,21.72,433.99,-0.7674920767085189,23.05333333333333,23.27333333333333,23.32,23.07,-0.37583649711567824,0.6110333333333333,0.6175166666666666,0.6164,0.6431,-0.2356609563491234,0.37093333333333334,0.36756666666666665,0.3618,0.3939,-0.2668661951457458,48.75,49.51333333333334,48.75,51.5,-8.009708737864074
006,2020,8,Isiolo,2020-08-01,26.31,22.5,chirps+openmeteo,0.5209,0.2679,modis,125.82,wb_foodindex,46.0,fewsnet_prices,231269,0.3949,hdx_knbs,25.0,,mixed,Arid ASAL,-0.4999999999999997,-0.8660254037844388,-0.6336953681651406,21.09999999999998,121.52833333333335,15.27,86.42,-0.7083505911840569,22.76,23.153333333333332,22.46,23.38,-0.5047397221770408,0.5565666666666667,0.5995666666666667,0.5324,0.6843,-1.0937951190822321,0.3158,0.3514,0.3177,0.4333,-0.5281516843021287,47.375,49.01333333333334,47.375,50.125,-8.22942643391521
006,2020,9,Isiolo,2020-09-01,16.07,23.46,chirps+openmeteo,0.4994,0.2884,modis,125.82,wb_foodindex,45.5,fewsnet_prices,231269,0.3949,hdx_knbs,25.0,,mixed,Arid ASAL,-0.8660254037844385,-0.5000000000000004,-0.6857074243055323,19.216666666666647,99.96333333333332,26.31,21.72,0.05485371153933296,22.80666666666667,23.031666666666666,22.5,23.32,-0.7519667866895865,0.5175666666666667,0.58275,0.5209,0.6164,-0.6909392407254505,0.2913333333333333,0.34383333333333327,0.2679,0.3618,-0.6108691074262571,46.291666666666664,48.208333333333336,46.0,48.75,-6.666666666666665
006,2020,10,Isiolo,2020-10-01,94.94,24.38,chirps+openmeteo,0.4892,0.2781,modis,125.82,wb_foodindex,45.5,fewsnet_prices,231269,0.3949,hdx_knbs,25.0,fewsnet_ipc,mixed,Arid ASAL,-1.0,-1.8369701987210297e-16,-0.08374567544181094,45.77333333333331,43.455000000000005,16.07,15.27,0.7768540841654274,23.44666666666667,23.25,23.46,22.46,-0.8494754629501622,0.5031666666666667,0.5571,0.4994,0.5324,-0.8481898485587894,0.27813333333333334,0.32453333333333334,0.2884,0.3177,-0.5922513754263322,45.666666666666664,47.208333333333336,45.5,47.375,-3.95778364116095
006,2020,11,Isiolo,2020-11-01,164.71,22.41,chirps+openmeteo,0.5805,0.3256,modis,125.82,wb_foodindex,43.27,fewsnet_prices,231269,0.3949,hdx_knbs,31.25,,mixed,Arid ASAL,-0.8660254037844386,0.5000000000000001,0.4483011403833105,91.90666666666664,56.50333333333334,94.94,26.31,-0.816300414161551,23.416666666666668,23.088333333333335,24.38,22.5,0.3363316798108716,0.5230333333333334,0.5398,0.4892,0.5209,0.042780089696614225,0.2973666666666667,0.3065833333333333,0.2781,0.2679,-1.0188508962089078,44.75666666666667,46.06583333333333,45.5,46.0,-5.9347826086956434
006,2020,12,Isiolo,2020-12-01,71.09,23.35,chirps+openmeteo,0.597,0.3539,modis,125.82,wb_foodindex,44.0,fewsnet_prices,231269,0.3949,hdx_knbs,37.5,,mixed,Arid ASAL,-0.5000000000000004,0.8660254037844384,-0.2885704893907453,110.24666666666666,64.73166666666668,164.71,16.07,-0.03502206398506454,23.38,23.093333333333334,22.41,23.46,0.5417406157820849,0.5555666666666667,0.5365666666666667,0.5805,0.4994,0.5705697518728471,0.3192,0.3052666666666667,0.3256,0.2884,-0.8328418608480385,44.25666666666667,45.274166666666666,43.27,45.5,-3.296703296703296
006,2021,1,Isiolo,2021-01-01,39.17,23.75,chirps+openmeteo,0.5628,0.33,modis,123.29,wb_foodindex,45.47,fewsnet_prices,231269,0.3949,hdx_knbs,43.75,,mixed,Arid ASAL,0.0,1.0,-0.5460672706408328,91.65666666666665,68.715,71.09,94.94,0.32015824164912465,23.17,23.308333333333334,23.35,24.38,0.09042007545989351,0.5801,0.5416333333333333,0.597,0.4892,0.11537769795105447,0.3365,0.3073166666666667,0.3539,0.2781,-0.6170263328721877,44.24666666666667,44.95666666666667,44.0,45.5,-0.06593406593407014
006,2021,2,Isiolo,2021-02-01,30.65,24.62,chirps+openmeteo,0.5254,0.2823,modis,123.29,wb_foodindex,51.0,fewsnet_prices,231269,0.3949,hdx_knbs,50.0,fewsnet_ipc,mixed,Arid ASAL,0.49999999999999994,0.8660254037844387,-0.6158474532450308,46.96999999999998,69.43833333333335,39.17,164.71,1.11990272160623,23.906666666666666,23.661666666666665,23.75,22.41,-0.4415765357519593,0.5617333333333333,0.5423833333333333,0.5628,0.5805,-0.7976584688324434,0.32206666666666667,0.30971666666666664,0.33,0.3256,0.6010868504136032,46.82333333333333,45.79,45.47,43.27,17.864571296510267
006,2021,3,Isiolo,2021-03-01,55.39,25.51,chirps+openmeteo,0.5077,0.2778,modis,123.29,wb_foodindex,48.5,fewsnet_prices,231269,0.3949,hdx_knbs,50.0,,mixed,Arid ASAL,0.8660254037844386,0.5000000000000001,-0.42835795481113287,41.73666666666665,75.99166666666667,30.65,71.09,2.03894448471227,24.626666666666665,24.003333333333334,24.62,23.35,-0.7250076219905163,0.5319666666666667,0.5437666666666666,0.5254,0.597,-0.8930847767476043,0.2967,0.30795,0.2823,0.3539,-0.13874829079013037,48.32333333333333,46.29,51.0,44.0,10.22727272727273
006,2021,4,Isiolo,2021-04-01,140.29,24.07,chirps+openmeteo,0.5279,0.2922,modis,123.29,wb_foodindex,50.0,fewsnet_prices,231269,0.3949,hdx_knbs,50.0,,mixed,Arid ASAL,1.0,6.123233995736766e-17,0.26183515389913586,75.44333333333331,83.55000000000001,55.39,39.17,0.8096341336108144,24.733333333333334,23.951666666666668,25.51,23.75,-0.47847045727509435,0.5203333333333334,0.5502166666666667,0.5077,0.5628,-0.6313141153695853,0.2841,0.31029999999999996,0.2778,0.33,0.2170590416763571,49.833333333333336,47.04,48.5,45.47,9.962612711678043
006,2021,5,Isiolo,2021-05-01,144.79,22.97,chirps+openmeteo,0.5623,0.3494,modis,123.29,wb_foodindex,51.77,fewsnet_prices,231269,0.3949,hdx_knbs,50.0,,mixed,Arid ASAL,0.8660254037844387,-0.4999999999999998,0.2736851607838912,113.48999999999997,80.23,140.29,30.65,-0.25068351261571736,24.183333333333334,24.045,24.07,24.62,0.010040592365316754,0.5326333333333334,0.5471833333333334,0.5279,0.5254,0.4676982624683032,0.30646666666666667,0.3142666666666667,0.2922,0.2823,0.7863133852761636,50.089999999999996,48.45666666666667,50.0,51.0,1.509803921568631
006,2021,6,Isiolo,2021-06-01,5.17,22.59,chirps+openmeteo,0.5496,0.3205,modis,123.29,wb_foodindex,51.0,fewsnet_prices,231269,0.3949,hdx_knbs,50.0,fewsnet_ipc,mixed,Arid ASAL,0.49999999999999994,-0.8660254037844387,-0.8524786446505966,96.74999999999999,69.24333333333335,144.79,55.39,-0.6286202230172011,23.209999999999997,23.918333333333333,22.97,25.51,-0.17848805641680052,0.5466000000000001,0.5392833333333333,0.5623,0.5077,-0.09220385259968136,0.3207,0.3087,0.3494,0.2778,0.5840672152601494,50.923333333333325,49.623333333333335,51.77,48.5,5.154639175257736
006,2021,7,Isiolo,2021-07-01,11.64,22.21,chirps+openmeteo,0.4256,0.2521,modis,123.29,wb_foodindex,50.5,fewsnet_prices,231269,0.3949,hdx_knbs,50.0,,mixed,Arid ASAL,1.2246467991473532e-16,-1.0,-0.8008515885564504,53.86666666666665,64.65500000000002,5.17,140.29,-0.9687660763392271,22.590000000000003,23.661666666666665,22.59,24.07,-1.8196822645690558,0.5125000000000001,0.5164166666666666,0.5496,0.5279,-1.3516411615769257,0.3073333333333333,0.2957166666666666,0.3205,0.2922,0.5401296837286522,51.089999999999996,50.461666666666666,51.0,50.0,1.0000000000000009
006,2021,8,Isiolo,2021-08-01,8.2,23.26,chirps+openmeteo,0.4504,0.2566,modis,123.29,wb_foodindex,45.0,fewsnet_prices,231269,0.3949,hdx_knbs,50.0,,mixed,Arid ASAL,-0.4999999999999997,-0.8660254037844388,-0.8265304697883015,8.336666666666657,60.913333333333334,11.64,144.79,0.08645392556703041,22.686666666666667,23.435000000000002,22.21,22.97,-1.4364708190293558,0.4752,0.5039166666666667,0.4256,0.5623,-1.2755957054047973,0.2764,0.2914333333333334,0.2521,0.3494,-1.3652439003866068,48.833333333333336,49.461666666666666,50.5,51.77,-13.077071663125373
006,2021,9,Isiolo,2021-09-01,7.06,23.85,chirps+openmeteo,0.4398,0.2598,modis,123.29,wb_foodindex,46.27,fewsnet_prices,231269,0.3949,hdx_knbs,50.0,,mixed,Arid ASAL,-0.8660254037844385,-0.5000000000000004,-0.8312269553634535,8.966666666666656,52.85833333333334,8.2,5.17,0.6845199864060505,23.10666666666667,23.15833333333333,23.26,22.59,-1.5418283940515285,0.43860000000000005,0.4926,0.4504,0.5496,-1.2301492176505522,0.25616666666666665,0.2884333333333333,0.2566,0.3205,-0.8072234707998616,47.25666666666667,49.09,45.0,51.0,-9.27450980392156
006,2021,10,Isiolo,2021-10-01,67.24,24.94,chirps+openmeteo,0.4564,0.2465,modis,123.29,wb_foodindex,47.67,fewsnet_prices,231269,0.3949,hdx_knbs,50.0,fewsnet_ipc,mixed,Arid ASAL,-1.0,-1.8369701987210297e-16,-0.2770169174771051,27.49999999999999,40.68333333333334,7.06,11.64,1.5977818954277696,24.01666666666667,23.30333333333333,23.85,22.21,-1.3188863661243164,0.4488666666666667,0.4806833333333333,0.4398,0.4256,-1.427335541012349,0.25429999999999997,0.28081666666666666,0.2598,0.2521,-0.22762663451502316,46.31333333333333,48.70166666666666,46.27,50.5,-5.603960396039598
006,2021,11,Isiolo,2021-11-01,128.92,24.4,chirps+openmeteo,0.523,0.31,modis,123.29,wb_foodindex,51.5,fewsnet_prices,231269,0.3949,hdx_knbs,50.0,,mixed,Arid ASAL,-0.8660254037844386,0.5000000000000001,0.4290395290907378,67.74,38.03833333333334,67.24,8.2,1.0110439003986778,24.396666666666665,23.541666666666668,24.94,23.26,-0.39036949456913506,0.4730666666666667,0.4741333333333333,0.4564,0.4504,-0.19685237243752954,0.2721,0.27425000000000005,0.2465,0.2566,1.2180856009818781,48.48,48.656666666666666,47.67,45.0,14.444444444444438
006,2021,12,Isiolo,2021-12-01,160.3,22.09,chirps+openmeteo,0.6107,0.3641,modis,123.29,wb_foodindex,53.0,fewsnet_prices,231269,0.3949,hdx_knbs,50.0,,mixed,Arid ASAL,-0.5000000000000004,0.8660254037844384,0.8252237776267094,118.81999999999998,63.893333333333345,128.92,7.06,-1.4141741401725507,23.810000000000002,23.458333333333332,24.4,23.85,0.8854535762033512,0.5300333333333334,0.4843166666666667,0.523,0.4398,0.9152373768024539,0.3068666666666667,0.2815166666666667,0.31,0.2598,1.6645050895097113,50.72333333333333,48.99,51.5,46.27,14.545061594985942
006,2022,1,Isiolo,2022-01-01,37.2,23.45,chirps+openmeteo,0.594,0.3522,modis,112.38,wb_foodindex,53.0,fewsnet_prices,231269,0.3949,hdx_knbs,50.0,,mixed,Arid ASAL,0.0,1.0,-0.48979763669621307,108.80666666666666,68.15333333333335,160.3,67.24,-0.030320407326304574,23.313333333333333,23.665000000000003,22.09,24.94,0.6924932608879887,0.5759,0.5123833333333333,0.6107,0.4564,0.7196979013501814,0.3421,0.29819999999999997,0.3641,0.2465,1.5192057454128947,52.5,49.406666666666666,53.0,47.67,11.181036291168445
006,2022,2,Isiolo,2022-02-01,21.26,25.87,chirps+openmeteo,0.5134,0.2835,modis,112.38,wb_foodindex,54.0,fewsnet_prices,231269,0.3949,hdx_knbs,50.0,fewsnet_ipc,mixed,Arid ASAL,0.49999999999999994,0.8660254037844387,-0.6370566379809549,72.92,70.33,37.2,128.92,2.247664839808758,23.80333333333333,24.099999999999998,23.45,24.4,-0.43676131375419414,0.5727,0.5228833333333333,0.594,0.523,-0.6314958410692708,0.33326666666666666,0.3026833333333333,0.3522,0.31,1.674534257443943,53.333333333333336,50.906666666666666,53.0,51.5,4.854368932038833
006,2022,3,Isiolo,2022-03-01,39.55,25.97,chirps+openmeteo,0.4696,0.2756,modis,112.38,wb_foodindex,54.55,fewsnet_prices,231269,0.3949,hdx_knbs,50.0,,mixed,Arid ASAL,0.8660254037844386,0.5000000000000001,-0.39612234943147145,32.669999999999995,75.745,21.26,160.3,2.059280577212502,25.096666666666664,24.453333333333333,25.87,22.09,-1.0127043959284838,0.5256666666666666,0.52785,0.5134,0.6107,-0.7391873843733923,0.3037666666666667,0.3053166666666666,0.2835,0.3641,1.6846879925259706,53.85,52.28666666666666,54.0,53.0,2.9245283018867863
006,2022,4,Isiolo,2022-04-01,130.75,24.64,chirps+openmeteo,0.5086,0.2818,modis,112.38,wb_foodindex,59.8,fewsnet_prices,231269,0.3949,hdx_knbs,50.0,,mixed,Arid ASAL,1.0,6.123233995736766e-17,1.2428383396636886,63.853333333333325,86.33,39.55,37.2,0.8074044507540228,25.493333333333336,24.403333333333332,25.97,23.45,-0.3606375207979101,0.49720000000000003,0.53655,0.4696,0.594,-0.5485319181900142,0.2803,0.3112,0.2756,0.3522,2.648574839696473,56.11666666666667,54.30833333333334,54.55,53.0,12.83018867924528
006,2022,5,Isiolo,2022-05-01,25.08,24.45,chirps+openmeteo,0.5267,0.3037,modis,112.38,wb_foodindex,64.5,fewsnet_prices,231269,0.3949,hdx_knbs,50.0,,mixed,Arid ASAL,0.8660254037844387,-0.4999999999999998,-0.6590536123115179,65.12666666666667,69.02333333333334,130.75,21.26,0.5963501260387793,25.02,24.411666666666665,24.64,25.87,0.03994359595378871,0.5016333333333334,0.5371666666666667,0.5086,0.5134,0.06532083035123637,0.28703333333333336,0.31015,0.2818,0.2835,2.900181328381622,59.61666666666667,56.475,59.8,54.0,19.444444444444443
006,2022,6,Isiolo,2022-06-01,5.7,23.05,chirps+openmeteo,0.4904,0.2914,modis,112.38,wb_foodindex,82.0,fewsnet_prices,231269,0.3949,hdx_knbs,50.0,fewsnet_ipc,mixed,Arid ASAL,0.49999999999999994,-0.8660254037844387,-0.9919960006370602,53.84333333333333,43.25666666666667,25.08,39.55,-0.6212891468544497,24.046666666666667,24.57166666666667,24.45,25.97,-0.5787960807092295,0.5085666666666667,0.5171166666666667,0.5267,0.4696,-0.20385085667362066,0.2923,0.2980333333333333,0.3037,0.2756,3.7231355323475452,68.76666666666667,61.30833333333334,64.5,54.55,50.320806599450066
006,2022,7,Isiolo,2022-07-01,12.93,21.92,chirps+openmeteo,0.4585,0.2607,modis,112.38,wb_foodindex,96.5,fewsnet_prices,231269,0.3949,hdx_knbs,50.0,,mixed,Arid ASAL,1.2246467991473532e-16,-1.0,-0.8574927546168851,14.569999999999988,39.21166666666668,5.7,130.75,-1.5471187643954298,23.14,24.316666666666666,23.05,24.64,-1.123747561497224,0.4918666666666667,0.4945333333333333,0.4904,0.5086,-1.014187027806358,0.2852666666666666,0.28278333333333333,0.2914,0.2818,3.5027153835238902,81.0,68.55833333333334,82.0,59.8,61.371237458193995
006,2022,8,Isiolo,2022-08-01,20.93,22.1,chirps+openmeteo,0.4155,0.2157,modis,112.38,wb_foodindex,89.5,fewsnet_prices,231269,0.3949,hdx_knbs,50.0,,mixed,Arid ASAL,-0.4999999999999997,-0.8660254037844388,-0.7062721975255578,13.186666666666659,39.15666666666667,12.93,25.08,-1.3555541335710075,22.35666666666667,23.688333333333333,21.92,24.45,-1.7416532593588112,0.45480000000000004,0.47821666666666673,0.4585,0.5267,-2.049751044433548,0.25593333333333335,0.27148333333333335,0.2607,0.3037,2.4112346652842604,89.33333333333333,74.47500000000001,96.5,64.5,38.759689922480625
006,2022,9,Isiolo,2022-09-01,9.63,23.22,chirps+openmeteo,0.4275,0.2344,modis,112.38,wb_foodindex,94.5,fewsnet_prices,231269,0.3949,hdx_knbs,50.0,,mixed,Arid ASAL,-0.8660254037844385,-0.5000000000000004,-0.9020224477783206,14.496666666666655,34.17000000000001,20.93,5.7,-0.40961956778237496,22.413333333333338,23.23,22.1,23.05,-1.404820179322721,0.43383333333333335,0.4712,0.4155,0.4904,-1.429544049562582,0.23693333333333333,0.26461666666666667,0.2157,0.2914,2.3055744854500357,93.5,81.13333333333334,89.5,82.0,15.243902439024382
006,2022,10,Isiolo,2022-10-01,38.19,24.38,chirps+openmeteo,0.4161,0.2405,modis,112.38,wb_foodindex,98.0,fewsnet_prices,231269,0.3949,hdx_knbs,50.0,fewsnet_ipc,mixed,Arid ASAL,-1.0,-1.8369701987210297e-16,-0.34705865889963966,22.916666666666657,18.743333333333343,9.63,12.93,0.557624602451825,23.233333333333334,23.186666666666667,23.22,21.92,-1.4745497299270625,0.41969999999999996,0.4557833333333334,0.4275,0.4585,-1.1998553632621722,0.2302,0.2577333333333333,0.2344,0.2607,2.147910991474316,94.0,87.5,94.5,96.5,1.5544041450777257
006,2022,11,Isiolo,2022-11-01,222.98,22.45,chirps+openmeteo,0.4842,0.2733,modis,112.38,wb_foodindex,92.5,fewsnet_prices,231269,0.3949,hdx_knbs,50.0,,mixed,Arid ASAL,-0.8660254037844386,0.5000000000000001,2.674047022499328,90.26666666666665,51.72666666666667,38.19,20.93,-1.0546956182418519,23.349999999999998,22.853333333333335,24.38,22.1,-0.2990440429609885,0.44259999999999994,0.44870000000000004,0.4161,0.4155,-0.35724969291112535,0.24939999999999998,0.25266666666666665,0.2405,0.2157,1.6482109886106764,95.0,92.16666666666667,98.0,89.5,3.3519553072625774
006,2022,12,Isiolo,2022-12-01,93.82,23.04,chirps+openmeteo,0.6021,0.3576,modis,112.38,wb_foodindex,94.5,fewsnet_prices,231269,0.3949,hdx_knbs,50.0,,mixed,Arid ASAL,-0.5000000000000004,0.8660254037844384,0.5393918354056503,118.32999999999998,66.41333333333334,222.98,9.63,-0.548552683480392,23.289999999999996,22.851666666666663,22.45,23.22,1.6905344175763726,0.5008,0.46731666666666666,0.4842,0.4275,1.6999991438000723,0.29046666666666665,0.2637,0.2733,0.2344,1.578063587479199,95.0,94.25,92.5,94.5,0.0
007,2019,1,Meru,2019-01-01,47.23,20.03,chirps+openmeteo,0.6265,0.3751,modis,107.28,wb_foodindex,32.42,fewsnet_prices,273722,0.2917,hdx_knbs,0.0,,mixed,Highland / Mixed,0.0,1.0,,47.23,47.23,,,,20.03,20.03,,,,0.6265,0.6265,,,,0.3751,0.3751,,,,32.42,32.42,,,
007,2019,2,Meru,2019-02-01,34.9,21.17,chirps+openmeteo,0.5137,0.3077,modis,107.28,wb_foodindex,28.96,fewsnet_prices,273722,0.2917,hdx_knbs,0.0,fewsnet_ipc,mixed,Highland / Mixed,0.49999999999999994,0.8660254037844387,,41.065,41.065,47.23,,,20.6,20.6,20.03,,,0.5701,0.5701,0.6265,,,0.3414,0.3414,0.3751,,,30.69,30.69,32.42,,
007,2019,3,Meru,2019-03-01,26.08,22.21,chirps+openmeteo,0.4661,0.2671,modis,107.28,wb_foodindex,28.31,fewsnet_prices,273722,0.2917,hdx_knbs,6.25,,mixed,Highland / Mixed,0.8660254037844386,0.5000000000000001,,36.07,36.07,34.9,,,21.136666666666667,21.136666666666667,21.17,,,0.5354333333333333,0.5354333333333333,0.5137,,,0.3166333333333333,0.3166333333333333,0.3077,,,29.896666666666665,29.896666666666665,28.96,,
007,2019,4,Meru,2019-04-01,173.78,21.9,chirps+openmeteo,0.4653,0.258,modis,107.28,wb_foodindex,36.89,fewsnet_prices,273722,0.2917,hdx_knbs,12.5,,mixed,Highland / Mixed,1.0,6.123233995736766e-17,,78.25333333333333,70.4975,26.08,47.23,,21.76,21.3275,22.21,20.03,,0.4817,0.5179,0.4661,0.6265,,0.2776,0.301975,0.2671,0.3751,,31.386666666666667,31.645,28.31,32.42,13.787785317705126
007,2019,5,Meru,2019-05-01,112.58,20.39,chirps+openmeteo,0.5826,0.3293,modis,107.28,wb_foodindex,39.78,fewsnet_prices,273722,0.2917,hdx_knbs,18.75,,mixed,Highland / Mixed,0.8660254037844387,-0.4999999999999998,,104.14666666666666,78.914,173.78,34.9,,21.5,21.14,21.9,21.17,,0.5046666666666667,0.53084,0.4653,0.5137,,0.2848,0.30744,0.258,0.3077,,34.99333333333333,33.272000000000006,36.89,28.96,37.36187845303866
007,2019,6,Meru,2019-06-01,28.94,19.5,chirps+openmeteo,0.5568,0.3309,modis,107.28,wb_foodindex,39.16,fewsnet_prices,273722,0.2917,hdx_knbs,25.0,fewsnet_ipc,mixed,Highland / Mixed,0.49999999999999994,-0.8660254037844387,-0.6951139405078467,105.10000000000001,70.585,112.58,26.08,-1.2733901808811765,20.596666666666668,20.866666666666667,20.39,22.21,0.33245031551502097,0.5349,0.5351666666666667,0.5826,0.4661,0.44648960538426063,0.30606666666666665,0.31135,0.3293,0.2671,0.9687245813349294,38.61,34.25333333333333,39.78,28.31,38.32567997174144
007,2019,7,Meru,2019-07-01,15.42,19.59,chirps+openmeteo,0.497,0.29,modis,107.28,wb_foodindex,45.0,fewsnet_prices,273722,0.2917,hdx_knbs,31.25,,mixed,Highland / Mixed,1.2246467991473532e-16,-1.0,-0.8078535546652493,52.31333333333333,65.28333333333333,28.94,173.78,-1.0019819964771803,19.826666666666668,20.793333333333333,19.5,21.9,-0.5351663375318378,0.5454666666666667,0.5135833333333334,0.5568,0.4653,-0.4487779569476199,0.3167333333333333,0.29716666666666663,0.3309,0.258,1.4966979072362754,41.31333333333333,36.349999999999994,39.16,36.89,21.984277582000544
007,2019,8,Meru,2019-08-01,18.21,19.77,chirps+openmeteo,0.4581,0.2392,modis,107.28,wb_foodindex,44.0,fewsnet_prices,273722,0.2917,hdx_knbs,37.5,,mixed,Highland / Mixed,-0.4999999999999997,-0.8660254037844388,-0.6899726004127537,20.856666666666666,62.501666666666665,15.42,112.58,-0.7536350039720477,19.62,20.56,19.59,20.39,-1.010681751289075,0.5039666666666667,0.5043166666666666,0.497,0.5826,-1.3445723971567114,0.2867,0.28575,0.29,0.3293,1.1235453437049614,42.72,38.85666666666666,45.0,39.78,10.608345902463556
007,2019,9,Meru,2019-09-01,24.6,20.5,chirps+openmeteo,0.4375,0.235,modis,107.28,wb_foodindex,46.41,fewsnet_prices,273722,0.2917,hdx_knbs,43.75,,mixed,Highland / Mixed,-0.8660254037844385,-0.5000000000000004,-0.5368225222275496,19.41,62.254999999999995,18.21,28.94,-0.0626459057457463,19.953333333333333,20.275000000000002,19.77,19.5,-1.1511216341727346,0.4642,0.49955,0.4581,0.5568,-1.216090032295247,0.2547333333333333,0.2804,0.2392,0.3309,1.2573433785654333,45.13666666666666,41.873333333333335,44.0,39.16,18.51378958120531
007,2019,10,Meru,2019-10-01,448.32,19.66,chirps+openmeteo,0.4578,0.2639,modis,107.28,wb_foodindex,48.59,fewsnet_prices,273722,0.2917,hdx_knbs,50.0,fewsnet_ipc,mixed,Highland / Mixed,-1.0,-1.8369701987210297e-16,2.6361429577713267,163.71,108.01166666666666,24.6,15.42,-0.8294759041859281,19.976666666666663,19.901666666666667,20.5,19.59,-0.7678828194784691,0.45113333333333333,0.49829999999999997,0.4375,0.497,-0.5656670158102465,0.24603333333333333,0.2813833333333333,0.235,0.29,1.3318438247526123,46.333333333333336,43.82333333333333,46.41,45.0,7.977777777777795
007,2019,11,Meru,2019-11-01,489.65,19.47,chirps+openmeteo,0.6966,0.4114,modis,107.28,wb_foodindex,48.7,fewsnet_prices,273722,0.2917,hdx_knbs,37.5,,mixed,Highland / Mixed,-0.8660254037844386,0.5000000000000001,2.0595524710823554,320.8566666666666,170.85666666666665,448.32,18.21,-0.9327343434738237,19.876666666666665,19.74833333333333,19.66,19.77,2.0898209788497604,0.5306333333333334,0.5173,0.4578,0.4581,1.9543759465772452,0.3034333333333334,0.29506666666666664,0.2639,0.2392,1.186651384431047,47.9,45.31,48.59,44.0,10.681818181818192
007,2019,12,Meru,2019-12-01,275.49,19.71,chirps+openmeteo,0.723,0.4516,modis,107.28,wb_foodindex,48.64,fewsnet_prices,273722,0.2917,hdx_knbs,25.0,,mixed,Highland / Mixed,-0.5000000000000004,0.8660254037844384,0.7794608506035429,404.4866666666667,211.94833333333335,489.65,24.6,-0.6466328081710112,19.613333333333333,19.783333333333335,19.47,20.5,1.8709255812237058,0.6258,0.545,0.6966,0.4375,1.9935698495693608,0.3756333333333333,0.3151833333333333,0.4114,0.235,1.0672188380459002,48.64333333333334,46.89000000000001,48.7,46.41,4.804998922645987
007,2020,1,Meru,2020-01-01,111.45,20.23,chirps+openmeteo,0.6867,0.4287,modis,125.82,wb_foodindex,44.77,fewsnet_prices,273722,0.2917,hdx_knbs,12.5,,mixed,Highland / Mixed,0.0,1.0,-0.16672929491449176,292.19666666666666,227.95333333333335,275.49,448.32,-0.09626239613366919,19.803333333333335,19.89,19.71,19.66,1.326108110339745,0.7021000000000001,0.5766166666666667,0.723,0.4578,1.444848361440463,0.4305666666666667,0.33830000000000005,0.4516,0.2639,0.5286044162228597,47.370000000000005,46.85166666666667,48.64,48.59,-7.861699938258903
007,2020,2,Meru,2020-02-01,73.9,20.43,chirps+openmeteo,0.6753,0.4041,modis,125.82,wb_foodindex,34.4,fewsnet_prices,273722,0.2917,hdx_knbs,0.0,fewsnet_ipc,mixed,Highland / Mixed,0.49999999999999994,0.8660254037844387,-0.37871903248911226,153.61333333333334,237.23499999999999,111.45,489.65,0.11908191379585181,20.12333333333333,20.0,20.23,19.47,1.1119728569302902,0.695,0.6128166666666667,0.6867,0.6966,1.0261258760677086,0.4281333333333334,0.36578333333333335,0.4287,0.4114,-0.831312339188269,42.60333333333333,45.251666666666665,44.77,48.7,-29.363449691991793
007,2020,3,Meru,2020-03-01,153.77,21.0,chirps+openmeteo,0.6453,0.3628,modis,125.82,wb_foodindex,28.7,fewsnet_prices,273722,0.2917,hdx_knbs,0.0,,mixed,Highland / Mixed,0.8660254037844386,0.5000000000000001,0.1179793775766574,113.04,258.7633333333333,73.9,275.49,0.7303702763882636,20.55333333333333,20.083333333333332,20.43,19.71,0.7776236289574445,0.6690999999999999,0.64745,0.6753,0.723,0.4509397050805456,0.3985333333333334,0.3870833333333334,0.4041,0.4516,-1.4371106799066273,35.95666666666667,42.3,34.4,48.64,-40.995065789473685
007,2020,4,Meru,2020-04-01,565.49,20.32,chirps+openmeteo,0.6633,0.4167,modis,125.82,wb_foodindex,30.0,fewsnet_prices,273722,0.2917,hdx_knbs,0.0,,mixed,Highland / Mixed,1.0,6.123233995736766e-17,2.1974100741660596,264.3866666666667,278.2916666666667,153.77,111.45,-0.057054158690848435,20.583333333333332,20.19333333333333,21.0,20.23,0.8986776150712991,0.6613,0.6817000000000001,0.6453,0.6867,1.111480164617839,0.39453333333333335,0.41255000000000003,0.3628,0.4287,-1.1678723744830444,31.03333333333333,39.20166666666666,28.7,44.77,-32.99084208175118
007,2020,5,Meru,2020-05-01,133.59,20.31,chirps+openmeteo,0.7211,0.4571,modis,125.82,wb_foodindex,29.5,,273722,0.2917,hdx_knbs,0.0,,mixed,Highland / Mixed,0.8660254037844387,-0.4999999999999998,-0.15304569293378392,284.28333333333336,218.9483333333333,565.49,73.9,-0.06712464192892131,20.543333333333333,20.333333333333332,20.32,20.43,1.3388436285431724,0.6765666666666666,0.6857833333333333,0.6633,0.6753,1.494489684907137,0.41220000000000007,0.42016666666666674,0.4167,0.4041,-1.1446682897239113,29.400000000000002,36.001666666666665,30.0,34.4,-14.24418604651162
007,2020,6,Meru,2020-06-01,27.12,19.78,chirps+openmeteo,0.6448,0.3915,modis,125.82,wb_foodindex,29.0,,273722,0.2917,hdx_knbs,0.0,fewsnet_ipc,mixed,Highland / Mixed,0.49999999999999994,-0.8660254037844387,-0.7203050073525321,242.06666666666672,177.5533333333333,133.59,153.77,-0.6946375233205805,20.136666666666667,20.345,20.31,21.0,0.5883760739778996,0.6764,0.6727500000000001,0.7211,0.6453,0.6121901756551373,0.4217666666666667,0.41015,0.4571,0.3628,-1.1287273951284202,29.5,32.72833333333333,29.5,28.7,1.0452961672473782
007,2020,7,Meru,2020-07-01,24.3,19.4,chirps+openmeteo,0.5505,0.325,modis,125.82,wb_foodindex,28.5,,273722,0.2917,hdx_knbs,6.25,,mixed,Highland / Mixed,1.2246467991473532e-16,-1.0,-0.7072560764652462,61.67000000000004,163.02833333333334,27.12,565.49,-1.1021148729511734,19.83,20.206666666666667,19.78,20.32,-0.31956116349056163,0.6387999999999999,0.65005,0.6448,0.6633,-0.266548677030084,0.3912,0.3928666666666667,0.3915,0.4167,-1.118329851887979,29.0,30.016666666666666,29.0,30.0,-5.000000000000004
007,2020,8,Meru,2020-08-01,34.7,19.29,chirps+openmeteo,0.5124,0.2756,modis,125.82,wb_foodindex,28.0,fewsnet_prices,273722,0.2917,hdx_knbs,12.5,,mixed,Highland / Mixed,-0.4999999999999997,-0.8660254037844388,-0.6247233031270661,28.706666666666706,156.495,24.3,133.59,-1.1635107843884787,19.49,20.016666666666666,19.4,20.31,-0.6742984930449754,0.5692333333333334,0.6229,0.5505,0.7211,-0.8991081582312724,0.3307,0.37145,0.325,0.4571,-1.1122472393928016,28.5,28.95,28.5,29.5,-5.0847457627118615
007,2020,9,Meru,2020-09-01,28.48,19.91,chirps+openmeteo,0.4884,0.282,modis,125.82,wb_foodindex,32.8,fewsnet_prices,273722,0.2917,hdx_knbs,18.75,,mixed,Highland / Mixed,-0.8660254037844385,-0.5000000000000004,-0.6391901609905694,29.16000000000004,135.61333333333334,34.7,27.12,-0.38787182117790725,19.53333333333333,19.834999999999997,19.29,19.78,-0.8779126344767617,0.5171,0.59675,0.5124,0.6448,-0.7798550234918262,0.2942,0.3579833333333333,0.2756,0.3915,-0.5029303820654898,29.766666666666666,29.633333333333336,28.0,29.0,13.10344827586205
007,2020,10,Meru,2020-10-01,112.7,20.9,chirps+openmeteo,0.4808,0.2695,modis,125.82,wb_foodindex,34.45,fewsnet_prices,273722,0.2917,hdx_knbs,25.0,fewsnet_ipc,mixed,Highland / Mixed,-1.0,-1.8369701987210297e-16,-0.13368308219088226,58.6266666666667,60.14833333333333,28.48,24.3,0.8270910264303111,20.033333333333335,19.93166666666667,19.91,19.4,-0.9146165687423142,0.4938666666666666,0.5663333333333334,0.4884,0.5505,-0.9127952284541505,0.27570000000000006,0.33345,0.282,0.325,-0.2877555801491321,31.75,30.375,32.8,28.5,20.87719298245616
007,2020,11,Meru,2020-11-01,229.91,19.51,chirps+openmeteo,0.6287,0.3624,modis,125.82,wb_foodindex,35.05,fewsnet_prices,273722,0.2917,hdx_knbs,25.0,,mixed,Highland / Mixed,-0.8660254037844386,0.5000000000000001,0.5659669209014759,123.69666666666672,76.20166666666667,112.7,34.7,-0.9003806987116705,20.10666666666667,19.798333333333336,20.9,19.29,0.5774057357685436,0.5326333333333334,0.5509333333333334,0.4808,0.5124,0.3706859674109291,0.30463333333333337,0.3176666666666667,0.2695,0.2756,-0.20574577056228854,34.1,31.3,34.45,28.0,25.178571428571427
007,2020,12,Meru,2020-12-01,80.17,19.53,chirps+openmeteo,0.6635,0.4088,modis,125.82,wb_foodindex,34.3,fewsnet_prices,273722,0.2917,hdx_knbs,25.0,,mixed,Highland / Mixed,-0.5000000000000004,0.8660254037844384,-0.35507551969872353,140.9266666666667,85.04333333333334,229.91,28.48,-0.8433384013686547,19.98,19.756666666666668,19.51,19.91,0.901957731890354,0.5910000000000001,0.55405,0.6287,0.4884,0.9861337836262455,0.34690000000000004,0.32054999999999995,0.3624,0.282,-0.29792795772264774,34.6,32.18333333333334,35.05,32.8,4.57317073170731
007,2021,1,Meru,2021-01-01,43.78,19.75,chirps+openmeteo,0.6305,0.3586,modis,123.29,wb_foodindex,36.58,fewsnet_prices,273722,0.2917,hdx_knbs,25.0,,mixed,Highland / Mixed,0.0,1.0,-0.5841208100669107,117.95333333333338,88.29,80.17,112.7,-0.5432162127011867,19.596666666666668,19.815,19.53,20.9,0.5566097621359712,0.6408999999999999,0.5673833333333332,0.6635,0.4808,0.284666987247039,0.3766,0.32615,0.4088,0.2695,-0.014511543054243148,35.309999999999995,33.53,34.3,34.45,6.182873730043537
007,2021,2,Meru,2021-02-01,32.31,21.14,chirps+openmeteo,0.5569,0.3121,modis,123.29,wb_foodindex,34.85,fewsnet_prices,273722,0.2917,hdx_knbs,25.0,fewsnet_ipc,mixed,Highland / Mixed,0.49999999999999994,0.8660254037844387,-0.6556774607796981,52.0866666666667,87.89166666666667,43.78,229.91,1.232362736442916,20.14,20.123333333333335,19.75,19.51,-0.2284804528103965,0.6169666666666666,0.5748,0.6305,0.6287,-0.38091254839911565,0.3598333333333333,0.3322333333333333,0.3586,0.3624,-0.2889568849240205,35.24333333333333,34.67166666666667,36.58,35.05,-0.5706134094151105
007,2021,3,Meru,2021-03-01,63.6,21.83,chirps+openmeteo,0.5226,0.2886,modis,123.29,wb_foodindex,31.62,fewsnet_prices,273722,0.2917,hdx_knbs,25.0,,mixed,Highland / Mixed,0.8660254037844386,0.5000000000000001,-0.47058858485258664,46.56333333333337,93.745,32.31,80.17,2.2489915489560737,20.906666666666666,20.443333333333335,21.14,19.53,-0.6271314007883103,0.57,0.5804999999999999,0.5569,0.6635,-0.737563165068995,0.3197666666666667,0.3333333333333333,0.3121,0.4088,-0.7714616419137611,34.35,34.475,34.85,34.3,-7.813411078717191
007,2021,4,Meru,2021-04-01,203.74,20.73,chirps+openmeteo,0.565,0.3212,modis,123.29,wb_foodindex,32.03,fewsnet_prices,273722,0.2917,hdx_knbs,25.0,,mixed,Highland / Mixed,1.0,6.123233995736766e-17,0.4116408507585821,99.88333333333337,108.91833333333334,63.6,43.78,0.9428133085496362,21.23333333333333,20.415000000000003,21.83,19.75,-0.22461690210099314,0.5481666666666666,0.5945333333333332,0.5226,0.6305,-0.3144278949697012,0.30729999999999996,0.34195,0.2886,0.3586,-0.6776075684743038,32.833333333333336,34.071666666666665,31.62,36.58,-12.438490978676864
007,2021,5,Meru,2021-05-01,207.83,19.73,chirps+openmeteo,0.6408,0.4081,modis,123.29,wb_foodindex,32.83,fewsnet_prices,273722,0.2917,hdx_knbs,25.0,,mixed,Highland / Mixed,0.8660254037844387,-0.4999999999999998,0.411084791645826,158.39000000000004,105.23833333333334,203.74,32.31,-0.5357258748914148,20.763333333333335,20.451666666666664,20.73,21.14,0.5860070342208507,0.5761333333333333,0.5965499999999999,0.565,0.5569,0.9126883095678032,0.3393,0.34956666666666664,0.3212,0.3121,-0.523702076326141,32.16,33.70166666666666,32.03,34.85,-5.796269727403169
007,2021,6,Meru,2021-06-01,7.58,19.21,chirps+openmeteo,0.5956,0.3577,modis,123.29,wb_foodindex,32.83,fewsnet_prices,273722,0.2917,hdx_knbs,25.0,fewsnet_ipc,mixed,Highland / Mixed,0.49999999999999994,-0.8660254037844387,-0.8454937249140224,139.7166666666667,93.14,207.83,63.6,-1.2801671297397237,19.89,20.398333333333333,19.73,21.83,0.07008551784426659,0.6004666666666667,0.5852333333333334,0.6408,0.5226,0.1602638167269207,0.3623333333333334,0.34105,0.4081,0.2886,-0.4856754472560654,32.56333333333333,33.45666666666666,32.83,31.62,3.826691967109408
007,2021,7,Meru,2021-07-01,19.57,19.05,chirps+openmeteo,0.4756,0.2762,modis,123.29,wb_foodindex,34.98,fewsnet_prices,273722,0.2917,hdx_knbs,25.0,,mixed,Highland / Mixed,1.2246467991473532e-16,-1.0,-0.7718085395703308,78.32666666666671,89.105,7.58,203.74,-1.4307212854549904,19.330000000000002,20.281666666666666,19.21,20.73,-1.2319817786658778,0.5706666666666668,0.5594166666666667,0.5956,0.565,-1.0141529739965989,0.3473333333333333,0.3273166666666667,0.3577,0.3212,-0.1322425527861704,33.54666666666666,33.19,32.83,32.03,9.210115516703077
007,2021,8,Meru,2021-08-01,13.78,19.97,chirps+openmeteo,0.452,0.2598,modis,123.29,wb_foodindex,35.1,fewsnet_prices,273722,0.2917,hdx_knbs,25.0,,mixed,Highland / Mixed,-0.4999999999999997,-0.8660254037844388,-0.8063422085371758,13.643333333333372,86.01666666666667,19.57,207.83,-0.12460965341220122,19.41,20.086666666666666,19.05,19.73,-1.4808059975417636,0.5077333333333334,0.5419333333333333,0.4756,0.6408,-1.2880965065266334,0.2979,0.3186,0.2762,0.4081,-0.0634558357469301,34.303333333333335,33.23166666666666,34.98,32.83,6.914407554066404
007,2021,9,Meru,2021-09-01,12.37,20.84,chirps+openmeteo,0.4335,0.2564,modis,123.29,wb_foodindex,37.5,fewsnet_prices,273722,0.2917,hdx_knbs,25.0,,mixed,Highland / Mixed,-0.8660254037844385,-0.5000000000000004,-0.8099106312416083,15.240000000000038,77.47833333333334,13.78,7.58,1.0859739792238075,19.953333333333333,19.921666666666667,19.97,19.21,-1.675008702955365,0.4537,0.5270833333333333,0.452,0.5956,-1.3802867177434812,0.26413333333333333,0.3132333333333333,0.2598,0.3577,0.370790879963736,35.85999999999999,34.211666666666666,35.1,32.83,14.2247943953701
007,2021,10,Meru,2021-10-01,87.11,21.56,chirps+openmeteo,0.454,0.2451,modis,123.29,wb_foodindex,39.8,fewsnet_prices,273722,0.2917,hdx_knbs,25.0,fewsnet_ipc,mixed,Highland / Mixed,-1.0,-1.8369701987210297e-16,-0.26964457109378137,37.753333333333366,58.04,12.37,19.57,1.8447672011975587,20.79,20.060000000000002,20.84,19.05,-1.4472565064061271,0.44649999999999995,0.5085833333333334,0.4335,0.4756,-1.512967729770244,0.2537666666666667,0.30055,0.2564,0.2762,0.8730434899433696,37.46666666666667,35.50666666666667,37.5,34.98,13.779302458547749
007,2021,11,Meru,2021-11-01,160.15,21.16,chirps+openmeteo,0.5421,0.3206,modis,123.29,wb_foodindex,40.43,fewsnet_prices,273722,0.2917,hdx_knbs,31.25,,mixed,Highland / Mixed,-0.8660254037844386,0.5000000000000001,0.38436117489220734,86.54333333333336,50.093333333333334,87.11,13.78,1.209709877632616,21.186666666666667,20.298333333333336,21.56,19.97,-0.4366972131318964,0.4765333333333333,0.49213333333333337,0.454,0.452,-0.34349457801434957,0.27403333333333335,0.28596666666666665,0.2451,0.2598,1.1786187109561106,39.24333333333333,36.77333333333333,39.8,35.1,15.18518518518519
007,2021,12,Meru,2021-12-01,217.52,19.14,chirps+openmeteo,0.6557,0.4047,modis,123.29,wb_foodindex,40.1,fewsnet_prices,273722,0.2917,hdx_knbs,37.5,,mixed,Highland / Mixed,-0.5000000000000004,0.8660254037844384,0.8878267122963026,154.9266666666667,85.08333333333333,160.15,12.37,-1.3186701712623468,20.62,20.286666666666665,21.16,20.84,0.894603018253481,0.5506,0.50215,0.5421,0.4335,0.9968950678868967,0.32346666666666674,0.2938,0.3206,0.2564,1.4056885457499475,40.10999999999999,37.985,40.43,37.5,6.933333333333347
007,2022,1,Meru,2022-01-01,41.69,20.38,chirps+openmeteo,0.6688,0.4065,modis,112.38,wb_foodindex,44.0,fewsnet_prices,273722,0.2917,hdx_knbs,43.75,,mixed,Highland / Mixed,0.0,1.0,-0.5391934394875123,139.78666666666672,88.77,217.52,87.11,0.22075587839083596,20.226666666666667,20.508333333333333,19.14,21.56,1.0663139639811738,0.6222,0.53435,0.6557,0.454,1.059422323900238,0.3772666666666667,0.31551666666666667,0.4047,0.2451,2.3702883326752895,41.51,39.48833333333334,40.1,39.8,10.552763819095489
007,2022,2,Meru,2022-02-01,25.67,21.82,chirps+openmeteo,0.5471,0.3071,modis,112.38,wb_foodindex,43.53,fewsnet_prices,273722,0.2917,hdx_knbs,50.0,fewsnet_ipc,mixed,Highland / Mixed,0.49999999999999994,0.8660254037844387,-0.6491613281502524,94.96000000000005,90.75166666666668,41.69,160.15,1.7986622371266208,20.446666666666665,20.816666666666666,20.38,21.16,-0.30570126422912586,0.6238666666666667,0.5502,0.6688,0.5421,-0.4793995803268828,0.3727666666666667,0.32339999999999997,0.4065,0.3206,1.9682023838608944,42.54333333333333,40.89333333333333,44.0,40.43,7.667573583972298
007,2022,3,Meru,2022-03-01,42.96,22.19,chirps+openmeteo,0.4995,0.291,modis,112.38,wb_foodindex,41.17,fewsnet_prices,273722,0.2917,hdx_knbs,50.0,,mixed,Highland / Mixed,0.8660254037844386,0.5000000000000001,-0.46985072205680806,36.773333333333376,95.85000000000001,25.67,217.52,1.9958139059498166,21.463333333333335,21.041666666666668,21.82,19.14,-0.808517978985213,0.5718,0.5612,0.5471,0.6557,-0.6891228512135574,0.33486666666666665,0.32916666666666666,0.3071,0.4047,1.3368567486906453,42.9,41.505,43.53,40.1,2.668329177057349
007,2022,4,Meru,2022-04-01,195.71,21.38,chirps+openmeteo,0.5467,0.3053,modis,112.38,wb_foodindex,48.07,fewsnet_prices,273722,0.2917,hdx_knbs,50.0,,mixed,Highland / Mixed,1.0,6.123233995736766e-17,1.4454464662203486,88.11333333333339,113.95,42.96,41.69,1.0606778143586768,21.796666666666667,21.011666666666667,22.19,20.38,-0.1849230234463213,0.5311,0.57665,0.4995,0.6688,-0.39693847145230055,0.3011333333333334,0.3392,0.291,0.4065,2.3604852544780925,44.25666666666666,42.88333333333333,41.17,44.0,9.250000000000004
007,2022,5,Meru,2022-05-01,36.29,20.93,chirps+openmeteo,0.5971,0.3495,modis,112.38,wb_foodindex,57.4,fewsnet_prices,273722,0.2917,hdx_knbs,50.0,,mixed,Highland / Mixed,0.8660254037844387,-0.4999999999999998,-0.58861180223571,91.65333333333338,93.30666666666666,195.71,25.67,0.5643865430073579,21.5,20.973333333333333,21.38,21.82,0.5571638429517067,0.5477666666666666,0.5858166666666667,0.5467,0.5471,0.4775973562815787,0.3152666666666667,0.34401666666666664,0.3053,0.3071,3.0673015277027194,48.879999999999995,45.711666666666666,48.07,43.53,31.863082931311727
007,2022,6,Meru,2022-06-01,8.54,19.91,chirps+openmeteo,0.5421,0.3221,modis,112.38,wb_foodindex,88.13,fewsnet_prices,273722,0.2917,hdx_knbs,50.0,fewsnet_ipc,mixed,Highland / Mixed,0.49999999999999994,-0.8660254037844387,-0.9339659847775206,80.18000000000005,58.47666666666666,36.29,42.96,-0.4902250551256043,20.74,21.101666666666667,20.93,22.19,-0.14117379035001204,0.5619666666666666,0.5668833333333333,0.5971,0.4995,0.013539603776052796,0.3256333333333334,0.33025,0.3495,0.291,3.9840761763219645,64.53333333333332,53.71666666666667,57.4,41.17,114.06363857177553
007,2022,7,Meru,2022-07-01,21.11,18.73,chirps+openmeteo,0.4791,0.2691,modis,112.38,wb_foodindex,84.27,fewsnet_prices,273722,0.2917,hdx_knbs,50.0,,mixed,Highland / Mixed,1.2246467991473532e-16,-1.0,-0.7679124631457519,21.980000000000047,55.04666666666666,8.54,195.71,-1.613233075995478,19.856666666666666,20.826666666666668,19.91,21.38,-0.9690249606556486,0.5394333333333333,0.5352666666666667,0.5421,0.5467,-0.9635257771514179,0.3135666666666667,0.30735,0.3221,0.3053,2.827885493839083,76.6,60.428333333333335,88.13,48.07,75.30684418556271
007,2022,8,Meru,2022-08-01,31.26,18.65,chirps+openmeteo,0.4193,0.2122,modis,112.38,wb_foodindex,76.67,fewsnet_prices,273722,0.2917,hdx_knbs,50.0,,mixed,Highland / Mixed,-0.4999999999999997,-0.8660254037844388,-0.6336233868154719,20.30333333333338,55.97833333333333,21.11,36.29,-1.606822163482296,19.096666666666668,20.298333333333336,18.73,20.93,-1.642583376689014,0.4801666666666667,0.5139666666666666,0.4791,0.5971,-1.8727583887325272,0.26780000000000004,0.2915333333333333,0.2691,0.3495,2.0149851141142023,83.02333333333333,65.95166666666667,84.27,57.4,33.571428571428584
007,2022,9,Meru,2022-09-01,16.56,20.27,chirps+openmeteo,0.4211,0.2269,modis,112.38,wb_foodindex,82.23,fewsnet_prices,273722,0.2917,hdx_knbs,50.0,,mixed,Highland / Mixed,-0.8660254037844385,-0.5000000000000004,-0.8136120607806903,22.976666666666716,51.578333333333326,31.26,8.54,-0.07313502289488016,19.216666666666665,19.97833333333333,18.65,19.91,-1.516693937518412,0.43983333333333335,0.5009,0.4193,0.5421,-1.498505258905299,0.23606666666666673,0.28085,0.2122,0.3221,2.0301511673894055,81.05666666666666,72.795,76.67,88.13,-6.694655622376022
007,2022,10,Meru,2022-10-01,47.91,20.95,chirps+openmeteo,0.4127,0.238,modis,112.38,wb_foodindex,85.0,fewsnet_prices,273722,0.2917,hdx_knbs,50.0,fewsnet_ipc,mixed,Highland / Mixed,-1.0,-1.8369701987210297e-16,-0.3749465743294441,31.910000000000043,26.944999999999997,16.56,21.11,0.57642168718232,19.956666666666667,19.906666666666666,20.27,18.73,-1.5212705301326213,0.41769999999999996,0.47856666666666664,0.4211,0.4791,-1.2553693419535064,0.2257,0.26963333333333334,0.2269,0.2691,1.9062010139825676,81.3,78.95,82.23,84.27,0.8662632016138705
007,2022,11,Meru,2022-11-01,286.87,19.29,chirps+openmeteo,0.5198,0.2945,modis,112.38,wb_foodindex,83.97,fewsnet_prices,273722,0.2917,hdx_knbs,50.0,,mixed,Highland / Mixed,-0.8660254037844386,0.5000000000000001,2.4989675413190375,117.11333333333339,68.70833333333333,47.91,31.26,-0.9969192266316441,20.169999999999998,19.63333333333333,20.95,18.65,-0.18756627755950392,0.4512,0.4656833333333334,0.4127,0.4193,-0.2638508723701843,0.2531333333333334,0.2604666666666667,0.238,0.2122,1.6530325366573242,83.73333333333333,83.37833333333333,85.0,76.67,9.521325159775662
007,2022,12,Meru,2022-12-01,99.48,19.32,chirps+openmeteo,0.6728,0.428,modis,112.38,wb_foodindex,80.57,fewsnet_prices,273722,0.2917,hdx_knbs,50.0,,mixed,Highland / Mixed,-0.5000000000000004,0.8660254037844384,0.23257797667727562,144.7533333333334,83.865,286.87,16.56,-0.952978153630263,19.85333333333333,19.535,19.29,20.27,1.6764117218392658,0.5351,0.48746666666666666,0.5198,0.4211,1.9443263277600746,0.3201666666666667,0.2781166666666667,0.2945,0.2269,1.3530906741177648,83.17999999999999,82.11833333333333,83.97,82.23,-2.0187279581661333
008,2019,1,Tharaka-Nithi,2019-01-01,46.2,18.95,chirps+openmeteo,0.7072,0.43,modis,107.28,wb_foodindex,29.0,fewsnet_prices,335299,0.2564,hdx_knbs,25.0,,mixed,Highland,0.0,1.0,,46.2,46.2,,,,18.95,18.95,,,,0.7072,0.7072,,,,0.43,0.43,,,,29.0,29.0,,,
008,2019,2,Tharaka-Nithi,2019-02-01,29.15,19.85,chirps+openmeteo,0.6141,0.3736,modis,107.28,wb_foodindex,29.0,fewsnet_prices,335299,0.2564,hdx_knbs,25.0,fewsnet_ipc,mixed,Highland,0.49999999999999994,0.8660254037844387,,37.675,37.675,46.2,,,19.4,19.4,18.95,,,0.66065,0.66065,0.7072,,,0.4018,0.4018,0.43,,,29.0,29.0,29.0,,
008,2019,3,Tharaka-Nithi,2019-03-01,27.69,20.84,chirps+openmeteo,0.5642,0.3335,modis,107.28,wb_foodindex,30.0,fewsnet_prices,335299,0.2564,hdx_knbs,25.0,,mixed,Highland,0.8660254037844386,0.5000000000000001,,34.34666666666667,34.34666666666667,29.15,,,19.88,19.88,19.85,,,0.6285,0.6285,0.6141,,,0.37903333333333333,0.37903333333333333,0.3736,,,29.333333333333332,29.333333333333332,29.0,,
008,2019,4,Tharaka-Nithi,2019-04-01,201.08,20.2,chirps+openmeteo,0.5767,0.3283,modis,107.28,wb_foodindex,40.0,fewsnet_prices,335299,0.2564,hdx_knbs,25.0,,mixed,Highland,1.0,6.123233995736766e-17,,85.97333333333334,76.03,27.69,46.2,,20.296666666666667,19.96,20.84,18.95,,0.585,0.61555,0.5642,0.7072,,0.34513333333333335,0.36635,0.3335,0.43,,33.0,32.0,30.0,29.0,37.93103448275863
008,2019,5,Tharaka-Nithi,2019-05-01,144.93,18.64,chirps+openmeteo,0.6564,0.3883,modis,107.28,wb_foodindex,46.0,fewsnet_prices,335299,0.2564,hdx_knbs,25.0,,mixed,Highland,0.8660254037844387,-0.4999999999999998,,124.56666666666668,89.81000000000002,201.08,29.15,,19.893333333333334,19.696,20.2,19.85,,0.5991,0.6237199999999999,0.5767,0.6141,,0.35003333333333336,0.37073999999999996,0.3283,0.3736,,38.666666666666664,34.8,40.0,29.0,58.62068965517242
008,2019,6,Tharaka-Nithi,2019-06-01,36.11,17.54,chirps+openmeteo,0.6259,0.3914,modis,107.28,wb_foodindex,45.0,fewsnet_prices,335299,0.2564,hdx_knbs,25.0,fewsnet_ipc,mixed,Highland,0.49999999999999994,-0.8660254037844387,-0.6060296786520999,127.37333333333333,80.86,144.93,27.69,-1.5043710410120879,18.793333333333333,19.336666666666666,18.64,20.84,0.0344712843860394,0.6196666666666667,0.6240833333333333,0.6564,0.5642,0.44837659223267934,0.36933333333333335,0.3741833333333333,0.3883,0.3335,1.0470712097852528,43.666666666666664,36.5,46.0,30.0,50.0
008,2019,7,Tharaka-Nithi,2019-07-01,21.32,17.29,chirps+openmeteo,0.5786,0.3553,modis,107.28,wb_foodindex,48.0,fewsnet_prices,335299,0.2564,hdx_knbs,31.25,,mixed,Highland,1.2246467991473532e-16,-1.0,-0.7181371997138719,67.45333333333333,76.71333333333334,36.11,201.08,-1.312304381087657,17.823333333333334,19.06,17.54,20.2,-0.7631040113818828,0.6203,0.60265,0.6259,0.5767,-0.4524755091291968,0.37833333333333335,0.3617333333333333,0.3914,0.3283,1.1473471706305447,46.333333333333336,39.666666666666664,45.0,40.0,19.999999999999996
008,2019,8,Tharaka-Nithi,2019-08-01,26.66,17.46,chirps+openmeteo,0.5555,0.2924,modis,107.28,wb_foodindex,49.0,fewsnet_prices,335299,0.2564,hdx_knbs,37.5,,mixed,Highland,-0.4999999999999997,-0.8660254037844388,-0.5901679897147306,28.03,76.29833333333333,21.32,144.93,-1.0204375359947968,17.429999999999996,18.661666666666665,17.29,18.64,-1.041828181556734,0.5866666666666667,0.5928833333333333,0.5786,0.6564,-1.5965662849001752,0.3463666666666667,0.3482,0.3553,0.3883,1.075663182437366,47.333333333333336,43.0,48.0,46.0,6.521739130434789
008,2019,9,Tharaka-Nithi,2019-09-01,39.61,18.23,chirps+openmeteo,0.528,0.2906,modis,107.28,wb_foodindex,49.0,fewsnet_prices,335299,0.2564,hdx_knbs,43.75,,mixed,Highland,-0.8660254037844385,-0.5000000000000004,-0.3753953811107541,29.19666666666667,78.28500000000001,26.66,36.11,-0.42554342400447637,17.66,18.226666666666667,17.46,17.54,-1.3015016354388917,0.5540333333333334,0.58685,0.5555,0.6259,-1.3443420224426583,0.3127666666666667,0.34105,0.2924,0.3914,0.9544470474937419,48.666666666666664,46.166666666666664,49.0,45.0,8.888888888888879
008,2019,10,Tharaka-Nithi,2019-10-01,468.92,18.17,chirps+openmeteo,0.5382,0.3226,modis,107.28,wb_foodindex,49.81,fewsnet_prices,335299,0.2564,hdx_knbs,50.0,fewsnet_ipc,mixed,Highland,-1.0,-1.8369701987210297e-16,2.574867622919722,178.39666666666668,122.92500000000001,39.61,21.32,-0.445168329565503,17.953333333333333,17.888333333333332,18.23,17.29,-1.0000570015093233,0.5405666666666666,0.5804333333333332,0.528,0.5786,-0.6175415622477107,0.30186666666666667,0.3401,0.2906,0.3553,0.9421998685231411,49.27,47.80166666666667,49.0,48.0,3.7708333333333455
008,2019,11,Tharaka-Nithi,2019-11-01,458.1,18.07,chirps+openmeteo,0.6957,0.4044,modis,107.28,wb_foodindex,55.13,fewsnet_prices,335299,0.2564,hdx_knbs,43.75,,mixed,Highland,-0.8660254037844386,0.5000000000000001,1.87497808370116,322.21,175.12000000000003,468.92,26.66,-0.4976562951699344,18.15666666666667,17.793333333333333,18.17,17.46,1.4963240392319863,0.5873,0.5869833333333334,0.5382,0.5555,1.0639042652598547,0.33919999999999995,0.3427833333333334,0.3226,0.2924,1.3282663635400653,51.31333333333333,49.32333333333333,49.81,49.0,12.510204081632658
008,2019,12,Tharaka-Nithi,2019-12-01,273.01,18.15,chirps+openmeteo,0.7331,0.4447,modis,107.28,wb_foodindex,54.33,fewsnet_prices,335299,0.2564,hdx_knbs,37.5,,mixed,Highland,-0.5000000000000004,0.8660254037844384,0.7443351641645242,400.01,214.60333333333335,458.1,39.61,-0.4099167948906769,18.13,17.895,18.07,18.23,1.706338963389552,0.6556666666666667,0.60485,0.6957,0.528,1.6085641153317407,0.3905666666666667,0.35166666666666674,0.4044,0.2906,1.1181563415768696,53.09,50.87833333333333,55.13,49.0,10.877551020408148
008,2020,1,Tharaka-Nithi,2020-01-01,111.31,18.71,chirps+openmeteo,0.7135,0.435,modis,125.82,wb_foodindex,41.0,fewsnet_prices,335299,0.2564,hdx_knbs,31.25,,mixed,Highland,0.0,1.0,-0.20822502662990341,280.8066666666667,229.6016666666667,273.01,468.92,0.07986738018332734,18.31,18.131666666666664,18.15,18.17,1.2694922512030407,0.7141000000000001,0.6273333333333333,0.7331,0.5382,1.2644096801622087,0.4280333333333333,0.36494999999999994,0.4447,0.3226,-0.27153545916906235,50.153333333333336,49.711666666666666,54.33,49.81,-17.687211403332668
008,2020,2,Tharaka-Nithi,2020-02-01,69.08,19.29,chirps+openmeteo,0.7233,0.4322,modis,125.82,wb_foodindex,40.0,fewsnet_prices,335299,0.2564,hdx_knbs,25.0,fewsnet_ipc,mixed,Highland,0.49999999999999994,0.8660254037844387,-0.45020490360586346,151.13333333333333,236.6716666666667,111.31,458.1,0.5838303905197311,18.716666666666665,18.436666666666667,18.71,18.07,1.2652074606147776,0.7233,0.6553,0.7135,0.6957,1.1093338587538424,0.4373,0.38825,0.435,0.4044,-0.36610854320999237,45.11000000000001,48.211666666666666,41.0,55.13,-27.444222746236168
008,2020,3,Tharaka-Nithi,2020-03-01,156.77,19.58,chirps+openmeteo,0.7142,0.3995,modis,125.82,wb_foodindex,38.0,fewsnet_prices,335299,0.2564,hdx_knbs,25.0,,mixed,Highland,0.8660254037844386,0.5000000000000001,0.10679862854274474,112.38666666666667,256.1983333333333,69.08,273.01,0.8092094011342786,19.19333333333333,18.661666666666665,19.29,18.15,1.0582906751293097,0.7170000000000001,0.6863333333333334,0.7233,0.7331,0.4765562161187006,0.4222333333333333,0.40640000000000004,0.4322,0.4447,-0.5668244950333041,39.666666666666664,46.37833333333333,40.0,54.33,-30.0570587152586
008,2020,4,Tharaka-Nithi,2020-04-01,582.38,18.88,chirps+openmeteo,0.6902,0.4463,modis,125.82,wb_foodindex,41.0,fewsnet_prices,335299,0.2564,hdx_knbs,25.0,,mixed,Highland,1.0,6.123233995736766e-17,2.265069327454808,269.41,275.10833333333335,156.77,111.31,0.13746694107811872,19.25,18.779999999999998,19.58,18.71,0.7031738305743929,0.7092333333333333,0.7116666666666668,0.7142,0.7135,1.2603589303128568,0.426,0.42701666666666666,0.3995,0.435,-0.21188818030050974,39.666666666666664,44.91,38.0,41.0,0.0
008,2020,5,Tharaka-Nithi,2020-05-01,184.18,18.75,chirps+openmeteo,0.753,0.4794,modis,125.82,wb_foodindex,39.75,,335299,0.2564,hdx_knbs,25.0,,mixed,Highland,0.8660254037844387,-0.4999999999999998,0.08457036905033483,307.77666666666664,229.455,582.38,69.08,0.008988121261358973,19.069999999999997,18.89333333333333,18.88,19.29,1.409304240714083,0.7191333333333333,0.7212166666666667,0.6902,0.7233,1.6551668011756322,0.4417333333333333,0.4395166666666667,0.4463,0.4322,-0.3502414328121035,39.583333333333336,42.34666666666667,41.0,40.0,-0.6249999999999978
008,2020,6,Tharaka-Nithi,2020-06-01,39.26,17.82,chirps+openmeteo,0.6846,0.4177,modis,125.82,wb_foodindex,38.5,,335299,0.2564,hdx_knbs,25.0,fewsnet_ipc,mixed,Highland,0.49999999999999994,-0.8660254037844387,-0.7033703282861121,268.6066666666667,190.49666666666667,184.18,156.77,-0.8906510383117343,18.483333333333334,18.838333333333335,18.75,19.58,0.49784207312195355,0.7092666666666666,0.7131333333333334,0.753,0.7142,0.5512252563521135,0.4478,0.43501666666666666,0.4794,0.3995,-0.48742036593344995,39.75,39.708333333333336,39.75,38.0,1.3157894736842035
008,2020,7,Tharaka-Nithi,2020-07-01,33.02,16.99,chirps+openmeteo,0.6104,0.3673,modis,125.82,wb_foodindex,37.25,,335299,0.2564,hdx_knbs,25.0,,mixed,Highland,1.2246467991473532e-16,-1.0,-0.7098079842599679,85.48666666666668,177.44833333333335,39.26,582.38,-1.5692779090341367,17.853333333333335,18.551666666666666,17.82,18.88,-0.4783079032705203,0.6826666666666666,0.69595,0.6846,0.6902,-0.34235824388758823,0.42146666666666666,0.4237333333333333,0.4177,0.4463,-0.6217664902275395,38.5,39.083333333333336,38.5,41.0,-9.14634146341463
008,2020,8,Tharaka-Nithi,2020-08-01,40.29,17.18,chirps+openmeteo,0.5768,0.3053,modis,125.82,wb_foodindex,36.0,fewsnet_prices,335299,0.2564,hdx_knbs,25.0,,mixed,Highland,-0.4999999999999997,-0.8660254037844388,-0.6440420348103225,37.52333333333333,172.65,33.02,184.18,-1.2874465797790358,17.330000000000002,18.2,16.99,18.75,-0.894377543033699,0.6239333333333333,0.6715333333333334,0.6104,0.753,-1.3695100770013016,0.36343333333333333,0.40258333333333335,0.3673,0.4794,-0.7514557094917967,37.25,38.416666666666664,37.25,39.75,-9.433962264150942
008,2020,9,Tharaka-Nithi,2020-09-01,42.1,17.85,chirps+openmeteo,0.5777,0.3341,modis,125.82,wb_foodindex,36.0,fewsnet_prices,335299,0.2564,hdx_knbs,25.0,,mixed,Highland,-0.8660254037844385,-0.5000000000000004,-0.6127436921017924,38.470000000000006,153.53833333333333,40.29,39.26,-0.6268564881484757,17.34,17.911666666666665,17.18,17.82,-0.8455208548834822,0.5882999999999999,0.6487833333333334,0.5768,0.6846,-0.8201113956632784,0.3355666666666666,0.39168333333333333,0.3053,0.4177,-0.72408792166497,36.416666666666664,38.083333333333336,36.0,38.5,-6.493506493506496
008,2020,10,Tharaka-Nithi,2020-10-01,108.73,18.89,chirps+openmeteo,0.5553,0.3091,modis,125.82,wb_foodindex,35.0,fewsnet_prices,335299,0.2564,hdx_knbs,25.0,fewsnet_ipc,mixed,Highland,-1.0,-1.8369701987210297e-16,-0.2085263996447009,63.70666666666667,74.59666666666668,42.1,33.02,0.3709353570403222,17.973333333333333,17.913333333333334,17.85,16.99,-1.0953003908234313,0.5699333333333333,0.6263,0.5777,0.6104,-1.1975002515007351,0.3161666666666667,0.3688166666666666,0.3341,0.3673,-0.8224753676576569,35.666666666666664,37.083333333333336,36.0,37.25,-6.040268456375841
008,2020,11,Tharaka-Nithi,2020-11-01,236.47,18.14,chirps+openmeteo,0.6533,0.376,modis,125.82,wb_foodindex,34.0,fewsnet_prices,335299,0.2564,hdx_knbs,25.0,,mixed,Highland,-0.8660254037844386,0.5000000000000001,0.558834851704025,129.1,83.31166666666667,108.73,40.29,-0.3620246279604024,18.293333333333333,17.811666666666667,18.89,17.18,0.24392169770676403,0.5954333333333334,0.6096833333333334,0.5553,0.5768,-0.00712553915549178,0.3397333333333333,0.35158333333333336,0.3091,0.3053,-0.9159311855585066,35.0,36.125,35.0,36.0,-5.555555555555558
008,2020,12,Tharaka-Nithi,2020-12-01,74.01,18.53,chirps+openmeteo,0.7269,0.4487,modis,125.82,wb_foodindex,35.0,fewsnet_prices,335299,0.2564,hdx_knbs,25.0,,mixed,Highland,-0.5000000000000004,0.8660254037844384,-0.44251231216973214,139.73666666666665,89.10333333333334,236.47,42.1,0.03095824932227539,18.52,17.93,18.14,17.85,1.2083798572926756,0.6451666666666668,0.6167333333333334,0.6533,0.5777,1.2440929838916706,0.3779333333333333,0.35675000000000007,0.376,0.3341,-0.7574268195023726,34.666666666666664,35.541666666666664,34.0,36.0,-2.777777777777779
008,2021,1,Tharaka-Nithi,2021-01-01,46.63,18.71,chirps+openmeteo,0.7123,0.4212,modis,123.29,wb_foodindex,42.3,fewsnet_prices,335299,0.2564,hdx_knbs,25.0,,mixed,Highland,0.0,1.0,-0.616362503331701,119.03666666666668,91.37166666666667,74.01,108.73,0.22787702609621982,18.46,18.21666666666667,18.53,18.89,1.000140370014421,0.6975000000000001,0.6337166666666666,0.7269,0.5553,0.7613255435725631,0.4153,0.3657333333333333,0.4487,0.3091,0.15448003911318714,37.099999999999994,36.38333333333333,35.0,35.0,20.85714285714284
008,2021,2,Tharaka-Nithi,2021-02-01,37.43,19.73,chirps+openmeteo,0.6547,0.3653,modis,123.29,wb_foodindex,39.7,fewsnet_prices,335299,0.2564,hdx_knbs,25.0,fewsnet_ipc,mixed,Highland,0.49999999999999994,0.8660254037844387,-0.6780059217414689,52.69,90.895,46.63,236.47,1.299083200134823,18.99,18.641666666666666,18.71,18.14,0.18132723006693546,0.6979666666666667,0.6467,0.7123,0.6533,-0.2415450393514077,0.4117333333333333,0.3757333333333333,0.4212,0.376,-0.2981729558007421,39.0,37.0,42.3,34.0,16.76470588235295
008,2021,3,Tharaka-Nithi,2021-03-01,66.73,20.07,chirps+openmeteo,0.6213,0.3475,modis,123.29,wb_foodindex,39.2,fewsnet_prices,335299,0.2564,hdx_knbs,25.0,,mixed,Highland,0.8660254037844386,0.5000000000000001,-0.5055564612341212,50.26333333333334,95.0,37.43,74.01,1.8245751695523311,19.503333333333334,19.011666666666667,19.73,18.53,-0.3218367195608701,0.6627666666666666,0.6539666666666667,0.6547,0.7269,-0.577542832963329,0.37800000000000006,0.3779666666666666,0.3653,0.4487,-0.46519448151540965,40.4,37.53333333333333,39.7,35.0,12.00000000000001
008,2021,4,Tharaka-Nithi,2021-04-01,237.79,19.01,chirps+openmeteo,0.6563,0.384,modis,123.29,wb_foodindex,44.35,fewsnet_prices,335299,0.2564,hdx_knbs,25.0,,mixed,Highland,1.0,6.123233995736766e-17,0.5762576473464271,113.98333333333333,116.50999999999999,66.73,46.63,0.7446649369640508,19.603333333333335,19.031666666666666,20.07,18.71,0.13036849788208454,0.6441,0.6708,0.6213,0.7123,0.044572791362136883,0.3656,0.39045,0.3475,0.4212,0.3484940134641318,41.083333333333336,39.09166666666667,39.2,42.3,4.84633569739954
008,2021,5,Tharaka-Nithi,2021-05-01,224.49,18.03,chirps+openmeteo,0.6893,0.4547,modis,123.29,wb_foodindex,39.4,fewsnet_prices,335299,0.2564,hdx_knbs,25.0,,mixed,Highland,0.8660254037844387,-0.4999999999999998,0.4681254982035928,176.33666666666667,114.51333333333334,237.79,37.43,-0.4261110637282638,19.036666666666665,19.013333333333335,19.01,19.73,0.5841856790906097,0.6556333333333334,0.6768000000000001,0.6563,0.6547,1.256884283395001,0.3954,0.40356666666666663,0.384,0.3653,-0.41898189484571957,40.98333333333334,39.99166666666667,44.35,39.7,-0.7556675062972418
008,2021,6,Tharaka-Nithi,2021-06-01,11.29,16.82,chirps+openmeteo,0.6404,0.3943,modis,123.29,wb_foodindex,43.3,fewsnet_prices,335299,0.2564,hdx_knbs,25.0,fewsnet_ipc,mixed,Highland,0.49999999999999994,-0.8660254037844387,-0.8712814103988226,157.85666666666665,104.06,224.49,66.73,-1.7753017287295239,17.953333333333337,18.728333333333335,18.03,20.07,-0.12787299959003878,0.662,0.6623833333333333,0.6893,0.6213,0.17535780975588405,0.41100000000000003,0.3945,0.4547,0.3475,0.23536284378296804,42.349999999999994,41.375,39.4,39.2,10.459183673469363
008,2021,7,Tharaka-Nithi,2021-07-01,30.68,16.29,chirps+openmeteo,0.5256,0.314,modis,123.29,wb_foodindex,44.95,fewsnet_prices,335299,0.2564,hdx_knbs,25.0,,mixed,Highland,1.2246467991473532e-16,-1.0,-0.7530690591783714,88.82000000000001,101.40166666666669,11.29,237.79,-2.156224765255734,17.046666666666667,18.325,16.82,19.01,-1.674838797647824,0.6184333333333333,0.6312666666666666,0.6404,0.6563,-1.1952417541875966,0.3876666666666666,0.3766333333333334,0.3943,0.384,0.5382171424810813,42.550000000000004,41.81666666666667,43.3,44.35,1.3528748590755368
008,2021,8,Tharaka-Nithi,2021-08-01,20.67,17.09,chirps+openmeteo,0.5428,0.3097,modis,123.29,wb_foodindex,44.3,fewsnet_prices,335299,0.2564,hdx_knbs,25.0,,mixed,Highland,-0.4999999999999997,-0.8660254037844388,-0.8136281791940416,20.88,98.60833333333333,30.68,224.49,-1.2606784556803574,16.733333333333334,17.885,16.29,18.03,-1.415938908975606,0.5696,0.6126166666666667,0.5256,0.6893,-1.3071270559577264,0.3393333333333333,0.3673666666666667,0.314,0.4547,0.4758031960624056,44.18333333333333,42.583333333333336,44.95,39.4,12.436548223350252
008,2021,9,Tharaka-Nithi,2021-09-01,19.32,17.9,chirps+openmeteo,0.5195,0.3109,modis,123.29,wb_foodindex,46.05,fewsnet_prices,335299,0.2564,hdx_knbs,25.0,,mixed,Highland,-0.8660254037844385,-0.5000000000000004,-0.8133986433230742,23.55666666666667,90.70666666666666,20.67,11.29,-0.3945121368822947,17.093333333333334,17.523333333333333,17.09,16.82,-1.7147175454378853,0.5293,0.59565,0.5428,0.6404,-1.331894214206167,0.3115333333333333,0.3612666666666666,0.3097,0.3943,0.8194480427093032,45.1,43.725,44.3,43.3,6.351039260969982
008,2021,10,Tharaka-Nithi,2021-10-01,94.3,19.11,chirps+openmeteo,0.5372,0.2907,modis,123.29,wb_foodindex,49.55,fewsnet_prices,335299,0.2564,hdx_knbs,25.0,fewsnet_ipc,mixed,Highland,-1.0,-1.8369701987210297e-16,-0.2701805213608225,44.76333333333333,66.79166666666667,19.32,30.68,0.8179690143207909,18.03333333333333,17.54,17.9,16.29,-1.473303537596437,0.5331666666666667,0.5758,0.5195,0.5256,-1.6182772774289669,0.3037666666666667,0.34571666666666667,0.3109,0.314,1.4464163263980439,46.633333333333326,44.59166666666666,46.05,44.95,10.233592880978847
008,2021,11,Tharaka-Nithi,2021-11-01,154.05,19.03,chirps+openmeteo,0.638,0.3923,modis,123.29,wb_foodindex,40.0,fewsnet_prices,335299,0.2564,hdx_knbs,25.0,,mixed,Highland,-0.8660254037844386,0.5000000000000001,0.26418505217290106,89.22333333333334,55.05166666666667,94.3,20.67,0.6878213839991592,18.679999999999996,17.706666666666667,19.11,17.09,-0.07838471061337186,0.5649000000000001,0.5672499999999999,0.5372,0.5428,0.17232983956472656,0.3313,0.33531666666666665,0.2907,0.3097,-0.1641120183281035,45.199999999999996,44.69166666666666,49.55,44.3,-9.706546275395024
008,2021,12,Tharaka-Nithi,2021-12-01,202.91,17.75,chirps+openmeteo,0.7215,0.4434,modis,123.29,wb_foodindex,42.0,fewsnet_prices,335299,0.2564,hdx_knbs,25.0,,mixed,Highland,-0.5000000000000004,0.8660254037844384,0.6886588480421902,150.42,86.98833333333333,154.05,19.32,-0.5976021852783668,18.63,17.861666666666668,19.03,17.9,1.0775148785116708,0.6322333333333333,0.5807666666666667,0.638,0.5195,1.0726311844433283,0.37546666666666667,0.34349999999999997,0.3923,0.3109,0.44665716553556706,43.849999999999994,44.474999999999994,40.0,46.05,-8.794788273615628
008,2022,1,Tharaka-Nithi,2022-01-01,37.89,18.84,chirps+openmeteo,0.7229,0.4367,modis,112.38,wb_foodindex,42.0,fewsnet_prices,335299,0.2564,hdx_knbs,25.0,,mixed,Highland,0.0,1.0,-0.6144173722870446,131.61666666666667,88.19,202.91,94.3,0.5004764523712557,18.540000000000003,18.286666666666665,17.75,19.11,1.085132003264567,0.6941333333333333,0.6136499999999999,0.7215,0.5372,0.9523281591707977,0.4241333333333333,0.36395,0.4434,0.2907,0.4343463783942874,41.333333333333336,43.98333333333333,42.0,49.55,-15.237134207870827
008,2022,2,Tharaka-Nithi,2022-02-01,25.34,19.91,chirps+openmeteo,0.6426,0.3617,modis,112.38,wb_foodindex,41.0,fewsnet_prices,335299,0.2564,hdx_knbs,25.0,fewsnet_ipc,mixed,Highland,0.49999999999999994,0.8660254037844387,-0.6947253809352762,88.71333333333332,88.96833333333335,37.89,154.05,1.5055185099377562,18.833333333333332,18.756666666666668,18.84,19.03,0.032610646319532054,0.6956666666666668,0.6302833333333334,0.7229,0.638,-0.3189879193593968,0.4139333333333333,0.37261666666666665,0.4367,0.3923,0.16548985249088105,41.666666666666664,43.43333333333333,42.0,40.0,2.499999999999991
008,2022,3,Tharaka-Nithi,2022-03-01,45.56,20.37,chirps+openmeteo,0.5975,0.3544,modis,112.38,wb_foodindex,43.0,fewsnet_prices,335299,0.2564,hdx_knbs,31.25,,mixed,Highland,0.8660254037844386,0.5000000000000001,-0.4958538259993133,36.263333333333335,93.34166666666665,25.34,202.91,1.8301446642437704,19.706666666666667,19.168333333333333,19.91,17.75,-0.5437233508539552,0.6543333333333333,0.6432833333333333,0.6426,0.7215,-0.4152884298851449,0.3842666666666667,0.37986666666666663,0.3617,0.4434,0.6272318856569781,42.0,42.925000000000004,41.0,42.0,2.3809523809523725
008,2022,4,Tharaka-Nithi,2022-04-01,236.73,19.25,chirps+openmeteo,0.6473,0.3654,modis,112.38,wb_foodindex,49.0,fewsnet_prices,335299,0.2564,hdx_knbs,37.5,,mixed,Highland,1.0,6.123233995736766e-17,1.7526404942442397,102.54333333333334,117.08,45.56,37.89,0.7663735040034405,19.843333333333334,19.191666666666666,20.37,18.84,0.19858126348897556,0.6291333333333333,0.6616333333333334,0.5975,0.7229,-0.16469156042722607,0.36050000000000004,0.39231666666666665,0.3544,0.4367,1.9082091052878665,44.333333333333336,42.833333333333336,43.0,42.0,16.666666666666675
008,2022,5,Tharaka-Nithi,2022-05-01,46.7,18.76,chirps+openmeteo,0.6707,0.4073,modis,112.38,wb_foodindex,50.0,fewsnet_prices,335299,0.2564,hdx_knbs,43.75,,mixed,Highland,0.8660254037844387,-0.4999999999999998,-0.5179867797673979,109.66333333333334,99.18833333333335,236.73,25.34,0.31396661367820816,19.460000000000004,19.146666666666665,19.25,19.91,0.6275314632394283,0.6385000000000001,0.6670833333333334,0.6473,0.6426,0.7203586084355648,0.3757,0.39481666666666665,0.3654,0.3617,1.8760824197775983,47.333333333333336,44.5,49.0,41.0,21.95121951219512
008,2022,6,Tharaka-Nithi,2022-06-01,12.96,17.25,chirps+openmeteo,0.6204,0.376,modis,112.38,wb_foodindex,79.0,fewsnet_prices,335299,0.2564,hdx_knbs,50.0,fewsnet_ipc,mixed,Highland,0.49999999999999994,-0.8660254037844387,-0.9171909888712709,98.79666666666667,67.53,46.7,45.56,-1.037881121133929,18.42,19.063333333333333,18.76,20.37,-0.11226772672059242,0.6461333333333333,0.6502333333333333,0.6707,0.5975,0.1310096705215292,0.38289999999999996,0.38358333333333333,0.4073,0.3544,4.029376250912171,59.333333333333336,50.666666666666664,50.0,43.0,83.72093023255813
008,2022,7,Tharaka-Nithi,2022-07-01,30.12,15.98,chirps+openmeteo,0.5398,0.3154,modis,112.38,wb_foodindex,82.0,fewsnet_prices,335299,0.2564,hdx_knbs,50.0,,mixed,Highland,1.2246467991473532e-16,-1.0,-0.7021371756093633,29.926666666666666,66.235,12.96,236.73,-2.0171536429569166,17.330000000000002,18.586666666666666,17.25,19.25,-1.2862431163407921,0.6103,0.6197166666666666,0.6204,0.6473,-1.0359840339378763,0.36623333333333336,0.36336666666666667,0.376,0.3654,3.128724944346426,70.33333333333333,57.333333333333336,79.0,49.0,67.34693877551021
008,2022,8,Tharaka-Nithi,2022-08-01,38.5,15.95,chirps+openmeteo,0.4693,0.2399,modis,112.38,wb_foodindex,79.0,fewsnet_prices,335299,0.2564,hdx_knbs,50.0,,mixed,Highland,-0.4999999999999997,-0.8660254037844388,-0.5970655438687428,27.19333333333333,68.42833333333334,30.12,46.7,-1.8754736174973479,16.393333333333334,17.926666666666666,15.98,18.76,-2.0767105805304165,0.5431666666666666,0.5908333333333333,0.5398,0.6707,-2.2586112025451084,0.31043333333333334,0.3430666666666667,0.3154,0.4073,2.3794082659805604,80.0,63.666666666666664,82.0,50.0,58.00000000000001
008,2022,9,Tharaka-Nithi,2022-09-01,24.94,17.27,chirps+openmeteo,0.4937,0.2687,modis,112.38,wb_foodindex,75.0,fewsnet_prices,335299,0.2564,hdx_knbs,50.0,,mixed,Highland,-0.8660254037844385,-0.5000000000000004,-0.7515685887774841,31.186666666666667,64.99166666666667,38.5,12.96,-0.7946207714500286,16.400000000000002,17.41,15.95,17.25,-1.6032224440853051,0.5009333333333333,0.5735333333333333,0.4693,0.6204,-1.5983727506231213,0.27466666666666667,0.32878333333333337,0.2399,0.376,1.834936222666456,78.66666666666667,69.0,79.0,79.0,-5.063291139240511
008,2022,10,Tharaka-Nithi,2022-10-01,53.16,18.52,chirps+openmeteo,0.4916,0.2958,modis,112.38,wb_foodindex,76.0,fewsnet_prices,335299,0.2564,hdx_knbs,50.0,fewsnet_ipc,mixed,Highland,-1.0,-1.8369701987210297e-16,-0.37524303391440317,38.86666666666667,34.39666666666667,24.94,30.12,0.20348041028375405,17.246666666666666,17.288333333333334,17.27,15.98,-1.5311112981007267,0.4848666666666667,0.5475833333333333,0.4937,0.5398,-1.1133210485821552,0.26813333333333333,0.3171833333333333,0.2687,0.3154,1.6978258425016342,76.66666666666667,73.5,75.0,82.0,-7.317073170731703
008,2022,11,Tharaka-Nithi,2022-11-01,284.38,17.51,chirps+openmeteo,0.5758,0.3235,modis,112.38,wb_foodindex,76.0,fewsnet_prices,335299,0.2564,hdx_knbs,50.0,,mixed,Highland,-0.8660254037844386,0.5000000000000001,2.3169820151773903,120.82666666666667,74.01,53.16,38.5,-0.571006524429309,17.766666666666666,17.080000000000002,18.52,15.95,-0.43755387856790384,0.5203666666666666,0.5317666666666666,0.4916,0.4693,-0.6020500291778853,0.296,0.3032166666666667,0.2958,0.2399,1.5350250929305764,75.66666666666667,77.83333333333333,76.0,79.0,-3.797468354430378
008,2022,12,Tharaka-Nithi,2022-12-01,78.12,17.97,chirps+openmeteo,0.7331,0.4548,modis,112.38,wb_foodindex,76.0,fewsnet_prices,335299,0.2564,hdx_knbs,50.0,,mixed,Highland,-0.5000000000000004,0.8660254037844384,-0.09030438303555459,138.55333333333334,84.86999999999999,284.38,24.94,-0.1912805126548135,18.0,17.2,17.51,17.27,1.5222699245939293,0.6001666666666666,0.55055,0.5758,0.4937,1.5950624563742923,0.35803333333333337,0.31634999999999996,0.3235,0.2687,1.3982711281642337,76.0,77.33333333333333,76.0,75.0,1.333333333333342
009,2019,1,Embu,2019-01-01,42.76,20.73,chirps+openmeteo,0.6663,0.4088,modis,107.28,wb_foodindex,25.24,fewsnet_prices,187521,0.1873,hdx_knbs,0.0,,mixed,Medium Highland,0.0,1.0,,42.76,42.76,,,,20.73,20.73,,,,0.6663,0.6663,,,,0.4088,0.4088,,,,25.24,25.24,,,
009,2019,2,Embu,2019-02-01,24.92,22.01,chirps+openmeteo,0.5702,0.3522,modis,107.28,wb_foodindex,24.58,fewsnet_prices,187521,0.1873,hdx_knbs,0.0,fewsnet_ipc,mixed,Medium Highland,0.49999999999999994,0.8660254037844387,,33.84,33.84,42.76,,,21.37,21.37,20.73,,,0.61825,0.61825,0.6663,,,0.3805,0.3805,0.4088,,,24.909999999999997,24.909999999999997,25.24,,
009,2019,3,Embu,2019-03-01,27.47,23.13,chirps+openmeteo,0.5156,0.3038,modis,107.28,wb_foodindex,23.84,fewsnet_prices,187521,0.1873,hdx_knbs,6.25,,mixed,Medium Highland,0.8660254037844386,0.5000000000000001,,31.71666666666667,31.71666666666667,24.92,,,21.956666666666667,21.956666666666667,22.01,,,0.5840333333333333,0.5840333333333333,0.5702,,,0.3549333333333333,0.3549333333333333,0.3522,,,24.55333333333333,24.55333333333333,24.58,,
009,2019,4,Embu,2019-04-01,207.39,21.93,chirps+openmeteo,0.5293,0.3008,modis,107.28,wb_foodindex,26.34,fewsnet_prices,187521,0.1873,hdx_knbs,12.5,,mixed,Medium Highland,1.0,6.123233995736766e-17,,86.59333333333332,75.63499999999999,27.47,42.76,,22.356666666666666,21.95,23.13,20.73,,0.5383666666666667,0.57035,0.5156,0.6663,,0.31893333333333335,0.34140000000000004,0.3038,0.4088,,24.92,25.0,23.84,25.24,4.358161648177505
009,2019,5,Embu,2019-05-01,145.59,20.0,chirps+openmeteo,0.6122,0.3637,modis,107.28,wb_foodindex,38.0,fewsnet_prices,187521,0.1873,hdx_knbs,18.75,,mixed,Medium Highland,0.8660254037844387,-0.4999999999999998,,126.81666666666666,89.626,207.39,24.92,,21.686666666666667,21.56,21.93,22.01,,0.5523666666666667,0.57872,0.5293,0.5702,,0.3227666666666667,0.34586,0.3008,0.3522,,29.393333333333334,27.6,26.34,24.58,54.597233523189594
009,2019,6,Embu,2019-06-01,36.01,18.97,chirps+openmeteo,0.6179,0.3669,modis,107.28,wb_foodindex,47.0,fewsnet_prices,187521,0.1873,hdx_knbs,25.0,fewsnet_ipc,mixed,Medium Highland,0.49999999999999994,-0.8660254037844387,-0.5802837331245074,129.66333333333333,80.69,145.59,27.47,-1.4221193199238957,20.3,21.128333333333334,20.0,23.13,0.5671710770240808,0.5864666666666666,0.5852499999999999,0.6122,0.5156,0.42553993730790474,0.34380000000000005,0.34936666666666666,0.3637,0.3038,1.6999498494548988,37.11333333333334,30.833333333333332,38.0,23.84,97.14765100671141
009,2019,7,Embu,2019-07-01,23.89,18.8,chirps+openmeteo,0.5464,0.334,modis,107.28,wb_foodindex,47.0,fewsnet_prices,187521,0.1873,hdx_knbs,25.0,,mixed,Medium Highland,1.2246467991473532e-16,-1.0,-0.6624479266752389,68.49666666666668,77.545,36.01,207.39,-1.2159209125024883,19.256666666666664,20.80666666666667,18.97,21.93,-0.6102962685131252,0.5921666666666666,0.5652666666666667,0.6179,0.5293,-0.3460845957263901,0.35486666666666666,0.3369,0.3669,0.3008,1.305272987002545,44.0,34.46,47.0,26.34,78.43583902809415
009,2019,8,Embu,2019-08-01,27.46,19.03,chirps+openmeteo,0.5152,0.2801,modis,107.28,wb_foodindex,48.0,fewsnet_prices,187521,0.1873,hdx_knbs,25.0,,mixed,Medium Highland,-0.4999999999999997,-0.8660254037844388,-0.5648620133219476,29.120000000000008,77.96833333333333,23.89,145.59,-0.9404660727376897,18.933333333333334,20.310000000000002,18.8,20.0,-1.0182711408130294,0.5598333333333333,0.5560999999999999,0.5464,0.6122,-1.3818029280459811,0.327,0.32488333333333336,0.334,0.3637,1.1665107588492418,47.333333333333336,38.36333333333334,47.0,38.0,26.315789473684205
009,2019,9,Embu,2019-09-01,38.47,19.75,chirps+openmeteo,0.5048,0.2743,modis,107.28,wb_foodindex,50.0,fewsnet_prices,187521,0.1873,hdx_knbs,25.0,,mixed,Medium Highland,-0.8660254037844385,-0.5000000000000004,-0.38304770124904025,29.94000000000001,79.80166666666666,27.46,36.01,-0.46975020552887875,19.19333333333333,19.746666666666666,19.03,18.97,-1.0528386117375634,0.5221333333333332,0.5543,0.5152,0.6179,-1.2690002139765368,0.29613333333333336,0.3199666666666667,0.2801,0.3669,1.1532372877885855,48.333333333333336,42.723333333333336,48.0,47.0,6.382978723404253
009,2019,10,Embu,2019-10-01,429.64,19.52,chirps+openmeteo,0.5142,0.3146,modis,107.28,wb_foodindex,47.0,fewsnet_prices,187521,0.1873,hdx_knbs,25.0,fewsnet_ipc,mixed,Medium Highland,-1.0,-1.8369701987210297e-16,2.5060318418002394,165.19,116.84333333333332,38.47,23.89,-0.5768359658384721,19.433333333333334,19.345000000000002,19.75,18.8,-0.8109468354508514,0.5114000000000001,0.5517833333333333,0.5048,0.5464,-0.3568880641022537,0.2896666666666667,0.3222666666666667,0.2743,0.334,0.8172457767007847,48.333333333333336,46.166666666666664,50.0,47.0,0.0
009,2019,11,Embu,2019-11-01,402.85,19.7,chirps+openmeteo,0.6664,0.4052,modis,107.28,wb_foodindex,49.0,fewsnet_prices,187521,0.1873,hdx_knbs,18.75,,mixed,Medium Highland,-0.8660254037844386,0.5000000000000001,1.780393901669783,290.32,159.72,429.64,27.46,-0.4334522372364391,19.656666666666666,19.295,19.52,19.03,1.5772406490419375,0.5618,0.5608166666666667,0.5142,0.5152,1.4678972587147445,0.33136666666666664,0.32918333333333333,0.3146,0.2801,0.9074376443597859,48.666666666666664,48.0,47.0,48.0,2.083333333333326
009,2019,12,Embu,2019-12-01,250.96,19.64,chirps+openmeteo,0.7046,0.4455,modis,107.28,wb_foodindex,47.0,fewsnet_prices,187521,0.1873,hdx_knbs,12.5,,mixed,Medium Highland,-0.5000000000000004,0.8660254037844384,0.7448644455678732,361.15000000000003,195.545,402.85,38.47,-0.45210596719415846,19.62,19.406666666666666,19.7,19.75,1.7578682592374049,0.6284000000000001,0.5752666666666667,0.6664,0.5048,1.8316567513901827,0.38843333333333335,0.34228333333333333,0.4052,0.2743,0.68597723497501,47.666666666666664,48.0,49.0,50.0,-6.000000000000005
009,2020,1,Embu,2020-01-01,104.37,20.42,chirps+openmeteo,0.6773,0.4225,modis,125.82,wb_foodindex,47.33,fewsnet_prices,187521,0.1873,hdx_knbs,6.25,,mixed,Medium Highland,0.0,1.0,-0.21432653671457483,252.7266666666667,208.95833333333334,250.96,429.64,0.1058787130103857,19.92,19.676666666666666,19.64,19.52,1.2291826721997867,0.6827666666666666,0.5970833333333333,0.7046,0.5142,1.2577180262886811,0.42439999999999994,0.3570333333333333,0.4455,0.3146,0.6757703680086333,47.776666666666664,48.055,47.0,47.0,0.7021276595744697
009,2020,2,Embu,2020-02-01,64.38,21.26,chirps+openmeteo,0.6943,0.4421,modis,125.82,wb_foodindex,51.42,fewsnet_prices,187521,0.1873,hdx_knbs,0.0,fewsnet_ipc,mixed,Medium Highland,0.49999999999999994,0.8660254037844387,-0.4687349690378243,139.90333333333334,215.11166666666668,104.37,402.85,0.69840550423561,20.44,20.048333333333332,20.42,19.7,1.3092527176368096,0.6920666666666667,0.6269333333333335,0.6773,0.6664,1.4171950984691977,0.4366999999999999,0.3840333333333333,0.4225,0.4052,0.9776543830960878,48.583333333333336,48.625,47.33,49.0,4.938775510204074
009,2020,3,Embu,2020-03-01,160.91,21.26,chirps+openmeteo,0.6816,0.3965,modis,125.82,wb_foodindex,58.35,fewsnet_prices,187521,0.1873,hdx_knbs,0.0,,mixed,Medium Highland,0.8660254037844386,0.5000000000000001,0.20905609875372094,109.88666666666666,235.51833333333335,64.38,250.96,0.6649094818414205,20.98,20.3,21.26,19.64,1.0570469987091649,0.6844,0.6564,0.6943,0.7046,0.6175823016025153,0.4203666666666666,0.40440000000000004,0.4421,0.4455,1.4378192692958847,52.36666666666667,50.01666666666667,51.42,47.0,24.148936170212764
009,2020,4,Embu,2020-04-01,542.62,20.36,chirps+openmeteo,0.6689,0.4301,modis,125.82,wb_foodindex,41.0,fewsnet_prices,187521,0.1873,hdx_knbs,0.0,,mixed,Medium Highland,1.0,6.123233995736766e-17,2.3067718340844476,255.97,254.34833333333336,160.91,104.37,-0.03795283736520941,20.96,20.44,21.26,20.42,0.8419065764674016,0.6816000000000001,0.6821833333333333,0.6816,0.6773,1.1102004200669353,0.4229,0.42365,0.3965,0.4225,-0.08591880284082352,50.25666666666667,49.01666666666667,58.35,47.33,-13.374181280371856
009,2020,5,Embu,2020-05-01,194.79,20.11,chirps+openmeteo,0.7328,0.4608,modis,125.82,wb_foodindex,51.3,fewsnet_prices,187521,0.1873,hdx_knbs,0.0,,mixed,Medium Highland,0.8660254037844387,-0.4999999999999998,0.21359924044379702,299.44,219.6716666666667,542.62,64.38,-0.2332256102762198,20.576666666666668,20.508333333333333,20.36,21.26,1.5113553718536423,0.6944333333333333,0.6932499999999999,0.6689,0.6943,1.4701898416160468,0.4291333333333333,0.43291666666666667,0.4301,0.4421,0.8097507699663948,50.21666666666667,49.4,41.0,51.42,-0.2333722287047979
009,2020,6,Embu,2020-06-01,45.77,19.21,chirps+openmeteo,0.6649,0.4002,modis,125.82,wb_foodindex,36.48,fewsnet_prices,187521,0.1873,hdx_knbs,0.0,fewsnet_ipc,mixed,Medium Highland,0.49999999999999994,-0.8660254037844387,-0.6795663933809407,261.06,185.47333333333336,194.79,160.91,-0.9320899851530475,19.893333333333334,20.436666666666667,20.11,21.26,0.6306751279628406,0.6888666666666667,0.6866333333333334,0.7328,0.6816,0.4654378369658344,0.4303666666666666,0.42536666666666667,0.4608,0.3965,-0.5335879728248517,42.92666666666667,47.64666666666667,51.3,58.35,-37.48071979434447
009,2020,7,Embu,2020-07-01,31.98,18.68,chirps+openmeteo,0.6157,0.3633,modis,125.82,wb_foodindex,33.739999999999995,,187521,0.1873,hdx_knbs,6.25,,mixed,Medium Highland,1.2246467991473532e-16,-1.0,-0.7350200290975123,90.84666666666668,173.40833333333333,45.77,542.62,-1.2754092475860002,19.333333333333332,20.14666666666667,19.21,20.36,-0.0002083373760042235,0.6711333333333332,0.6763666666666667,0.6649,0.6689,-0.14710697118523966,0.40809999999999996,0.4155,0.4002,0.4301,-0.7579809646073443,40.50666666666667,45.38166666666667,36.48,41.0,-17.70731707317075
009,2020,8,Embu,2020-08-01,37.1,18.96,chirps+openmeteo,0.4972,0.2843,modis,125.82,wb_foodindex,31.0,fewsnet_prices,187521,0.1873,hdx_knbs,12.5,,mixed,Medium Highland,-0.4999999999999997,-0.8660254037844388,-0.6768465968893977,38.28333333333334,168.86166666666665,31.98,194.79,-0.992763273674269,18.95,19.763333333333335,18.68,20.11,-1.436417763465047,0.5926,0.6435166666666666,0.6157,0.7328,-1.3876742025127884,0.34926666666666667,0.3892,0.3633,0.4608,-0.9678037001750425,33.74,41.97833333333333,33.739999999999995,51.3,-39.57115009746588
009,2020,9,Embu,2020-09-01,39.37,19.56,chirps+openmeteo,0.5412,0.3126,modis,125.82,wb_foodindex,36.0,fewsnet_prices,187521,0.1873,hdx_knbs,18.75,,mixed,Medium Highland,-0.8660254037844385,-0.5000000000000004,-0.6400497112346842,36.150000000000006,148.605,37.1,45.77,-0.4873541277891329,19.066666666666666,19.48,18.96,19.21,-0.8390963526814786,0.5513666666666667,0.6201166666666666,0.4972,0.6649,-0.8764096820281941,0.32006666666666667,0.3752166666666667,0.2843,0.4002,-0.4783382168461911,33.58,38.25333333333333,31.0,36.48,-1.3157894736842035
009,2020,10,Embu,2020-10-01,98.38,20.47,chirps+openmeteo,0.5307,0.2952,modis,125.82,wb_foodindex,35.0,fewsnet_prices,187521,0.1873,hdx_knbs,25.0,fewsnet_ipc,mixed,Medium Highland,-1.0,-1.8369701987210297e-16,-0.2475815899537401,58.28333333333334,74.565,39.37,31.98,0.2652673781821217,19.66333333333333,19.49833333333333,19.56,18.68,-0.9317982945555614,0.5230333333333334,0.5970833333333333,0.5412,0.6157,-1.107103087518987,0.2973666666666667,0.35273333333333334,0.3126,0.3633,-0.5582997389051251,34.0,37.25333333333333,36.0,33.739999999999995,3.734439834024905
009,2020,11,Embu,2020-11-01,209.1,19.74,chirps+openmeteo,0.6352,0.3815,modis,125.82,wb_foodindex,35.0,fewsnet_prices,187521,0.1873,hdx_knbs,25.0,,mixed,Medium Highland,-0.8660254037844386,0.5000000000000001,0.48141516588679373,115.61666666666666,76.95,98.38,37.1,-0.3490553409296656,19.923333333333332,19.436666666666667,20.47,18.96,0.4033142938001818,0.5690333333333333,0.5808166666666666,0.5307,0.4972,0.3218305906024529,0.3297666666666667,0.3395166666666667,0.2952,0.2843,-0.5427535904504899,35.333333333333336,34.53666666666666,35.0,31.0,12.903225806451623
009,2020,12,Embu,2020-12-01,66.38,20.06,chirps+openmeteo,0.7018,0.4428,modis,125.82,wb_foodindex,35.0,fewsnet_prices,187521,0.1873,hdx_knbs,25.0,,mixed,Medium Highland,-0.5000000000000004,0.8660254037844384,-0.4797560107741967,124.61999999999999,80.385,209.1,39.37,-0.06899197614696942,20.09,19.57833333333333,19.74,19.56,1.2095428505359622,0.6225666666666666,0.5869666666666666,0.6352,0.5412,1.2852376719432181,0.3731666666666667,0.34661666666666674,0.3815,0.3126,-0.5284490705442275,35.0,34.29,35.0,36.0,-2.777777777777779
009,2021,1,Embu,2021-01-01,51.53,20.6,chirps+openmeteo,0.6951,0.398,modis,123.29,wb_foodindex,33.23,fewsnet_prices,187521,0.1873,hdx_knbs,25.0,,mixed,Medium Highland,0.0,1.0,-0.5862832059642599,109.00333333333333,83.64333333333333,66.38,98.38,0.41754115192377655,20.13333333333333,19.898333333333333,20.06,20.47,1.0907776658396675,0.6773666666666666,0.6002,0.7018,0.5307,0.5466427546513328,0.4074333333333333,0.3524,0.4428,0.2952,-0.7740956589721577,34.41,34.205,35.0,35.0,-5.057142857142871
009,2021,2,Embu,2021-02-01,42.48,21.36,chirps+openmeteo,0.6331,0.3611,modis,123.29,wb_foodindex,35.97,fewsnet_prices,187521,0.1873,hdx_knbs,25.0,fewsnet_ipc,mixed,Medium Highland,0.49999999999999994,0.8660254037844387,-0.656753085464816,53.46333333333333,84.53999999999999,51.53,209.1,1.161582489777674,20.673333333333332,20.298333333333336,20.6,19.74,0.2662398500065023,0.6766666666666667,0.62285,0.6951,0.6352,-0.07951981100525471,0.40063333333333334,0.36519999999999997,0.398,0.3815,-0.5679623647577874,34.73333333333333,35.03333333333334,33.23,35.0,2.771428571428558
009,2021,3,Embu,2021-03-01,63.15,22.06,chirps+openmeteo,0.5804,0.3325,modis,123.29,wb_foodindex,35.7,fewsnet_prices,187521,0.1873,hdx_knbs,25.0,,mixed,Medium Highland,0.8660254037844386,0.5000000000000001,-0.5265968364386953,52.38666666666666,88.50333333333333,42.48,66.38,2.069513341138855,21.34,20.715,21.36,20.06,-0.45878916147111876,0.6362,0.6293833333333333,0.6331,0.7018,-0.5906774920335561,0.3638666666666666,0.36851666666666666,0.3611,0.4428,-0.7100125186189571,34.96666666666667,34.98333333333333,35.97,35.0,2.0000000000000018
009,2021,4,Embu,2021-04-01,225.2,20.47,chirps+openmeteo,0.6059,0.3687,modis,123.29,wb_foodindex,36.4,fewsnet_prices,187521,0.1873,hdx_knbs,25.0,,mixed,Medium Highland,1.0,6.123233995736766e-17,0.6048453325567008,110.27666666666666,109.63999999999999,63.15,51.53,0.530935675981255,21.296666666666667,20.715,22.06,20.6,-0.16830260551706783,0.6064666666666666,0.6419166666666667,0.5804,0.6951,-0.020347517102988023,0.3541,0.3807666666666667,0.3325,0.398,-0.7267199614220543,36.02333333333333,35.21666666666666,35.7,33.23,9.539572675293417
009,2021,5,Embu,2021-05-01,217.06,19.42,chirps+openmeteo,0.6255,0.4223,modis,123.29,wb_foodindex,36.7,fewsnet_prices,187521,0.1873,hdx_knbs,25.0,,mixed,Medium Highland,0.8660254037844387,-0.4999999999999998,0.523707387388646,168.47,110.96666666666665,225.2,42.48,-0.6213564928269477,20.650000000000002,20.661666666666665,20.47,21.36,0.09142108254400914,0.6039333333333333,0.6403,0.6059,0.6331,0.866636356898914,0.37450000000000006,0.38756666666666667,0.3687,0.3611,-0.6770275070111971,36.266666666666666,35.5,36.4,35.97,2.0294690019460715
009,2021,6,Embu,2021-06-01,12.0,18.19,chirps+openmeteo,0.5482,0.3619,modis,123.29,wb_foodindex,36.07,fewsnet_prices,187521,0.1873,hdx_knbs,25.0,fewsnet_ipc,mixed,Medium Highland,0.49999999999999994,-0.8660254037844387,-0.891506067700397,151.42,101.90333333333332,217.06,63.15,-1.8554206799038353,19.36,20.35,19.42,22.06,-0.9057369512431357,0.5932,0.6146999999999999,0.6255,0.5804,-0.17647268042913586,0.38430000000000003,0.3740833333333333,0.4223,0.3325,-0.6993858788348488,36.38999999999999,35.678333333333335,36.7,35.7,1.0364145658263269
009,2021,7,Embu,2021-07-01,34.56,17.92,chirps+openmeteo,0.5384,0.3077,modis,123.29,wb_foodindex,36.17,fewsnet_prices,187521,0.1873,hdx_knbs,25.0,,mixed,Medium Highland,1.2246467991473532e-16,-1.0,-0.7403044484410125,87.87333333333333,99.075,12.0,225.2,-1.9741604155485264,18.51,19.903333333333332,18.19,20.47,-1.0277220468379957,0.5707,0.5885833333333333,0.5482,0.6059,-1.077782821691989,0.3639666666666667,0.3590333333333333,0.3619,0.3687,-0.6291794111140524,36.31333333333333,36.16833333333333,36.07,36.4,-0.6318681318681185
009,2021,8,Embu,2021-08-01,21.59,18.72,chirps+openmeteo,0.5066,0.2749,modis,123.29,wb_foodindex,39.0,fewsnet_prices,187521,0.1873,hdx_knbs,25.0,,mixed,Medium Highland,-0.4999999999999997,-0.8660254037844388,-0.8274020325708432,22.71666666666667,95.59333333333332,34.56,217.06,-1.1505976991918705,18.276666666666667,19.463333333333335,17.92,19.42,-1.4365915422201634,0.5310666666666667,0.5675,0.5384,0.6255,-1.6227341260326402,0.3148333333333333,0.3446666666666667,0.3077,0.4223,-0.2114881877642118,37.080000000000005,36.67333333333333,36.17,36.7,6.267029972752036
009,2021,9,Embu,2021-09-01,18.21,19.63,chirps+openmeteo,0.4948,0.2929,modis,123.29,wb_foodindex,41.57,fewsnet_prices,187521,0.1873,hdx_knbs,25.0,,mixed,Medium Highland,-0.8660254037844385,-0.5000000000000004,-0.840987356936621,24.786666666666665,88.10333333333334,21.59,12.0,-0.2530727475979886,18.756666666666668,19.058333333333334,18.72,18.19,-1.5734438075551462,0.5132666666666666,0.5532333333333334,0.5066,0.5482,-1.3590465457418655,0.29183333333333333,0.3380666666666667,0.2749,0.3619,0.18690020387605777,38.913333333333334,37.65166666666667,39.0,36.07,15.248128638757974
009,2021,10,Embu,2021-10-01,85.65,20.78,chirps+openmeteo,0.5097,0.2779,modis,123.29,wb_foodindex,41.17,fewsnet_prices,187521,0.1873,hdx_knbs,25.0,fewsnet_ipc,mixed,Medium Highland,-1.0,-1.8369701987210297e-16,-0.30556825265437143,41.81666666666667,64.845,18.21,34.56,0.8120885993392806,19.709999999999997,19.11,19.63,17.92,-1.3708578336256612,0.5037000000000001,0.5372,0.4948,0.5384,-1.5381332503066714,0.2819,0.3229333333333333,0.2929,0.3077,0.16837063746133435,40.58,38.446666666666665,41.57,36.17,13.823610727121928
009,2021,11,Embu,2021-11-01,140.2,20.8,chirps+openmeteo,0.5757,0.3623,modis,123.29,wb_foodindex,40.55,fewsnet_prices,187521,0.1873,hdx_knbs,25.0,,mixed,Medium Highland,-0.8660254037844386,0.5000000000000001,0.2148895133272399,81.35333333333334,52.035000000000004,85.65,21.59,0.7771876253551367,20.403333333333332,19.34,20.78,18.72,-0.4615320518458453,0.5267333333333334,0.5289,0.5097,0.5066,-0.09983033867208184,0.31103333333333333,0.31293333333333334,0.2779,0.2749,0.13542797975673615,41.09666666666667,39.08833333333334,41.17,39.0,3.9743589743589602
009,2021,12,Embu,2021-12-01,161.29,19.47,chirps+openmeteo,0.683,0.4169,modis,123.29,wb_foodindex,40.38,fewsnet_prices,187521,0.1873,hdx_knbs,25.0,,mixed,Medium Highland,-0.5000000000000004,0.8660254037844384,0.43741550864160106,129.04666666666665,76.91666666666667,140.2,18.21,-0.48553583220930707,20.349999999999998,19.55333333333333,20.8,19.63,0.9737913545114056,0.5894666666666667,0.5513666666666667,0.5757,0.4948,0.8583079151856994,0.3523666666666667,0.3221,0.3623,0.2929,0.15515533553606292,40.699999999999996,39.806666666666665,40.55,41.57,-2.8626413278806773
009,2022,1,Embu,2022-01-01,34.35,20.67,chirps+openmeteo,0.6956,0.4133,modis,112.38,wb_foodindex,39.75,fewsnet_prices,187521,0.1873,hdx_knbs,25.0,,mixed,Medium Highland,0.0,1.0,-0.6390139390499966,111.94666666666667,76.88166666666667,161.29,85.65,0.6443581798705975,20.313333333333333,20.011666666666667,19.47,20.78,1.119539852943817,0.6514333333333334,0.5775666666666667,0.683,0.5097,0.8078367558083421,0.39749999999999996,0.33969999999999995,0.4169,0.2779,0.11129478113928025,40.22666666666667,40.403333333333336,40.38,41.17,-3.449113432110762
009,2022,2,Embu,2022-02-01,24.32,22.06,chirps+openmeteo,0.5935,0.3403,modis,112.38,wb_foodindex,41.52,fewsnet_prices,187521,0.1873,hdx_knbs,25.0,fewsnet_ipc,mixed,Medium Highland,0.49999999999999994,0.8660254037844387,-0.7055372008005955,73.32000000000001,77.33666666666667,34.35,140.2,1.8373706311507463,20.733333333333334,20.56833333333333,20.67,20.8,-0.1759067117520729,0.6573666666666668,0.5920500000000001,0.6956,0.5757,-0.397388462982856,0.3901666666666666,0.35059999999999997,0.4133,0.3623,0.49488783289417293,40.550000000000004,40.82333333333333,39.75,40.55,2.392108508014812
009,2022,3,Embu,2022-03-01,46.52,22.75,chirps+openmeteo,0.5648,0.3202,modis,112.38,wb_foodindex,42.55,fewsnet_prices,187521,0.1873,hdx_knbs,25.0,,mixed,Medium Highland,0.8660254037844386,0.5000000000000001,-0.47417402002455034,35.06333333333334,82.05499999999999,24.32,161.29,2.189213235058091,21.826666666666668,21.088333333333335,22.06,19.47,-0.5080804052795932,0.6179666666666667,0.6037166666666667,0.5935,0.683,-0.6995656313757204,0.35793333333333327,0.35515,0.3403,0.4169,1.0959068390172093,41.27333333333333,40.98666666666667,41.52,40.38,5.373947498761744
009,2022,4,Embu,2022-04-01,233.1,21.01,chirps+openmeteo,0.6061,0.355,modis,112.38,wb_foodindex,43.38,fewsnet_prices,187521,0.1873,hdx_knbs,25.0,,mixed,Medium Highland,1.0,6.123233995736766e-17,1.905181595950552,101.31333333333335,106.63,46.52,34.35,0.7292751291845501,21.94,21.12666666666667,22.75,20.67,0.1000044169699193,0.5881333333333333,0.6197833333333334,0.5648,0.6956,-0.020630539787520264,0.33849999999999997,0.36800000000000005,0.3202,0.4133,1.2404607532029228,42.48333333333333,41.355,42.55,39.75,9.13207547169812
009,2022,5,Embu,2022-05-01,51.07,20.09,chirps+openmeteo,0.6547,0.3936,modis,112.38,wb_foodindex,47.65,fewsnet_prices,187521,0.1873,hdx_knbs,25.0,,mixed,Medium Highland,0.8660254037844387,-0.4999999999999998,-0.43911937082127617,110.23000000000002,91.77499999999999,233.1,24.32,-0.01760540558702357,21.283333333333335,21.008333333333336,21.01,22.06,0.8896477349155729,0.6085333333333334,0.63295,0.6061,0.5935,0.8119374906656538,0.3562666666666667,0.3732166666666667,0.355,0.3403,2.5393990654031535,44.526666666666664,42.538333333333334,43.38,41.52,14.763969171483616
009,2022,6,Embu,2022-06-01,13.71,18.67,chirps+openmeteo,0.6086,0.3679,modis,112.38,wb_foodindex,65.45,fewsnet_prices,187521,0.1873,hdx_knbs,25.0,fewsnet_ipc,mixed,Medium Highland,0.49999999999999994,-0.8660254037844387,-0.9228607638536809,99.29333333333334,67.17833333333334,51.07,46.52,-1.132954328242527,19.923333333333336,20.875,20.09,22.75,0.23501383980282314,0.6231333333333334,0.62055,0.6547,0.5648,0.3270776177074168,0.3721666666666667,0.36505000000000004,0.3936,0.3202,3.8797770870791695,52.160000000000004,46.71666666666667,47.65,42.55,53.819036427732094
009,2022,7,Embu,2022-07-01,30.01,17.73,chirps+openmeteo,0.4946,0.2986,modis,112.38,wb_foodindex,95.8,fewsnet_prices,187521,0.1873,hdx_knbs,25.0,,mixed,Medium Highland,1.2246467991473532e-16,-1.0,-0.6995980459742389,31.59666666666668,66.455,13.71,233.1,-1.7670830165582327,18.830000000000002,20.385,18.67,21.01,-1.388075504845045,0.5859666666666666,0.58705,0.6086,0.6061,-1.016396922161209,0.35336666666666666,0.34593333333333337,0.3679,0.355,4.060316620418195,69.63333333333334,56.05833333333334,65.45,43.38,120.83909635776853
009,2022,8,Embu,2022-08-01,35.3,17.79,chirps+openmeteo,0.3922,0.2053,modis,112.38,wb_foodindex,89.33,fewsnet_prices,187521,0.1873,hdx_knbs,25.0,,mixed,Medium Highland,-0.4999999999999997,-0.8660254037844388,-0.6263135554819533,26.340000000000014,68.28500000000001,30.01,51.07,-1.6077307502098832,18.063333333333333,19.673333333333336,17.73,20.09,-2.5066581357059707,0.49846666666666667,0.5535,0.4946,0.6547,-2.4901989153435933,0.2906,0.3234333333333333,0.2986,0.3936,2.77645236077371,83.52666666666666,64.02666666666667,95.8,47.65,87.47114375655825
009,2022,9,Embu,2022-09-01,23.18,19.09,chirps+openmeteo,0.4175,0.2418,modis,112.38,wb_foodindex,83.53,fewsnet_prices,187521,0.1873,hdx_knbs,25.0,,mixed,Medium Highland,-0.8660254037844385,-0.5000000000000004,-0.7766766236402587,29.496666666666673,64.395,35.3,13.71,-0.6435070012142061,18.203333333333333,19.063333333333333,17.79,18.67,-1.934952782803399,0.4347666666666667,0.52895,0.3922,0.6086,-1.6857679600685338,0.24856666666666669,0.3103666666666667,0.2053,0.3679,2.0738391829643295,89.55333333333334,70.85666666666667,89.33,65.45,27.624140565317035
009,2022,10,Embu,2022-10-01,48.37,20.32,chirps+openmeteo,0.4614,0.2941,modis,112.38,wb_foodindex,89.95,fewsnet_prices,187521,0.1873,hdx_knbs,25.0,fewsnet_ipc,mixed,Medium Highland,-1.0,-1.8369701987210297e-16,-0.4077945404595264,35.616666666666674,33.606666666666676,23.18,30.01,0.24945329758998266,19.066666666666666,18.948333333333334,19.09,17.73,-1.3277524743263731,0.4237,0.5048333333333334,0.4175,0.4946,-0.8134960405897361,0.24706666666666666,0.3002166666666667,0.2418,0.2986,2.0820096356767452,87.60333333333334,78.61833333333334,83.53,95.8,-6.10647181628392
009,2022,11,Embu,2022-11-01,269.27,19.15,chirps+openmeteo,0.5228,0.3135,modis,112.38,wb_foodindex,92.42,fewsnet_prices,187521,0.1873,hdx_knbs,25.0,,mixed,Medium Highland,-0.8660254037844386,0.5000000000000001,2.3588150660609335,113.60666666666667,69.97333333333334,48.37,35.3,-0.5747668306366567,19.52,18.791666666666668,20.32,17.79,-0.5636728509154113,0.46723333333333333,0.48285,0.4614,0.3922,-0.4456387967052462,0.2831333333333333,0.28686666666666666,0.2941,0.2053,1.9227440172129668,88.63333333333334,86.08,89.95,89.33,3.4590842941900846
009,2022,12,Embu,2022-12-01,58.16,19.78,chirps+openmeteo,0.6972,0.4443,modis,112.38,wb_foodindex,93.28,fewsnet_prices,187521,0.1873,hdx_knbs,25.0,,mixed,Medium Highland,-0.5000000000000004,0.8660254037844384,-0.28420199299220744,125.26666666666665,77.38166666666666,269.27,23.18,-0.1139783323042327,19.75,18.97666666666667,19.15,19.09,1.472672157614465,0.5604666666666667,0.49761666666666665,0.5228,0.4175,1.7376096911247003,0.3506333333333333,0.29960000000000003,0.3135,0.2418,1.7397242998221558,91.88333333333333,90.71833333333332,92.42,83.53,11.67245301089428
010,2019,1,Kitui,2019-01-01,18.39,21.86,chirps+openmeteo,0.5865,0.3798,modis,107.28,wb_foodindex,27.0,fewsnet_prices,383256,0.3708,hdx_knbs,25.0,,mixed,Semi-arid,0.0,1.0,,18.39,18.39,,,,21.86,21.86,,,,0.5865,0.5865,,,,0.3798,0.3798,,,,27.0,27.0,,,
010,2019,2,Kitui,2019-02-01,18.62,22.7,chirps+openmeteo,0.4641,0.2922,modis,107.28,wb_foodindex,26.0,fewsnet_prices,383256,0.3708,hdx_knbs,25.0,fewsnet_ipc,mixed,Semi-arid,0.49999999999999994,0.8660254037844387,,18.505000000000003,18.505000000000003,18.39,,,22.28,22.28,21.86,,,0.5253,0.5253,0.5865,,,0.336,0.336,0.3798,,,26.5,26.5,27.0,,
010,2019,3,Kitui,2019-03-01,12.13,23.82,chirps+openmeteo,0.38,0.2266,modis,107.28,wb_foodindex,27.4,fewsnet_prices,383256,0.3708,hdx_knbs,25.0,,mixed,Semi-arid,0.8660254037844386,0.5000000000000001,,16.38,16.38,18.62,,,22.793333333333333,22.793333333333333,22.7,,,0.4768666666666667,0.4768666666666667,0.4641,,,0.2995333333333334,0.2995333333333334,0.2922,,,26.8,26.8,26.0,,
010,2019,4,Kitui,2019-04-01,123.35,22.84,chirps+openmeteo,0.3467,0.2118,modis,107.28,wb_foodindex,31.62,fewsnet_prices,383256,0.3708,hdx_knbs,25.0,,mixed,Semi-arid,1.0,6.123233995736766e-17,,51.36666666666667,43.1225,12.13,18.39,,23.12,22.805,23.82,21.86,,0.39693333333333336,0.444325,0.38,0.5865,,0.24353333333333335,0.2776,0.2266,0.3798,,28.34,28.005,27.4,27.0,17.11111111111112
010,2019,5,Kitui,2019-05-01,25.28,20.99,chirps+openmeteo,0.4968,0.2809,modis,107.28,wb_foodindex,41.0,fewsnet_prices,383256,0.3708,hdx_knbs,25.0,,mixed,Semi-arid,0.8660254037844387,-0.4999999999999998,,53.586666666666666,39.553999999999995,123.35,18.62,,22.549999999999997,22.442,22.84,22.7,,0.4078333333333333,0.45482000000000006,0.3467,0.4641,,0.23976666666666666,0.27826,0.2118,0.2922,,33.339999999999996,30.603999999999996,31.62,26.0,57.692307692307686
010,2019,6,Kitui,2019-06-01,4.7,20.54,chirps+openmeteo,0.4364,0.2574,modis,107.28,wb_foodindex,40.5,fewsnet_prices,383256,0.3708,hdx_knbs,25.0,fewsnet_ipc,mixed,Semi-arid,0.49999999999999994,-0.8660254037844387,-0.6535280189627122,51.10999999999999,33.745,25.28,12.13,-1.2868286783429732,21.456666666666667,22.125,20.99,23.82,-0.17902466388355734,0.42663333333333336,0.45175000000000004,0.4968,0.38,-0.29004492902104784,0.25003333333333333,0.2747833333333333,0.2809,0.2266,1.2024668120562256,37.70666666666667,32.25333333333333,41.0,27.4,47.810218978102206
010,2019,7,Kitui,2019-07-01,12.16,20.32,chirps+openmeteo,0.3637,0.2112,modis,107.28,wb_foodindex,44.0,fewsnet_prices,383256,0.3708,hdx_knbs,31.25,,mixed,Semi-arid,1.2246467991473532e-16,-1.0,-0.4470755702571384,14.046666666666667,32.70666666666666,4.7,123.35,-1.176376173149949,20.616666666666664,21.868333333333336,20.54,22.84,-0.8873463085432524,0.43229999999999996,0.4146166666666667,0.4364,0.3467,-0.9120299011551876,0.24983333333333332,0.24668333333333328,0.2574,0.2118,1.3118516278051817,41.833333333333336,35.086666666666666,40.5,31.62,39.152435167615415
010,2019,8,Kitui,2019-08-01,7.65,20.27,chirps+openmeteo,0.3204,0.18,modis,107.28,wb_foodindex,45.0,fewsnet_prices,383256,0.3708,hdx_knbs,37.5,,mixed,Semi-arid,-0.4999999999999997,-0.8660254037844388,-0.5140715068565028,8.17,30.878333333333334,12.16,25.28,-1.0412157053948257,20.37666666666667,21.463333333333335,20.32,20.99,-1.1645467290605038,0.3735,0.39066666666666666,0.3637,0.4968,-1.1888091206221483,0.21620000000000003,0.22798333333333334,0.2112,0.2809,1.1938988625936224,43.166666666666664,38.25333333333333,44.0,41.0,9.756097560975618
010,2019,9,Kitui,2019-09-01,3.8,21.21,chirps+openmeteo,0.2972,0.162,modis,107.28,wb_foodindex,43.0,fewsnet_prices,383256,0.3708,hdx_knbs,43.75,,mixed,Semi-arid,-0.8660254037844385,-0.5000000000000004,-0.5685302304301432,7.87,29.489999999999995,7.65,4.7,-0.32154596180543865,20.6,21.028333333333332,20.27,20.54,-1.2070514231052907,0.3271,0.3768666666666667,0.3204,0.4364,-1.2401461221291954,0.1844,0.21721666666666664,0.18,0.2574,0.8529417756858241,44.0,40.85333333333333,45.0,40.5,6.172839506172845
010,2019,10,Kitui,2019-10-01,223.73,20.82,chirps+openmeteo,0.3643,0.218,modis,107.28,wb_foodindex,42.5,fewsnet_prices,383256,0.3708,hdx_knbs,50.0,fewsnet_ipc,mixed,Semi-arid,-1.0,-1.8369701987210297e-16,2.4800890719947213,78.39333333333333,46.22,3.8,12.16,-0.5883242854440278,20.76666666666667,20.691666666666666,21.21,20.32,-0.4618322310662277,0.32730000000000004,0.37979999999999997,0.2972,0.3637,-0.3783856811897854,0.18666666666666668,0.21824999999999997,0.162,0.2112,0.7294130824897346,43.5,42.666666666666664,43.0,44.0,-3.409090909090906
010,2019,11,Kitui,2019-11-01,374.78,21.02,chirps+openmeteo,0.6389,0.408,modis,107.28,wb_foodindex,42.0,fewsnet_prices,383256,0.3708,hdx_knbs,37.5,,mixed,Semi-arid,-0.8660254037844386,0.5000000000000001,2.4844478491337165,200.76999999999998,104.46999999999998,223.73,7.65,-0.40286766688467424,21.016666666666666,20.69666666666667,20.82,20.27,1.9241627094601144,0.43346666666666667,0.40348333333333336,0.3643,0.3204,1.9286606966611652,0.26266666666666666,0.2394333333333333,0.218,0.18,0.6238392216317732,42.5,42.833333333333336,42.5,45.0,-6.666666666666665
010,2019,12,Kitui,2019-12-01,279.74,21.42,chirps+openmeteo,0.7067,0.4866,modis,107.28,wb_foodindex,42.5,fewsnet_prices,383256,0.3708,hdx_knbs,25.0,,mixed,Semi-arid,-0.5000000000000004,0.8660254037844384,1.4511016990647874,292.75,150.30999999999997,374.78,3.8,-0.05767647723757189,21.08666666666667,20.843333333333334,21.02,21.21,1.9354254130925714,0.5699666666666667,0.4485333333333334,0.6389,0.2972,2.108524715249576,0.3708666666666667,0.27763333333333334,0.408,0.162,0.6492157906138202,42.333333333333336,43.166666666666664,42.0,43.0,-1.1627906976744207
010,2020,1,Kitui,2020-01-01,75.7,21.81,chirps+openmeteo,0.6877,0.4428,modis,125.82,wb_foodindex,39.0,fewsnet_prices,383256,0.3708,hdx_knbs,12.5,,mixed,Semi-arid,0.0,1.0,-0.12160919581171645,243.40666666666667,160.9,279.74,223.73,0.2813581472231751,21.416666666666668,21.09166666666667,21.42,20.82,1.533471106877998,0.6777666666666667,0.5025333333333334,0.7067,0.3643,1.4490839809424603,0.4458,0.31623333333333337,0.4866,0.218,0.1683523252600546,41.166666666666664,42.333333333333336,42.5,42.5,-8.235294117647063
010,2020,2,Kitui,2020-02-01,43.85,22.28,chirps+openmeteo,0.6773,0.4283,modis,125.82,wb_foodindex,33.5,fewsnet_prices,383256,0.3708,hdx_knbs,0.0,fewsnet_ipc,mixed,Semi-arid,0.49999999999999994,0.8660254037844387,-0.3639001052418539,133.09666666666666,166.9333333333333,75.7,374.78,0.6832543933826134,21.83666666666667,21.426666666666666,21.81,21.02,1.307935096576167,0.6905666666666667,0.5620166666666667,0.6877,0.6389,1.1915366822296878,0.45256666666666673,0.35761666666666664,0.4428,0.408,-0.5805486190625075,38.333333333333336,40.416666666666664,39.0,42.0,-20.238095238095234
010,2020,3,Kitui,2020-03-01,185.17,22.51,chirps+openmeteo,0.6592,0.4156,modis,125.82,wb_foodindex,30.0,fewsnet_prices,383256,0.3708,hdx_knbs,0.0,,mixed,Semi-arid,0.8660254037844386,0.5000000000000001,0.7724851946843565,101.57333333333334,197.16166666666666,43.85,279.74,0.8499285791222424,22.200000000000003,21.643333333333334,22.28,21.42,1.0946722987937787,0.6747333333333333,0.62235,0.6773,0.7067,1.0001238941988218,0.42890000000000006,0.39988333333333337,0.4283,0.4866,-1.0119837680310915,34.166666666666664,38.25,33.5,42.5,-29.411764705882348
010,2020,4,Kitui,2020-04-01,243.03,21.57,chirps+openmeteo,0.6861,0.456,modis,125.82,wb_foodindex,31.0,fewsnet_prices,383256,0.3708,hdx_knbs,0.0,,mixed,Semi-arid,1.0,6.123233995736766e-17,1.1644731427249866,157.35,200.37833333333333,185.17,75.7,-0.05356751170747732,22.12,21.768333333333334,22.51,21.81,1.174193816199599,0.6741999999999999,0.6759833333333334,0.6592,0.6877,1.2541054955079631,0.4333,0.43955000000000005,0.4156,0.4428,-0.8213317671666548,31.5,36.333333333333336,30.0,39.0,-20.512820512820518
010,2020,5,Kitui,2020-05-01,29.52,21.2,chirps+openmeteo,0.6859,0.4558,modis,125.82,wb_foodindex,34.5,fewsnet_prices,383256,0.3708,hdx_knbs,0.0,,mixed,Semi-arid,0.8660254037844387,-0.4999999999999998,-0.5901706466696272,152.57333333333332,142.835,243.03,43.85,-0.40822694983100666,21.76,21.798333333333332,21.57,22.28,1.0938605872447529,0.6770666666666667,0.6838166666666666,0.6861,0.6773,1.1614955934153004,0.44246666666666673,0.44751666666666673,0.456,0.4283,-0.30080884825682824,31.833333333333332,35.083333333333336,31.0,33.5,2.9850746268656803
010,2020,6,Kitui,2020-06-01,6.37,20.53,chirps+openmeteo,0.6125,0.3708,modis,125.82,wb_foodindex,34.0,fewsnet_prices,383256,0.3708,hdx_knbs,0.0,fewsnet_ipc,mixed,Semi-arid,0.49999999999999994,-0.8660254037844387,-0.7525599109866807,92.97333333333331,97.27333333333333,29.52,185.17,-1.0293050270947723,21.099999999999998,21.650000000000002,21.2,22.51,0.5940345245215627,0.6615,0.6681166666666667,0.6859,0.6592,0.39789573422829616,0.4275333333333333,0.4282166666666667,0.4558,0.4156,-0.3644904529782742,33.166666666666664,33.666666666666664,34.5,30.0,13.33333333333333
010,2020,7,Kitui,2020-07-01,9.88,20.05,chirps+openmeteo,0.5194,0.3042,modis,125.82,wb_foodindex,33.5,fewsnet_prices,383256,0.3708,hdx_knbs,6.25,,mixed,Semi-arid,1.2246467991473532e-16,-1.0,-0.6941412205709004,15.256666666666666,86.30333333333334,6.37,243.03,-1.393663706446429,20.593333333333334,21.356666666666666,20.53,21.57,-0.021949403453044584,0.6059333333333333,0.6400666666666667,0.6125,0.6861,-0.20003502033159756,0.37693333333333334,0.4051166666666666,0.3708,0.456,-0.42820517982886325,34.0,32.75,34.0,31.0,8.064516129032251
010,2020,8,Kitui,2020-08-01,6.66,20.13,chirps+openmeteo,0.4313,0.2348,modis,125.82,wb_foodindex,32.75,fewsnet_prices,383256,0.3708,hdx_knbs,12.5,,mixed,Semi-arid,-0.4999999999999997,-0.8660254037844388,-0.6954434078881663,7.636666666666667,80.105,9.88,29.52,-1.228340560272842,20.236666666666668,20.99833333333333,20.05,21.2,-0.6012659461991985,0.5210666666666667,0.5990666666666667,0.5194,0.6859,-0.8107445599123244,0.30326666666666674,0.3728666666666666,0.3042,0.4558,-0.5293832000562178,33.416666666666664,32.625,33.5,34.5,-5.072463768115942
010,2020,9,Kitui,2020-09-01,3.93,20.73,chirps+openmeteo,0.3768,0.2158,modis,125.82,wb_foodindex,33.25,fewsnet_prices,383256,0.3708,hdx_knbs,18.75,,mixed,Semi-arid,-0.8660254037844385,-0.5000000000000004,-0.6941939092555621,6.823333333333333,49.89833333333334,6.66,6.37,-0.6242453316707702,20.30333333333333,20.701666666666668,20.13,20.53,-0.9344062950256183,0.44250000000000006,0.5519999999999999,0.4313,0.6125,-0.9436638450665877,0.25160000000000005,0.33956666666666663,0.2348,0.3708,-0.4364249411687012,33.166666666666664,33.166666666666664,32.75,34.0,-2.2058823529411797
010,2020,10,Kitui,2020-10-01,28.76,22.3,chirps+openmeteo,0.3522,0.1987,modis,125.82,wb_foodindex,33.0,fewsnet_prices,383256,0.3708,hdx_knbs,25.0,fewsnet_ipc,mixed,Semi-arid,-1.0,-1.8369701987210297e-16,-0.4588184876112255,13.116666666666667,14.186666666666667,3.93,9.88,0.886271162668016,21.053333333333335,20.823333333333334,20.73,20.05,-1.05088511271779,0.3867666666666667,0.49635,0.3768,0.5194,-1.0501995559928103,0.21643333333333334,0.29668333333333335,0.2158,0.3042,-0.4645388539602004,33.0,33.5,33.25,33.5,-1.4925373134328401
010,2020,11,Kitui,2020-11-01,214.83,21.24,chirps+openmeteo,0.5022,0.2995,modis,125.82,wb_foodindex,37.5,fewsnet_prices,383256,0.3708,hdx_knbs,25.0,,mixed,Semi-arid,-0.8660254037844386,0.5000000000000001,1.175103307660498,82.50666666666667,45.071666666666665,28.76,6.66,-0.16038872407613564,21.423333333333332,20.830000000000002,22.3,20.13,-0.012838629703317934,0.41040000000000004,0.46573333333333333,0.3522,0.4313,-0.10350445667507802,0.238,0.27063333333333334,0.1987,0.2348,0.2825374591233469,34.583333333333336,34.0,33.0,32.75,14.50381679389312
010,2020,12,Kitui,2020-12-01,90.86,21.29,chirps+openmeteo,0.6506,0.4195,modis,125.82,wb_foodindex,33.0,fewsnet_prices,383256,0.3708,hdx_knbs,25.0,,mixed,Semi-arid,-0.5000000000000004,0.8660254037844384,0.05306088100760094,111.48333333333333,59.153333333333336,214.83,3.93,-0.10747986995449503,21.61,20.956666666666667,21.24,20.73,0.9940652687576724,0.5016666666666666,0.47208333333333335,0.5022,0.3768,1.0022820688881873,0.3059,0.27875,0.2995,0.2158,-0.47514755845272033,34.5,33.833333333333336,37.5,33.25,-0.7518796992481258
010,2021,1,Kitui,2021-01-01,15.78,21.64,chirps+openmeteo,0.611,0.3787,modis,123.29,wb_foodindex,34.5,fewsnet_prices,383256,0.3708,hdx_knbs,25.0,,mixed,Semi-arid,0.0,1.0,-0.6396062991143932,107.15666666666668,60.13666666666668,90.86,28.76,0.2655846108015047,21.39,21.221666666666668,21.29,22.3,0.7033242193957493,0.5879333333333333,0.48735,0.6506,0.3522,0.6121488941888606,0.36589999999999995,0.2911666666666667,0.4195,0.1987,-0.2832206671764743,35.0,34.0,33.0,33.0,4.545454545454541
010,2021,2,Kitui,2021-02-01,22.54,22.49,chirps+openmeteo,0.5319,0.311,modis,123.29,wb_foodindex,33.9,fewsnet_prices,383256,0.3708,hdx_knbs,25.0,fewsnet_ipc,mixed,Semi-arid,0.49999999999999994,0.8660254037844387,-0.5792059111681875,43.06,62.78333333333333,15.78,214.83,1.1726690867410403,21.80666666666667,21.615,21.64,21.24,0.12657809635096692,0.5978333333333333,0.5041166666666667,0.611,0.5022,-0.04395222834275885,0.3697333333333333,0.3038666666666667,0.3787,0.2995,-0.4907767231860029,33.800000000000004,34.19166666666666,34.5,37.5,-9.600000000000009
010,2021,3,Kitui,2021-03-01,31.01,23.3,chirps+openmeteo,0.4264,0.2425,modis,123.29,wb_foodindex,34.0,fewsnet_prices,383256,0.3708,hdx_knbs,25.0,,mixed,Semi-arid,0.8660254037844386,0.5000000000000001,-0.5104539838833964,23.11,67.29666666666667,22.54,90.86,2.1708182772436047,22.476666666666663,22.043333333333333,22.49,21.29,-0.6389298381994545,0.5231,0.5123833333333333,0.5319,0.6506,-0.7108779558677517,0.3107333333333333,0.30831666666666663,0.311,0.4195,-0.5638907128704262,34.13333333333333,34.31666666666666,33.9,33.0,3.0303030303030276
010,2021,4,Kitui,2021-04-01,136.35,22.04,chirps+openmeteo,0.4944,0.3069,modis,123.29,wb_foodindex,31.0,fewsnet_prices,383256,0.3708,hdx_knbs,25.0,,mixed,Semi-arid,1.0,6.123233995736766e-17,0.4620510244963975,63.29999999999999,85.22833333333334,31.01,15.78,0.843592479019905,22.61,22.0,23.3,21.64,-0.20410399902215975,0.48423333333333335,0.5360833333333334,0.4264,0.611,-0.13129090162691345,0.2868,0.32635,0.2425,0.3787,-1.189831646376185,32.96666666666667,33.98333333333333,34.0,34.5,-10.144927536231885
010,2021,5,Kitui,2021-05-01,79.69,20.88,chirps+openmeteo,0.4848,0.3104,modis,123.29,wb_foodindex,31.5,fewsnet_prices,383256,0.3708,hdx_knbs,25.0,,mixed,Semi-arid,0.8660254037844387,-0.4999999999999998,-0.08477836691871143,82.35000000000001,62.705000000000005,136.35,22.54,-0.5104405898053419,22.073333333333334,21.939999999999998,22.04,22.49,-0.2710286312179638,0.4685333333333333,0.5331833333333333,0.4944,0.5319,-0.10923219818234778,0.2866,0.32816666666666666,0.3069,0.311,-0.9970137332187198,32.166666666666664,32.98333333333333,31.0,33.9,-7.079646017699115
010,2021,6,Kitui,2021-06-01,2.71,19.68,chirps+openmeteo,0.4724,0.2844,modis,123.29,wb_foodindex,32.25,fewsnet_prices,383256,0.3708,hdx_knbs,25.0,fewsnet_ipc,mixed,Semi-arid,0.49999999999999994,-0.8660254037844387,-0.8022057503452115,72.91666666666667,48.01333333333333,79.69,31.01,-1.7681195902721387,20.866666666666667,21.671666666666667,20.88,23.3,-0.37570621475238253,0.48386666666666667,0.5034833333333334,0.4848,0.4264,-0.3799123533227281,0.30056666666666665,0.30565,0.3104,0.2425,-0.7701929838976381,31.583333333333332,32.85833333333333,31.5,34.0,-5.147058823529416
010,2021,7,Kitui,2021-07-01,11.49,19.54,chirps+openmeteo,0.3769,0.2126,modis,123.29,wb_foodindex,34.0,fewsnet_prices,383256,0.3708,hdx_knbs,25.0,,mixed,Semi-arid,1.2246467991473532e-16,-1.0,-0.7198839502188439,31.296666666666667,47.29833333333334,2.71,136.35,-1.790588657191027,20.033333333333335,21.321666666666665,19.68,22.04,-1.0934128496880466,0.44470000000000004,0.46446666666666664,0.4724,0.4944,-1.096002938272066,0.26913333333333334,0.27796666666666664,0.2844,0.3069,-0.33307032951099025,32.583333333333336,32.775,32.25,31.0,9.677419354838701
010,2021,8,Kitui,2021-08-01,6.12,20.28,chirps+openmeteo,0.3244,0.1809,modis,123.29,wb_foodindex,34.5,fewsnet_prices,383256,0.3708,hdx_knbs,25.0,,mixed,Semi-arid,-0.4999999999999997,-0.8660254037844388,-0.7690200038359243,6.773333333333333,44.56166666666667,11.49,79.69,-1.0156781199011717,19.833333333333332,20.953333333333333,19.54,20.88,-1.4888451430077043,0.3912333333333333,0.42988333333333334,0.3769,0.4848,-1.4129451872859946,0.22596666666666665,0.25628333333333336,0.2126,0.3104,-0.13509168059743779,33.583333333333336,32.875,34.0,31.5,9.523809523809534
010,2021,9,Kitui,2021-09-01,2.88,21.09,chirps+openmeteo,0.3128,0.1707,modis,123.29,wb_foodindex,34.5,fewsnet_prices,383256,0.3708,hdx_knbs,25.0,,mixed,Semi-arid,-0.8660254037844385,-0.5000000000000004,-0.7986362419746095,6.829999999999999,39.873333333333335,6.12,2.71,-0.16074187235498688,20.30333333333333,20.585,20.28,19.68,-1.5935862004573995,0.33803333333333335,0.41095,0.3244,0.4724,-1.5272323821363496,0.1880666666666667,0.24431666666666665,0.1809,0.2844,-0.049223410851946724,34.333333333333336,32.958333333333336,34.5,32.25,6.976744186046502
010,2021,10,Kitui,2021-10-01,28.85,22.27,chirps+openmeteo,0.2994,0.1654,modis,123.29,wb_foodindex,35.5,fewsnet_prices,383256,0.3708,hdx_knbs,25.0,fewsnet_ipc,mixed,Semi-arid,-1.0,-1.8369701987210297e-16,-0.4963842574088197,12.616666666666667,21.956666666666674,2.88,11.49,0.9944063373985443,21.213333333333335,20.62333333333333,21.09,19.54,-1.6251434040453674,0.31220000000000003,0.37845,0.3128,0.3769,-1.513736244536803,0.17233333333333334,0.2207333333333333,0.1707,0.2126,0.36074100323801445,34.833333333333336,33.708333333333336,34.5,34.0,4.4117647058823595
010,2021,11,Kitui,2021-11-01,149.61,22.48,chirps+openmeteo,0.304,0.1773,modis,123.29,wb_foodindex,36.0,fewsnet_prices,383256,0.3708,hdx_knbs,31.25,,mixed,Semi-arid,-0.8660254037844386,0.5000000000000001,0.9290018233752944,60.446666666666665,33.61000000000001,28.85,6.12,1.1171131538124082,21.94666666666667,20.89,22.27,20.28,-1.4417410629241072,0.3054,0.34831666666666666,0.2994,0.3244,-1.2761557407208437,0.17113333333333333,0.19854999999999998,0.1654,0.1809,0.699225739291613,35.333333333333336,34.458333333333336,35.5,34.5,4.347826086956519
010,2021,12,Kitui,2021-12-01,227.81,20.73,chirps+openmeteo,0.5811,0.3813,modis,123.29,wb_foodindex,36.5,fewsnet_prices,383256,0.3708,hdx_knbs,37.5,,mixed,Semi-arid,-0.5000000000000004,0.8660254037844384,1.9989995528010496,135.42333333333332,71.12666666666668,149.61,2.88,-0.6017915721417912,21.826666666666664,21.064999999999998,22.48,21.09,0.5783058378706402,0.3948333333333333,0.36643333333333333,0.304,0.3128,0.7496728575007342,0.24133333333333332,0.2147,0.1773,0.1707,1.2663412911502265,36.0,35.166666666666664,36.0,34.5,5.797101449275366
010,2022,1,Kitui,2022-01-01,15.37,22.52,chirps+openmeteo,0.6869,0.4511,modis,112.38,wb_foodindex,40.8,fewsnet_prices,383256,0.3708,hdx_knbs,43.75,,mixed,Semi-arid,0.0,1.0,-0.6358123560009759,130.92999999999998,71.77333333333334,227.81,28.85,1.1194487176973422,21.91,21.561666666666667,20.73,22.27,1.3577450257452073,0.524,0.41809999999999997,0.5811,0.2994,1.441486084783751,0.3365666666666667,0.25445,0.3813,0.1654,2.9975314225209932,37.766666666666666,36.300000000000004,36.5,35.5,14.929577464788736
010,2022,2,Kitui,2022-02-01,17.52,23.75,chirps+openmeteo,0.5007,0.307,modis,112.38,wb_foodindex,41.0,fewsnet_prices,383256,0.3708,hdx_knbs,50.0,fewsnet_ipc,mixed,Semi-arid,0.49999999999999994,0.8660254037844387,-0.5916505244231373,86.89999999999999,73.67333333333333,15.37,149.61,2.0610558519310063,22.333333333333332,22.14,22.52,22.48,0.04258582035305741,0.5895666666666667,0.4474833333333333,0.6869,0.304,0.050582462207789974,0.37979999999999997,0.2754666666666667,0.4511,0.1773,2.4983952356486623,39.43333333333333,37.38333333333333,40.8,36.0,13.888888888888884
010,2022,3,Kitui,2022-03-01,23.42,23.97,chirps+openmeteo,0.4222,0.2474,modis,112.38,wb_foodindex,43.0,fewsnet_prices,383256,0.3708,hdx_knbs,50.0,,mixed,Semi-arid,0.8660254037844386,0.5000000000000001,-0.4564534621352351,18.77,77.09666666666668,17.52,227.81,2.0289459308281943,23.41333333333333,22.62,23.75,20.73,-0.49823409910814426,0.5366,0.4657166666666666,0.5007,0.5811,-0.5079389137288343,0.33516666666666667,0.28825,0.307,0.3813,2.6605553655226695,41.6,38.800000000000004,41.0,36.5,17.808219178082197
010,2022,4,Kitui,2022-04-01,162.18,22.32,chirps+openmeteo,0.4225,0.2466,modis,112.38,wb_foodindex,46.15,fewsnet_prices,383256,0.3708,hdx_knbs,50.0,,mixed,Semi-arid,1.0,6.123233995736766e-17,1.5293542919314187,67.70666666666666,99.31833333333334,23.42,15.37,0.6486478015030185,23.346666666666668,22.628333333333334,23.97,22.52,-0.43281546377699465,0.44846666666666674,0.48623333333333335,0.4222,0.6869,-0.4528043870261869,0.26699999999999996,0.30178333333333335,0.2474,0.4511,2.86002085811553,43.38333333333333,40.574999999999996,43.0,40.8,13.112745098039213
010,2022,5,Kitui,2022-05-01,15.78,21.61,chirps+openmeteo,0.5394,0.3374,modis,112.38,wb_foodindex,53.0,fewsnet_prices,383256,0.3708,hdx_knbs,50.0,,mixed,Semi-arid,0.8660254037844387,-0.4999999999999998,-0.5526469272816549,67.12666666666667,77.01333333333334,162.18,17.52,0.06012720609261889,22.633333333333336,22.483333333333334,22.32,23.75,0.6367874810610684,0.4613666666666667,0.5254666666666666,0.4225,0.5007,0.6906962585733672,0.27713333333333334,0.3284666666666667,0.2466,0.307,3.2449575205382364,47.38333333333333,43.40833333333333,46.15,41.0,29.268292682926834
010,2022,6,Kitui,2022-06-01,3.0,20.25,chirps+openmeteo,0.4403,0.2498,modis,112.38,wb_foodindex,60.0,fewsnet_prices,383256,0.3708,hdx_knbs,50.0,fewsnet_ipc,mixed,Semi-arid,0.49999999999999994,-0.8660254037844387,-0.7315038594425389,60.32,39.54500000000001,15.78,23.42,-1.0236767656188779,21.393333333333334,22.403333333333336,21.61,23.97,-0.19231939147099347,0.46740000000000004,0.502,0.5394,0.4222,-0.3371417345434886,0.27793333333333337,0.30655,0.3374,0.2474,3.2131465553558454,53.050000000000004,47.324999999999996,53.0,43.0,39.53488372093024
010,2022,7,Kitui,2022-07-01,7.32,19.19,chirps+openmeteo,0.3609,0.1931,modis,112.38,wb_foodindex,74.0,fewsnet_prices,383256,0.3708,hdx_knbs,50.0,,mixed,Semi-arid,1.2246467991473532e-16,-1.0,-0.6678905545887107,8.700000000000001,38.20333333333334,3.0,162.18,-1.7677774211724597,20.349999999999998,21.848333333333333,20.25,22.32,-0.8597225843227718,0.4468666666666667,0.44766666666666666,0.4403,0.4225,-0.9777016877092551,0.2601,0.26355,0.2498,0.2466,3.4188319816937365,62.333333333333336,52.85833333333333,60.0,46.15,60.34669555796317
010,2022,8,Kitui,2022-08-01,6.56,19.24,chirps+openmeteo,0.3131,0.1638,modis,112.38,wb_foodindex,70.0,fewsnet_prices,383256,0.3708,hdx_knbs,50.0,,mixed,Semi-arid,-0.4999999999999997,-0.8660254037844388,-0.6785953563290844,5.626666666666666,36.37666666666667,7.32,15.78,-1.6352935380838582,19.56,21.096666666666668,19.19,21.61,-1.212660230529974,0.37143333333333334,0.41639999999999994,0.3609,0.5394,-1.2629750222654148,0.20223333333333335,0.23968333333333333,0.1931,0.3374,2.468019908975948,68.0,57.69166666666666,74.0,53.0,32.0754716981132
010,2022,9,Kitui,2022-09-01,3.03,20.49,chirps+openmeteo,0.2919,0.1666,modis,112.38,wb_foodindex,69.0,fewsnet_prices,383256,0.3708,hdx_knbs,50.0,,mixed,Semi-arid,-0.8660254037844385,-0.5000000000000004,-0.7278965149950625,5.636666666666667,32.97833333333334,6.56,3.0,-0.7001478406721475,19.639999999999997,20.516666666666666,19.24,20.25,-1.3265349792392227,0.3219666666666667,0.39468333333333333,0.3131,0.4403,-1.1770825090445372,0.1745,0.22621666666666665,0.1638,0.2498,2.05008055463249,71.0,62.025,70.0,60.0,14.999999999999991
010,2022,10,Kitui,2022-10-01,20.27,21.49,chirps+openmeteo,0.2635,0.1592,modis,112.38,wb_foodindex,65.15,fewsnet_prices,383256,0.3708,hdx_knbs,50.0,fewsnet_ipc,mixed,Semi-arid,-1.0,-1.8369701987210297e-16,-0.4771173955961156,9.953333333333333,9.32666666666667,3.03,7.32,0.061275088899528596,20.406666666666666,20.378333333333334,20.49,19.19,-1.4825989946860556,0.28950000000000004,0.3681833333333333,0.2919,0.3609,-1.219785935351507,0.1632,0.21165,0.1666,0.1931,1.576459910057505,68.05,65.19166666666668,69.0,74.0,-11.959459459459454
010,2022,11,Kitui,2022-11-01,192.41,20.69,chirps+openmeteo,0.398,0.2456,modis,112.38,wb_foodindex,66.5,fewsnet_prices,383256,0.3708,hdx_knbs,50.0,,mixed,Semi-arid,-0.8660254037844386,0.5000000000000001,2.0347737742057417,71.90333333333334,38.76500000000001,20.27,6.56,-0.5129781368038829,20.89,20.224999999999998,21.49,19.24,-0.33196943317552174,0.3178,0.3446166666666666,0.2635,0.3131,-0.1995499600879917,0.19046666666666667,0.19635,0.1592,0.1638,1.5087254759367925,66.88333333333334,67.44166666666668,65.15,70.0,-5.000000000000004
010,2022,12,Kitui,2022-12-01,64.04,21.52,chirps+openmeteo,0.6063,0.4123,modis,112.38,wb_foodindex,67.5,fewsnet_prices,383256,0.3708,hdx_knbs,50.0,,mixed,Semi-arid,-0.5000000000000004,0.8660254037844384,0.17824533892330036,92.24000000000001,48.93833333333333,192.41,3.03,0.09292513253485195,21.233333333333334,20.436666666666667,20.69,20.49,1.4542548899399592,0.42260000000000003,0.3722833333333333,0.398,0.2919,1.7397549031613364,0.2723666666666667,0.22343333333333334,0.2456,0.1666,1.4291558691320825,66.38333333333334,68.69166666666668,66.5,69.0,-2.1739130434782594
011,2019,1,Machakos,2019-01-01,15.77,18.7,chirps+openmeteo,0.558,0.3565,modis,107.28,wb_foodindex,,,206891,0.1879,hdx_knbs,0.0,,mixed,Semi-arid,0.0,1.0,,15.77,15.77,,,,18.7,18.7,,,,0.558,0.558,,,,0.3565,0.3565,,,,,,,,
011,2019,2,Machakos,2019-02-01,22.89,19.54,chirps+openmeteo,0.4286,0.2767,modis,107.28,wb_foodindex,,,206891,0.1879,hdx_knbs,0.0,fewsnet_ipc,mixed,Semi-arid,0.49999999999999994,0.8660254037844387,,19.33,19.33,15.77,,,19.119999999999997,19.119999999999997,18.7,,,0.4933,0.4933,0.558,,,0.3166,0.3166,0.3565,,,,,,,
011,2019,3,Machakos,2019-03-01,18.92,20.75,chirps+openmeteo,0.358,0.2166,modis,107.28,wb_foodindex,,,206891,0.1879,hdx_knbs,0.0,,mixed,Semi-arid,0.8660254037844386,0.5000000000000001,,19.19333333333333,19.19333333333333,22.89,,,19.66333333333333,19.66333333333333,19.54,,,0.4482,0.4482,0.4286,,,0.28326666666666667,0.28326666666666667,0.2767,,,,,,,
011,2019,4,Machakos,2019-04-01,135.89,19.69,chirps+openmeteo,0.3285,0.1991,modis,107.28,wb_foodindex,,,206891,0.1879,hdx_knbs,0.0,,mixed,Semi-arid,1.0,6.123233995736766e-17,,59.23333333333333,48.36749999999999,18.92,15.77,,19.993333333333332,19.67,20.75,18.7,,0.3717,0.418275,0.358,0.558,,0.2308,0.262225,0.2166,0.3565,,,,,,
011,2019,5,Machakos,2019-05-01,36.86,18.08,chirps+openmeteo,0.4519,0.2702,modis,107.28,wb_foodindex,,,206891,0.1879,hdx_knbs,0.0,,mixed,Semi-arid,0.8660254037844387,-0.4999999999999998,,63.889999999999986,46.065999999999995,135.89,22.89,,19.506666666666664,19.351999999999997,19.69,19.54,,0.3794666666666667,0.425,0.3285,0.4286,,0.22863333333333333,0.26382,0.1991,0.2767,,,,,,
011,2019,6,Machakos,2019-06-01,18.7,17.17,chirps+openmeteo,0.4638,0.2846,modis,107.28,wb_foodindex,,,206891,0.1879,hdx_knbs,0.0,fewsnet_ipc,mixed,Semi-arid,0.49999999999999994,-0.8660254037844387,-0.4868893939857153,63.81666666666666,41.504999999999995,36.86,18.92,-1.4273244787918087,18.313333333333333,18.988333333333333,18.08,20.75,0.3951245185539792,0.41473333333333334,0.43146666666666667,0.4519,0.358,0.3102724692925059,0.2513,0.2672833333333333,0.2702,0.2166,,,,,,
011,2019,7,Machakos,2019-07-01,14.56,17.04,chirps+openmeteo,0.4313,0.2547,modis,107.28,wb_foodindex,,,206891,0.1879,hdx_knbs,0.0,,mixed,Semi-arid,1.2246467991473532e-16,-1.0,-0.5254598148554334,23.373333333333335,41.30333333333333,18.7,135.89,-1.2132279959785988,17.43,18.711666666666666,17.17,19.69,-0.0019123876425756051,0.449,0.41035000000000005,0.4638,0.3285,-0.21078242211329243,0.26983333333333337,0.2503166666666667,0.2846,0.1991,,,,,,
011,2019,8,Machakos,2019-08-01,10.7,17.14,chirps+openmeteo,0.3547,0.192,modis,107.28,wb_foodindex,,,206891,0.1879,hdx_knbs,0.0,,mixed,Semi-arid,-0.4999999999999997,-0.8660254037844388,-0.5643455420712796,14.653333333333334,39.27166666666666,14.56,36.86,-0.9882915411142298,17.116666666666667,18.311666666666667,17.04,18.08,-0.9038710771681834,0.4166,0.3980333333333333,0.4313,0.4519,-1.1900622977790851,0.2437666666666667,0.2362,0.2547,0.2702,,,,,,
011,2019,9,Machakos,2019-09-01,12.32,18.18,chirps+openmeteo,0.3105,0.1786,modis,107.28,wb_foodindex,,,206891,0.1879,hdx_knbs,0.0,,mixed,Semi-arid,-0.8660254037844385,-0.5000000000000004,-0.4909068076057128,12.526666666666666,38.17166666666666,10.7,18.7,-0.22733077905491741,17.453333333333333,17.883333333333336,17.14,17.17,-1.2563121078396413,0.3655,0.39011666666666667,0.3547,0.4638,-1.2161547047327936,0.20843333333333336,0.22986666666666666,0.192,0.2846,,,,,,
011,2019,10,Machakos,2019-10-01,230.83,17.93,chirps+openmeteo,0.3475,0.204,modis,107.28,wb_foodindex,,,206891,0.1879,hdx_knbs,0.0,fewsnet_ipc,mixed,Semi-arid,-1.0,-1.8369701987210297e-16,2.444826397367048,84.61666666666667,53.995,12.32,14.56,-0.39599147720555167,17.75,17.59,18.18,17.04,-0.7261051687579883,0.33756666666666674,0.39328333333333326,0.3105,0.4313,-0.710732993588174,0.19153333333333333,0.23068333333333335,0.1786,0.2547,,,,,,
011,2019,11,Machakos,2019-11-01,305.02,18.14,chirps+openmeteo,0.6075,0.3679,modis,107.28,wb_foodindex,,,206891,0.1879,hdx_knbs,0.0,,mixed,Semi-arid,-0.8660254037844386,0.5000000000000001,2.2300037649813413,182.72333333333336,98.68833333333332,230.83,10.7,-0.21693462996248494,18.083333333333332,17.6,17.93,17.14,1.9458962945797644,0.42183333333333334,0.4192166666666666,0.3475,0.3547,1.7555515554787158,0.2501666666666667,0.24696666666666667,0.204,0.192,,,,,,
011,2019,12,Machakos,2019-12-01,271.17,18.21,chirps+openmeteo,0.6326,0.4158,modis,107.28,wb_foodindex,,,206891,0.1879,hdx_knbs,0.0,,mixed,Semi-arid,-0.5000000000000004,0.8660254037844384,1.584736716984862,269.00666666666666,140.76666666666668,305.02,12.32,-0.15144221446009445,18.093333333333334,17.773333333333337,18.14,18.18,1.7653075629646502,0.5292,0.44734999999999997,0.6075,0.3105,1.9154280722846841,0.3292333333333333,0.2688333333333333,0.3679,0.1786,,,,,,
011,2020,1,Machakos,2020-01-01,147.28,18.56,chirps+openmeteo,0.6634,0.4395,modis,125.82,wb_foodindex,,,206891,0.1879,hdx_knbs,0.0,,mixed,Semi-arid,0.0,1.0,0.4716647836073143,241.15666666666667,162.88666666666666,271.17,230.83,0.15296938581481467,18.30333333333333,18.026666666666667,18.21,17.93,1.6973906852349852,0.6345,0.4860333333333333,0.6326,0.3475,1.8017657867671764,0.40773333333333334,0.2996333333333333,0.4158,0.204,,,,,,
011,2020,2,Machakos,2020-02-01,70.4,18.97,chirps+openmeteo,0.636,0.4301,modis,125.82,wb_foodindex,,,206891,0.1879,hdx_knbs,0.0,fewsnet_ipc,mixed,Semi-arid,0.49999999999999994,0.8660254037844387,-0.21993943939941235,162.95000000000002,172.83666666666667,147.28,305.02,0.5088108272971071,18.58,18.331666666666667,18.56,18.14,1.316918538251629,0.644,0.5329166666666667,0.6634,0.6075,1.4815640109519141,0.4284666666666667,0.33931666666666666,0.4395,0.3679,,,,,,
011,2020,3,Machakos,2020-03-01,190.68,19.24,chirps+openmeteo,0.6144,0.3832,modis,125.82,wb_foodindex,,,206891,0.1879,hdx_knbs,0.0,,mixed,Semi-arid,0.8660254037844386,0.5000000000000001,0.8626508856294078,136.12,202.56333333333336,70.4,271.17,0.7267140638122802,18.923333333333332,18.508333333333336,18.97,18.21,1.0611857257007853,0.6379333333333334,0.5835666666666667,0.636,0.6326,0.9170659129039744,0.4176,0.3734166666666667,0.4301,0.4158,,,,,,
011,2020,4,Machakos,2020-04-01,280.83,18.58,chirps+openmeteo,0.6297,0.4169,modis,125.82,wb_foodindex,,,206891,0.1879,hdx_knbs,0.0,,mixed,Semi-arid,1.0,6.123233995736766e-17,1.5259942035450689,180.63666666666668,210.89666666666665,190.68,147.28,0.08515398408942668,18.929999999999996,18.616666666666664,19.24,18.56,1.0961757789406124,0.6267,0.6306,0.6144,0.6634,1.178835932333641,0.41006666666666663,0.4089,0.3832,0.4395,,,,,,
011,2020,5,Machakos,2020-05-01,48.33,17.84,chirps+openmeteo,0.6495,0.4358,modis,125.82,wb_foodindex,,,206891,0.1879,hdx_knbs,0.0,,mixed,Semi-arid,0.8660254037844387,-0.4999999999999998,-0.5469672810171198,173.28,168.11499999999998,280.83,70.4,-0.6293960133948105,18.55333333333333,18.566666666666666,18.58,18.97,1.1594711349069253,0.6311999999999999,0.6376,0.6297,0.636,1.266707001741465,0.41196666666666665,0.4202166666666666,0.4169,0.4301,,,,,,
011,2020,6,Machakos,2020-06-01,18.1,17.0,chirps+openmeteo,0.562,0.3544,modis,125.82,wb_foodindex,,,206891,0.1879,hdx_knbs,0.0,fewsnet_ipc,mixed,Semi-arid,0.49999999999999994,-0.8660254037844387,-0.7878532734128785,115.75333333333333,125.93666666666667,48.33,190.68,-1.3614909421963972,17.80666666666667,18.365,17.84,19.24,0.4735189096401115,0.6137333333333334,0.6258333333333334,0.6495,0.6144,0.41305488748943103,0.4023666666666667,0.4099833333333333,0.4358,0.3832,,,,,,
011,2020,7,Machakos,2020-07-01,9.71,16.32,chirps+openmeteo,0.522,0.3193,modis,125.82,wb_foodindex,,,206891,0.1879,hdx_knbs,0.0,,mixed,Semi-arid,1.2246467991473532e-16,-1.0,-0.8270568855780256,25.38,103.00833333333333,18.1,280.83,-1.7878239080192524,17.05333333333333,17.991666666666667,17.0,18.58,0.15604675052872322,0.5778333333333333,0.6022666666666666,0.562,0.6297,0.040573512787412384,0.3698333333333334,0.38995,0.3544,0.4169,,,,,,
011,2020,8,Machakos,2020-08-01,5.69,16.93,chirps+openmeteo,0.4243,0.2386,modis,125.82,wb_foodindex,,,206891,0.1879,hdx_knbs,0.0,,mixed,Semi-arid,-0.4999999999999997,-0.8660254037844388,-0.8278757562519637,11.166666666666666,92.22333333333331,9.71,48.33,-1.153368302750302,16.75,17.651666666666667,16.32,17.84,-0.6093967508459037,0.5027666666666667,0.5669833333333333,0.522,0.6495,-0.8032757345845948,0.30410000000000004,0.35803333333333337,0.3193,0.4358,,,,,,
011,2020,9,Machakos,2020-09-01,10.27,17.66,chirps+openmeteo,0.3747,0.2218,modis,125.82,wb_foodindex,,,206891,0.1879,hdx_knbs,0.0,,mixed,Semi-arid,-0.8660254037844385,-0.5000000000000004,-0.7550545740329977,8.556666666666667,62.154999999999994,5.69,18.1,-0.4765770152864006,16.97,17.388333333333332,16.93,17.0,-0.9676717560499107,0.4403333333333333,0.5270333333333334,0.4243,0.562,-0.9424505758263907,0.2599,0.33113333333333334,0.2386,0.3544,,,,,,
011,2020,10,Machakos,2020-10-01,33.57,19.31,chirps+openmeteo,0.352,0.1998,modis,125.82,wb_foodindex,,,206891,0.1879,hdx_knbs,0.0,fewsnet_ipc,mixed,Semi-arid,-1.0,-1.8369701987210297e-16,-0.5172579826938232,16.51,20.94499999999999,10.27,9.71,1.0019545296247474,17.96666666666667,17.51,17.66,16.32,-1.0941983862400817,0.38366666666666666,0.48075,0.3747,0.522,-1.121677672975436,0.22006666666666672,0.29495,0.2218,0.3193,,,,,,
011,2020,11,Machakos,2020-11-01,157.34,18.25,chirps+openmeteo,0.4678,0.2768,modis,125.82,wb_foodindex,,,206891,0.1879,hdx_knbs,0.0,,mixed,Semi-arid,-0.8660254037844386,0.5000000000000001,0.6651072039350692,67.06,39.11333333333332,33.57,5.69,0.021396213328257106,18.406666666666666,17.578333333333333,19.31,16.93,-0.14820775705130537,0.3981666666666666,0.45046666666666674,0.352,0.4243,-0.27471341581137,0.2328,0.26844999999999997,0.1998,0.2386,,,,,,
011,2020,12,Machakos,2020-12-01,74.2,18.24,chirps+openmeteo,0.5301,0.3341,modis,125.82,wb_foodindex,,,206891,0.1879,hdx_knbs,0.0,,mixed,Semi-arid,-0.5000000000000004,0.8660254037844384,-0.15067492559614795,88.37,48.46333333333333,157.34,10.27,0.011692285159018661,18.599999999999998,17.785,18.25,17.66,0.36210376406334005,0.4499666666666666,0.44514999999999993,0.4678,0.3747,0.3560147965858923,0.2702333333333333,0.2650666666666667,0.2768,0.2218,,,,,,
011,2021,1,Machakos,2021-01-01,33.38,18.3,chirps+openmeteo,0.5352,0.3188,modis,123.29,wb_foodindex,,,206891,0.1879,hdx_knbs,0.0,,mixed,Semi-arid,0.0,1.0,-0.5718663785433916,88.30666666666667,52.408333333333324,74.2,33.57,0.0862726661317376,18.263333333333332,18.115,18.24,19.31,0.415241945564186,0.5110333333333333,0.44734999999999997,0.5301,0.352,0.2014245282539621,0.3099,0.26498333333333335,0.3341,0.1998,,,,,,
011,2021,2,Machakos,2021-02-01,55.6,19.06,chirps+openmeteo,0.5301,0.2991,modis,123.29,wb_foodindex,,,206891,0.1879,hdx_knbs,0.0,fewsnet_ipc,mixed,Semi-arid,0.49999999999999994,0.8660254037844387,-0.36356927288474905,54.39333333333334,60.72666666666665,33.38,157.34,0.863415879316286,18.53333333333333,18.47,18.3,18.25,0.33669883723474814,0.5318,0.4649833333333333,0.5352,0.4678,-0.03505692229391262,0.31733333333333336,0.2750666666666666,0.3188,0.2768,,,,,,
011,2021,3,Machakos,2021-03-01,56.6,19.68,chirps+openmeteo,0.4508,0.2728,modis,123.29,wb_foodindex,,,206891,0.1879,hdx_knbs,0.0,,mixed,Semi-arid,0.8660254037844386,0.5000000000000001,-0.3728420727554023,48.52666666666667,68.44833333333332,55.6,74.2,1.6911983358351943,19.013333333333332,18.80666666666667,19.06,18.24,-0.38469488928028417,0.5053666666666666,0.4776666666666667,0.5301,0.5301,-0.3708844372980527,0.2969,0.2835666666666667,0.2991,0.3341,,,,,,
011,2021,4,Machakos,2021-04-01,130.88,18.86,chirps+openmeteo,0.504,0.309,modis,123.29,wb_foodindex,,,206891,0.1879,hdx_knbs,0.0,,mixed,Semi-arid,1.0,6.123233995736766e-17,0.39399251508907007,81.02666666666667,84.66666666666666,56.6,33.38,0.869824063621506,19.2,18.731666666666666,19.68,18.3,0.019329697563425847,0.4949666666666667,0.503,0.4508,0.5352,-0.000909544229061615,0.29363333333333336,0.3017666666666667,0.2728,0.3188,,,,,,
011,2021,5,Machakos,2021-05-01,142.96,17.7,chirps+openmeteo,0.5164,0.3414,modis,123.29,wb_foodindex,,,206891,0.1879,hdx_knbs,0.0,,mixed,Semi-arid,0.8660254037844387,-0.4999999999999998,0.4740208941354195,110.14666666666669,82.27,130.88,55.6,-0.45864733531884,18.746666666666666,18.64,18.86,19.06,0.10958822634353513,0.4904,0.5111,0.504,0.5301,0.3568098558294177,0.30773333333333336,0.31253333333333333,0.309,0.2991,,,,,,
011,2021,6,Machakos,2021-06-01,4.96,16.23,chirps+openmeteo,0.5341,0.3535,modis,123.29,wb_foodindex,,,206891,0.1879,hdx_knbs,0.0,fewsnet_ipc,mixed,Semi-arid,0.49999999999999994,-0.8660254037844387,-0.9397469434040582,92.93333333333334,70.72999999999999,142.96,56.6,-1.9714061566700802,17.596666666666668,18.304999999999996,17.7,19.68,0.2471820206368135,0.5181666666666667,0.5117666666666667,0.5164,0.4508,0.4678253700058499,0.33463333333333334,0.31576666666666664,0.3414,0.2728,,,,,,
011,2021,7,Machakos,2021-07-01,13.8,15.76,chirps+openmeteo,0.4467,0.2691,modis,123.29,wb_foodindex,,,206891,0.1879,hdx_knbs,0.0,,mixed,Semi-arid,1.2246467991473532e-16,-1.0,-0.8484017694051422,53.906666666666666,67.46666666666665,4.96,130.88,-2.199738240265197,16.563333333333333,17.881666666666664,16.23,18.86,-0.574013607485016,0.4990666666666666,0.49701666666666666,0.5341,0.504,-0.565474872937712,0.32133333333333336,0.30748333333333333,0.3535,0.309,,,,,,
011,2021,8,Machakos,2021-08-01,7.94,16.85,chirps+openmeteo,0.3754,0.2162,modis,123.29,wb_foodindex,,,206891,0.1879,hdx_knbs,0.0,,mixed,Semi-arid,-0.4999999999999997,-0.8660254037844388,-0.906382057476529,8.9,59.52333333333332,13.8,142.96,-1.1059144761719484,16.28,17.513333333333332,15.76,17.7,-1.2622137640777302,0.45206666666666667,0.47123333333333334,0.4467,0.5164,-1.2442188567744386,0.2796,0.2936666666666667,0.2691,0.3414,,,,,,
011,2021,9,Machakos,2021-09-01,3.79,17.85,chirps+openmeteo,0.3426,0.2099,modis,123.29,wb_foodindex,,,206891,0.1879,hdx_knbs,0.0,,mixed,Semi-arid,-0.8660254037844385,-0.5000000000000004,-0.9420630628616179,8.51,50.72166666666666,7.94,4.96,-0.12396128121568255,16.819999999999997,17.208333333333332,16.85,16.23,-1.6220890166936794,0.3882333333333334,0.4532,0.3754,0.5341,-1.37435980909836,0.23173333333333335,0.2831833333333333,0.2162,0.3535,,,,,,
011,2021,10,Machakos,2021-10-01,33.65,19.31,chirps+openmeteo,0.3182,0.1803,modis,123.29,wb_foodindex,,,206891,0.1879,hdx_knbs,0.0,fewsnet_ipc,mixed,Semi-arid,-1.0,-1.8369701987210297e-16,-0.5740869878956186,15.126666666666665,34.51666666666666,3.79,13.8,1.1945771181687113,18.003333333333334,17.283333333333335,17.85,15.76,-1.8084938732912508,0.3454,0.4222333333333333,0.3426,0.4467,-1.7034552446657605,0.20213333333333336,0.2617333333333333,0.2099,0.2691,,,,,,
011,2021,11,Machakos,2021-11-01,159.07,19.29,chirps+openmeteo,0.3288,0.2025,modis,123.29,wb_foodindex,,,206891,0.1879,hdx_knbs,0.0,,mixed,Semi-arid,-0.8660254037844386,0.5000000000000001,0.9242035764700895,65.50333333333333,37.20166666666666,33.65,7.94,1.0997009370658013,18.816666666666666,17.548333333333332,19.31,16.85,-1.5402830220645354,0.3298666666666667,0.3909666666666667,0.3182,0.3754,-1.300105901465947,0.19756666666666667,0.23858333333333334,0.1803,0.2162,,,,,,
011,2021,12,Machakos,2021-12-01,135.08,17.78,chirps+openmeteo,0.5586,0.3324,modis,123.29,wb_foodindex,,,206891,0.1879,hdx_knbs,0.0,,mixed,Semi-arid,-0.5000000000000004,0.8660254037844384,0.7935482779219046,109.26666666666667,58.88833333333332,159.07,3.79,-0.25979571582215455,18.793333333333333,17.80666666666667,19.29,17.85,0.6018877765040085,0.40186666666666665,0.39504999999999996,0.3288,0.3426,0.3253328515941185,0.23840000000000003,0.23506666666666667,0.2025,0.2099,,,,,,
011,2022,1,Machakos,2022-01-01,26.73,18.68,chirps+openmeteo,0.5954,0.3644,modis,112.38,wb_foodindex,,,206891,0.1879,hdx_knbs,0.0,,mixed,Semi-arid,0.0,1.0,-0.6021685651205233,106.96,61.04333333333332,135.08,33.65,0.5535435019664028,18.583333333333332,18.293333333333333,17.78,19.31,1.0102637025425536,0.4942666666666667,0.41983333333333334,0.5586,0.3182,0.8074337960949637,0.2997666666666667,0.25095,0.3324,0.1803,,,,,,
011,2022,2,Machakos,2022-02-01,43.66,19.85,chirps+openmeteo,0.4597,0.2773,modis,112.38,wb_foodindex,,,206891,0.1879,hdx_knbs,0.0,fewsnet_ipc,mixed,Semi-arid,0.49999999999999994,0.8660254037844387,-0.35560290077764667,68.49000000000001,66.99666666666666,26.73,159.07,1.5205720165078236,18.77,18.793333333333333,18.68,19.29,-0.25032108191114727,0.5379,0.43388333333333334,0.5954,0.3288,-0.2780515577575412,0.3247,0.26113333333333333,0.3644,0.2025,,,,,,
011,2022,3,Machakos,2022-03-01,43.9,20.12,chirps+openmeteo,0.4192,0.2513,modis,112.38,wb_foodindex,,,206891,0.1879,hdx_knbs,0.0,,mixed,Semi-arid,0.8660254037844386,0.5000000000000001,-0.28691680400798214,38.096666666666664,73.68166666666666,43.66,135.08,1.6510136409461378,19.55,19.171666666666667,19.85,17.78,-0.5997185137105322,0.49143333333333333,0.44665,0.4597,0.5586,-0.5834136593842713,0.2976666666666667,0.26803333333333335,0.2773,0.3324,,,,,,
011,2022,4,Machakos,2022-04-01,135.58,18.99,chirps+openmeteo,0.4673,0.2788,modis,112.38,wb_foodindex,,,206891,0.1879,hdx_knbs,0.0,,mixed,Semi-arid,1.0,6.123233995736766e-17,1.440138449592611,74.38,90.67,43.9,26.73,0.6873193046737598,19.653333333333332,19.118333333333332,20.12,18.68,-0.023234065474806373,0.4487333333333334,0.47150000000000003,0.4192,0.5954,-0.10906578803792062,0.2691333333333334,0.28445000000000004,0.2513,0.3644,,,,,,
011,2022,5,Machakos,2022-05-01,30.33,18.62,chirps+openmeteo,0.5366,0.3308,modis,112.38,wb_foodindex,,,206891,0.1879,hdx_knbs,0.0,,mixed,Semi-arid,0.8660254037844387,-0.4999999999999998,-0.48988699258501733,69.93666666666667,69.21333333333332,135.58,43.66,0.35324055625316925,19.243333333333336,19.006666666666668,18.99,19.85,0.8783655708095686,0.47436666666666666,0.5061333333333333,0.4673,0.4597,0.8852138739378163,0.28696666666666665,0.30583333333333335,0.2788,0.2773,,,,,,
011,2022,6,Machakos,2022-06-01,5.27,16.91,chirps+openmeteo,0.4421,0.264,modis,112.38,wb_foodindex,,,206891,0.1879,hdx_knbs,0.0,fewsnet_ipc,mixed,Semi-arid,0.49999999999999994,-0.8660254037844387,-0.9333335917487215,57.06,47.57833333333332,30.33,43.9,-1.0558808442122796,18.173333333333332,18.861666666666668,18.62,20.12,-0.22153159987320217,0.482,0.4867166666666667,0.5366,0.4192,-0.25280972735984636,0.29119999999999996,0.2944333333333333,0.3308,0.2513,,,,,,
011,2022,7,Machakos,2022-07-01,5.14,15.81,chirps+openmeteo,0.3603,0.1996,modis,112.38,wb_foodindex,,,206891,0.1879,hdx_knbs,0.0,,mixed,Semi-arid,1.2246467991473532e-16,-1.0,-0.9292295463212867,13.579999999999998,43.97999999999999,5.27,135.58,-1.8867497948657108,17.113333333333333,18.383333333333333,16.91,18.99,-1.148625281356634,0.4463333333333333,0.44753333333333334,0.4421,0.4673,-1.3218236132794836,0.2648,0.2669666666666667,0.264,0.2788,,,,,,
011,2022,8,Machakos,2022-08-01,4.84,15.91,chirps+openmeteo,0.2968,0.1592,modis,112.38,wb_foodindex,,,206891,0.1879,hdx_knbs,0.0,,mixed,Semi-arid,-0.4999999999999997,-0.8660254037844388,-0.9334610315859169,5.083333333333333,37.509999999999984,5.14,30.33,-1.691748375359867,16.209999999999997,17.726666666666667,15.81,18.62,-1.7416729608414092,0.3664,0.4203833333333334,0.3603,0.5366,-1.8484371292008182,0.2076,0.24728333333333333,0.1996,0.3308,,,,,,
011,2022,9,Machakos,2022-09-01,5.4,17.36,chirps+openmeteo,0.2912,0.1731,modis,112.38,wb_foodindex,,,206891,0.1879,hdx_knbs,0.0,,mixed,Semi-arid,-0.8660254037844385,-0.5000000000000004,-0.9165029642278181,5.126666666666666,31.093333333333323,4.84,5.27,-0.5725089731799237,16.36,17.266666666666666,15.91,16.91,-1.676861014048955,0.31610000000000005,0.39905000000000007,0.2968,0.4421,-1.5180975730116422,0.1773,0.23424999999999999,0.1592,0.264,,,,,,
011,2022,10,Machakos,2022-10-01,24.72,18.98,chirps+openmeteo,0.2736,0.1729,modis,112.38,wb_foodindex,,,206891,0.1879,hdx_knbs,0.0,fewsnet_ipc,mixed,Semi-arid,-1.0,-1.8369701987210297e-16,-0.5579141974444509,11.65333333333333,12.616666666666655,5.4,5.14,0.674921770073565,17.416666666666664,17.265,17.36,15.81,-1.7436770668884107,0.2872,0.3667666666666667,0.2912,0.3603,-1.4678232856253643,0.16840000000000002,0.21660000000000001,0.1731,0.1996,,,,,,
011,2022,11,Machakos,2022-11-01,178.24,17.61,chirps+openmeteo,0.3354,0.2034,modis,112.38,wb_foodindex,,,206891,0.1879,hdx_knbs,0.0,,mixed,Semi-arid,-0.8660254037844386,0.5000000000000001,2.1291060338285472,69.45333333333333,37.268333333333324,24.72,4.84,-0.3539656936461952,17.98333333333333,17.096666666666668,18.98,15.91,-1.0189528113269684,0.30006666666666665,0.3332333333333333,0.2736,0.2968,-0.9218208573750878,0.18313333333333337,0.1953666666666667,0.1729,0.1592,,,,,,
011,2022,12,Machakos,2022-12-01,41.85,17.94,chirps+openmeteo,0.4914,0.3019,modis,112.38,wb_foodindex,,,206891,0.1879,hdx_knbs,0.0,,mixed,Semi-arid,-0.5000000000000004,0.8660254037844384,-0.23263460037715752,81.60333333333334,43.36499999999999,178.24,5.4,-0.09209207331053133,18.176666666666666,17.268333333333334,17.61,17.36,0.5957036735181548,0.3668,0.34145000000000003,0.3354,0.2912,0.6322115602768942,0.22606666666666667,0.20168333333333333,0.2034,0.1731,,,,,,
012,2019,1,Makueni,2019-01-01,14.16,22.06,chirps+openmeteo,0.5578,0.3584,modis,107.28,wb_foodindex,29.0,fewsnet_prices,370672,0.2557,hdx_knbs,25.0,,mixed,Semi-arid,0.0,1.0,,14.16,14.16,,,,22.06,22.06,,,,0.5578,0.5578,,,,0.3584,0.3584,,,,29.0,29.0,,,
012,2019,2,Makueni,2019-02-01,18.71,23.29,chirps+openmeteo,0.4162,0.2507,modis,107.28,wb_foodindex,29.0,fewsnet_prices,370672,0.2557,hdx_knbs,25.0,fewsnet_ipc,mixed,Semi-arid,0.49999999999999994,0.8660254037844387,,16.435000000000002,16.435000000000002,14.16,,,22.674999999999997,22.674999999999997,22.06,,,0.487,0.487,0.5578,,,0.30455,0.30455,0.3584,,,29.0,29.0,29.0,,
012,2019,3,Makueni,2019-03-01,14.89,24.78,chirps+openmeteo,0.3495,0.1982,modis,107.28,wb_foodindex,28.75,fewsnet_prices,370672,0.2557,hdx_knbs,25.0,,mixed,Semi-arid,0.8660254037844386,0.5000000000000001,,15.920000000000002,15.920000000000002,18.71,,,23.376666666666665,23.376666666666665,23.29,,,0.44116666666666665,0.44116666666666665,0.4162,,,0.26909999999999995,0.26909999999999995,0.2507,,,28.916666666666668,28.916666666666668,29.0,,
012,2019,4,Makueni,2019-04-01,108.97,23.28,chirps+openmeteo,0.3194,0.1911,modis,107.28,wb_foodindex,42.5,fewsnet_prices,370672,0.2557,hdx_knbs,25.0,,mixed,Semi-arid,1.0,6.123233995736766e-17,,47.52333333333333,39.182500000000005,14.89,14.16,,23.78333333333333,23.3525,24.78,22.06,,0.36169999999999997,0.410725,0.3495,0.5578,,0.2133333333333333,0.2496,0.1982,0.3584,,33.416666666666664,32.3125,28.75,29.0,46.551724137931025
012,2019,5,Makueni,2019-05-01,23.11,21.04,chirps+openmeteo,0.4555,0.2662,modis,107.28,wb_foodindex,40.36,fewsnet_prices,370672,0.2557,hdx_knbs,25.0,,mixed,Semi-arid,0.8660254037844387,-0.4999999999999998,,48.99,35.968,108.97,18.71,,23.033333333333335,22.89,23.28,23.29,,0.3748,0.41967999999999994,0.3194,0.4162,,0.2185,0.25292,0.1911,0.2507,,37.20333333333333,33.922000000000004,42.5,29.0,39.17241379310346
012,2019,6,Makueni,2019-06-01,5.47,20.66,chirps+openmeteo,0.4241,0.2504,modis,107.28,wb_foodindex,40.0,fewsnet_prices,370672,0.2557,hdx_knbs,25.0,fewsnet_ipc,mixed,Semi-arid,0.49999999999999994,-0.8660254037844387,-0.6567627980516856,45.85,30.885,23.11,14.89,-1.1926278318248007,21.66,22.518333333333334,21.04,24.78,0.04379343976990203,0.39966666666666667,0.42041666666666666,0.4555,0.3495,-0.034875638198879205,0.2359,0.2525,0.2662,0.1982,0.7618191013116661,40.95333333333333,34.935,40.36,28.75,39.13043478260869
012,2019,7,Makueni,2019-07-01,7.25,20.8,chirps+openmeteo,0.3683,0.2001,modis,107.28,wb_foodindex,45.0,fewsnet_prices,370672,0.2557,hdx_knbs,31.25,,mixed,Semi-arid,1.2246467991473532e-16,-1.0,-0.5559779137306343,11.943333333333333,29.733333333333334,5.47,108.97,-0.9419181343090729,20.833333333333332,22.308333333333334,20.66,23.28,-0.5635677254813415,0.41596666666666665,0.38883333333333336,0.4241,0.3194,-0.768728160317759,0.23889999999999997,0.22611666666666666,0.2504,0.1911,1.2044084158401784,41.78666666666667,37.60166666666667,40.0,42.5,5.882352941176472
012,2019,8,Makueni,2019-08-01,6.0,20.77,chirps+openmeteo,0.3204,0.1676,modis,107.28,wb_foodindex,45.0,fewsnet_prices,370672,0.2557,hdx_knbs,37.5,,mixed,Semi-arid,-0.4999999999999997,-0.8660254037844388,-0.5442255869930387,6.239999999999999,27.615,7.25,23.11,-0.8527257779455413,20.743333333333332,21.888333333333335,20.8,21.04,-1.0080509922424303,0.37093333333333334,0.3728666666666667,0.3683,0.4555,-1.117358146082216,0.20603333333333332,0.2122666666666667,0.2001,0.2662,1.0341542349783777,43.333333333333336,40.26833333333334,45.0,40.36,11.49653121902874
012,2019,9,Makueni,2019-09-01,4.83,21.84,chirps+openmeteo,0.2872,0.1558,modis,107.28,wb_foodindex,45.0,fewsnet_prices,370672,0.2557,hdx_knbs,43.75,,mixed,Semi-arid,-0.8660254037844385,-0.5000000000000004,-0.5380116887490227,6.026666666666667,25.938333333333336,6.0,5.47,-0.1507295134238771,21.136666666666667,21.398333333333337,20.77,20.66,-1.2048330970718817,0.3253,0.3624833333333333,0.3204,0.4241,-1.12940774186867,0.1745,0.20520000000000002,0.1676,0.2504,0.922097023686536,45.0,42.97666666666667,45.0,40.0,12.5
012,2019,10,Makueni,2019-10-01,149.3,20.87,chirps+openmeteo,0.3318,0.1857,modis,107.28,wb_foodindex,44.66,fewsnet_prices,370672,0.2557,hdx_knbs,50.0,fewsnet_ipc,mixed,Semi-arid,-1.0,-1.8369701987210297e-16,2.247205609484166,53.37666666666667,32.660000000000004,4.83,7.25,-0.7565301673500182,21.16,20.996666666666666,21.84,20.8,-0.6288681004376615,0.3131333333333333,0.36455,0.2872,0.3683,-0.6078174856617893,0.1697,0.2043,0.1558,0.2001,0.8017816661456302,44.88666666666666,43.336666666666666,45.0,45.0,-0.7555555555555649
012,2019,11,Makueni,2019-11-01,275.55,21.0,chirps+openmeteo,0.5546,0.3336,modis,107.28,wb_foodindex,45.0,fewsnet_prices,370672,0.2557,hdx_knbs,37.5,,mixed,Semi-arid,-0.8660254037844386,0.5000000000000001,2.5112640074676285,143.2266666666667,74.73333333333333,149.3,6.0,-0.6230514972937241,21.236666666666668,20.99,20.87,20.77,1.6774446124996458,0.3912,0.38106666666666666,0.3318,0.3204,1.5222641887435728,0.22503333333333334,0.21553333333333335,0.1857,0.1676,0.7857618806755549,44.88666666666666,44.10999999999999,44.66,45.0,0.0
012,2019,12,Makueni,2019-12-01,276.71,21.06,chirps+openmeteo,0.662,0.4483,modis,107.28,wb_foodindex,45.0,fewsnet_prices,370672,0.2557,hdx_knbs,25.0,,mixed,Semi-arid,-0.5000000000000004,0.8660254037844384,1.9283634351159324,233.85333333333332,119.94000000000001,275.55,4.83,-0.5485320929446892,20.97666666666667,21.05666666666667,21.0,21.84,2.0671230551831963,0.5161333333333333,0.4207166666666667,0.5546,0.2872,2.2270895507916157,0.32253333333333334,0.2485166666666667,0.3336,0.1558,0.7349267461280504,44.88666666666666,44.94333333333333,45.0,45.0,0.0
012,2020,1,Makueni,2020-01-01,123.26,21.46,chirps+openmeteo,0.6704,0.4455,modis,125.82,wb_foodindex,43.5,fewsnet_prices,370672,0.2557,hdx_knbs,12.5,,mixed,Semi-arid,0.0,1.0,0.43807339018290575,225.17333333333332,139.275,276.71,149.3,-0.23746753150121996,21.173333333333332,21.166666666666668,21.06,20.87,1.753033190942186,0.629,0.4710666666666667,0.662,0.3318,1.786135606121414,0.40913333333333335,0.28941666666666666,0.4483,0.1857,0.493045790908254,44.5,44.69333333333333,45.0,44.66,-2.597402597402587
012,2020,2,Makueni,2020-02-01,63.75,21.76,chirps+openmeteo,0.6641,0.4353,modis,125.82,wb_foodindex,45.0,fewsnet_prices,370672,0.2557,hdx_knbs,0.0,fewsnet_ipc,mixed,Semi-arid,0.49999999999999994,0.8660254037844387,-0.1469500584355291,154.57333333333332,148.9,123.26,275.55,-0.0017519804539068249,21.426666666666666,21.331666666666667,21.46,21.0,1.4889896930841424,0.6655000000000001,0.52835,0.6704,0.5546,1.4745240621098306,0.44303333333333333,0.33403333333333335,0.4455,0.3336,0.6805426212025074,44.5,44.69333333333333,43.5,45.0,0.0
012,2020,3,Makueni,2020-03-01,162.58,22.1,chirps+openmeteo,0.6264,0.3822,modis,125.82,wb_foodindex,31.5,fewsnet_prices,370672,0.2557,hdx_knbs,0.0,,mixed,Semi-arid,0.8660254037844386,0.5000000000000001,0.8228118174089935,116.53000000000002,175.1916666666667,63.75,276.71,0.2668160486321717,21.77333333333333,21.375,21.76,21.06,1.1227383628782575,0.6536333333333334,0.5848833333333333,0.6641,0.662,0.9162446742154244,0.42100000000000004,0.37176666666666663,0.4353,0.4483,-1.2587298455702136,40.0,42.44333333333333,45.0,45.0,-30.000000000000004
012,2020,4,Makueni,2020-04-01,210.8,21.37,chirps+openmeteo,0.6134,0.4058,modis,125.82,wb_foodindex,33.0,fewsnet_prices,370672,0.2557,hdx_knbs,0.0,,mixed,Semi-arid,1.0,6.123233995736766e-17,1.216602146838163,145.71,185.4416666666667,162.58,123.26,-0.3390871309433954,21.743333333333336,21.458333333333332,22.1,21.46,0.9667348298028986,0.6346333333333333,0.6318166666666666,0.6264,0.6704,1.0591793952888113,0.40776666666666667,0.40845000000000004,0.3822,0.4455,-0.9704558696812282,36.5,40.5,31.5,43.5,-24.13793103448276
012,2020,5,Makueni,2020-05-01,23.46,20.82,chirps+openmeteo,0.6319,0.4082,modis,125.82,wb_foodindex,34.0,,370672,0.2557,hdx_knbs,0.0,,mixed,Semi-arid,0.8660254037844387,-0.4999999999999998,-0.6657481037894225,132.28,143.42666666666668,210.8,63.75,-0.7797009334684613,21.430000000000003,21.42833333333333,21.37,21.76,1.028394038406339,0.6238999999999999,0.6447,0.6134,0.6641,1.0147359328942098,0.3987333333333334,0.42088333333333333,0.4058,0.4353,-0.7821831876900297,32.833333333333336,38.666666666666664,33.0,45.0,-24.444444444444446
012,2020,6,Makueni,2020-06-01,6.65,20.18,chirps+openmeteo,0.563,0.3311,modis,125.82,wb_foodindex,35.0,fewsnet_prices,370672,0.2557,hdx_knbs,0.0,fewsnet_ipc,mixed,Semi-arid,0.49999999999999994,-0.8660254037844387,-0.8015024265499934,80.30333333333334,98.41666666666669,23.46,162.58,-1.2441806448366899,20.790000000000003,21.281666666666666,20.82,22.1,0.5254982562940942,0.6027666666666667,0.6282,0.6319,0.6264,0.2895895833091704,0.3817,0.40135000000000004,0.4082,0.3822,-0.6077010150912655,34.0,37.0,34.0,31.5,11.111111111111116
012,2020,7,Makueni,2020-07-01,5.82,19.7,chirps+openmeteo,0.4649,0.2667,modis,125.82,wb_foodindex,35.0,fewsnet_prices,370672,0.2557,hdx_knbs,6.25,,mixed,Semi-arid,1.2246467991473532e-16,-1.0,-0.7757550741434068,11.976666666666667,78.84333333333335,6.65,210.8,-1.506062398111963,20.23333333333333,20.988333333333333,20.18,21.37,-0.17389426049665602,0.5532666666666667,0.59395,0.563,0.6134,-0.31655184697029015,0.3353333333333333,0.37155,0.3311,0.4058,-0.5864042178284896,34.666666666666664,35.583333333333336,35.0,33.0,6.060606060606055
012,2020,8,Makueni,2020-08-01,3.32,20.35,chirps+openmeteo,0.3911,0.2136,modis,125.82,wb_foodindex,35.0,fewsnet_prices,370672,0.2557,hdx_knbs,12.5,,mixed,Semi-arid,-0.4999999999999997,-0.8660254037844388,-0.7700539009078923,5.263333333333334,68.77166666666668,5.82,23.46,-0.9218699832672974,20.076666666666664,20.753333333333334,19.7,20.82,-0.6918329063315227,0.4729999999999999,0.54845,0.4649,0.6319,-0.802275736415972,0.2704666666666667,0.3346,0.2667,0.4082,-0.5672253546215731,35.0,33.916666666666664,35.0,34.0,2.941176470588225
012,2020,9,Makueni,2020-09-01,4.09,21.02,chirps+openmeteo,0.3455,0.1995,modis,125.82,wb_foodindex,35.0,fewsnet_prices,370672,0.2557,hdx_knbs,18.75,,mixed,Semi-arid,-0.8660254037844385,-0.5000000000000004,-0.7337832895932995,4.41,42.35666666666667,3.32,6.65,-0.35563417274820863,20.356666666666666,20.573333333333334,20.35,20.18,-0.9833081112413712,0.4005,0.5016333333333333,0.3911,0.563,-0.9003771491539562,0.2266,0.30415,0.2136,0.3311,-0.549832517268996,35.0,34.5,35.0,35.0,0.0
012,2020,10,Makueni,2020-10-01,19.77,22.63,chirps+openmeteo,0.3351,0.1828,modis,125.82,wb_foodindex,36.0,fewsnet_prices,370672,0.2557,hdx_knbs,25.0,fewsnet_ipc,mixed,Semi-arid,-1.0,-1.8369701987210297e-16,-0.5474816292652831,9.06,10.518333333333333,4.09,5.82,0.9667734180248728,21.333333333333332,20.783333333333335,21.02,19.7,-1.0110352750377218,0.3572333333333333,0.45524999999999993,0.3455,0.4649,-1.015657762224825,0.19863333333333333,0.2669833333333333,0.1995,0.2667,-0.37798154367818654,35.333333333333336,35.0,35.0,35.0,2.857142857142847
012,2020,11,Makueni,2020-11-01,176.62,21.19,chirps+openmeteo,0.4472,0.2711,modis,125.82,wb_foodindex,36.0,fewsnet_prices,370672,0.2557,hdx_knbs,25.0,,mixed,Semi-arid,-0.8660254037844386,0.5000000000000001,1.1204218482961479,66.82666666666667,36.045,19.77,3.32,-0.2515672663334768,21.613333333333333,20.845,22.63,20.35,-0.17065524232550688,0.3759333333333333,0.4244666666666666,0.3351,0.3911,-0.13776912325034282,0.2178,0.2441333333333333,0.1828,0.2136,-0.3688574981356641,35.666666666666664,35.333333333333336,36.0,35.0,2.857142857142847
012,2020,12,Makueni,2020-12-01,102.05,20.91,chirps+openmeteo,0.596,0.3801,modis,125.82,wb_foodindex,36.0,fewsnet_prices,370672,0.2557,hdx_knbs,25.0,,mixed,Semi-arid,-0.5000000000000004,0.8660254037844384,0.2984461810772683,99.48,51.945,176.62,4.09,-0.4822992303020579,21.576666666666668,20.96666666666667,21.19,21.02,0.9271353886968101,0.45943333333333336,0.42996666666666666,0.4472,0.3455,0.9289154166127445,0.27799999999999997,0.2523,0.2711,0.1995,-0.3603666774323448,36.0,35.5,36.0,35.0,2.857142857142847
012,2021,1,Makueni,2021-01-01,27.88,21.29,chirps+openmeteo,0.5669,0.3251,modis,123.29,wb_foodindex,35.5,fewsnet_prices,370672,0.2557,hdx_knbs,25.0,,mixed,Semi-arid,0.0,1.0,-0.537514293711404,102.18333333333334,55.62166666666667,102.05,19.77,-0.11891506201905974,21.13,21.231666666666666,20.91,22.63,0.7001691804492848,0.5367000000000001,0.4469666666666667,0.596,0.3351,0.3873657244574253,0.3254333333333333,0.26203333333333334,0.3801,0.1828,-0.5196670929624403,35.833333333333336,35.583333333333336,36.0,36.0,-1.388888888888884
012,2021,2,Makueni,2021-02-01,39.38,22.15,chirps+openmeteo,0.5261,0.2859,modis,123.29,wb_foodindex,35.85,fewsnet_prices,370672,0.2557,hdx_knbs,25.0,fewsnet_ipc,mixed,Semi-arid,0.49999999999999994,0.8660254037844387,-0.42059724598137227,56.436666666666675,61.63166666666667,27.88,176.62,0.7265287806686659,21.45,21.531666666666666,21.29,21.19,0.35429057187388563,0.5630000000000001,0.4694666666666667,0.5669,0.4472,-0.029240066194003298,0.33036666666666664,0.27408333333333335,0.3251,0.2711,-0.5412283101661094,35.78333333333333,35.725,35.5,36.0,-0.4166666666666652
012,2021,3,Makueni,2021-03-01,44.45,23.45,chirps+openmeteo,0.4221,0.2414,modis,123.29,wb_foodindex,33.9,fewsnet_prices,370672,0.2557,hdx_knbs,25.0,,mixed,Semi-arid,0.8660254037844386,0.5000000000000001,-0.38034029908675093,37.23666666666668,68.35833333333333,39.38,102.05,2.359531341304395,22.296666666666667,21.936666666666667,22.15,20.91,-0.472790625478833,0.5050333333333333,0.4822333333333333,0.5261,0.596,-0.512100533386154,0.28413333333333335,0.28106666666666663,0.2859,0.3801,-1.02534729513802,35.083333333333336,35.541666666666664,35.85,36.0,-5.833333333333335
012,2021,4,Makueni,2021-04-01,104.52,22.49,chirps+openmeteo,0.4876,0.3032,modis,123.29,wb_foodindex,34.65,fewsnet_prices,370672,0.2557,hdx_knbs,25.0,,mixed,Semi-arid,1.0,6.123233995736766e-17,0.3037550901370223,62.78333333333334,82.48333333333333,44.45,27.88,1.4309635993712233,22.69666666666667,21.91333333333333,23.45,21.29,-0.017934505817414667,0.47859999999999997,0.50765,0.4221,0.5669,0.08527581715651371,0.2768333333333333,0.3011333333333333,0.2414,0.3251,-0.8014535091439483,34.800000000000004,35.31666666666667,33.9,35.5,-2.3943661971831065
012,2021,5,Makueni,2021-05-01,82.76,21.18,chirps+openmeteo,0.4943,0.3131,modis,123.29,wb_foodindex,33.95,fewsnet_prices,370672,0.2557,hdx_knbs,25.0,,mixed,Semi-arid,0.8660254037844387,-0.4999999999999998,0.02863127031163112,77.24333333333335,66.84,104.52,39.38,-0.1356200449062756,22.373333333333335,21.911666666666665,22.49,22.15,0.02323387675870354,0.46799999999999997,0.5155,0.4876,0.5261,0.17041071613166311,0.2859,0.3081333333333333,0.3032,0.2859,-0.8777905373896485,34.166666666666664,34.975,34.65,35.85,-5.299860529986045
012,2021,6,Makueni,2021-06-01,3.11,20.33,chirps+openmeteo,0.4822,0.2985,modis,123.29,wb_foodindex,35.0,fewsnet_prices,370672,0.2557,hdx_knbs,25.0,fewsnet_ipc,mixed,Semi-arid,0.49999999999999994,-0.8660254037844387,-0.8819889678404886,63.463333333333345,50.35,82.76,44.45,-1.114789534230648,21.333333333333332,21.814999999999998,21.18,23.45,-0.09508031772707927,0.4880333333333334,0.4965333333333333,0.4943,0.4221,-0.007262524941895614,0.30493333333333333,0.2945333333333333,0.3131,0.2414,-0.6184909238269266,34.53333333333333,34.80833333333334,33.95,33.9,3.244837758112107
012,2021,7,Makueni,2021-07-01,7.15,19.97,chirps+openmeteo,0.342,0.2043,modis,123.29,wb_foodindex,35.0,fewsnet_prices,370672,0.2557,hdx_knbs,25.0,,mixed,Semi-arid,1.2246467991473532e-16,-1.0,-0.8356625372000277,31.00666666666668,46.895,3.11,104.52,-1.4353589615447835,20.493333333333332,21.595,20.33,22.49,-1.2172264861258497,0.4395,0.45905,0.4822,0.4876,-1.0247759288771776,0.27196666666666663,0.27440000000000003,0.2985,0.3032,-0.5559162259260514,34.65,34.725,35.0,34.65,1.0101010101010166
012,2021,8,Makueni,2021-08-01,3.87,20.74,chirps+openmeteo,0.3245,0.1836,modis,123.29,wb_foodindex,35.0,fewsnet_prices,370672,0.2557,hdx_knbs,25.0,,mixed,Semi-arid,-0.4999999999999997,-0.8660254037844388,-0.871395302155594,4.710000000000009,40.97666666666667,7.15,82.76,-0.5669326205582335,20.346666666666664,21.36,19.97,21.18,-1.3626020100057776,0.3829,0.42545000000000005,0.342,0.4943,-1.2679257791077447,0.2288,0.25735,0.2043,0.3131,-0.493260731437502,35.0,34.583333333333336,35.0,33.95,3.092783505154628
012,2021,9,Makueni,2021-09-01,2.56,21.56,chirps+openmeteo,0.3062,0.1744,modis,123.29,wb_foodindex,35.0,fewsnet_prices,370672,0.2557,hdx_knbs,25.0,,mixed,Semi-arid,-0.8660254037844385,-0.5000000000000004,-0.8844235043828577,4.526666666666676,33.995000000000005,3.87,3.11,0.3709173989630856,20.756666666666664,21.044999999999998,20.74,20.33,-1.533444130432742,0.3242333333333334,0.4061333333333334,0.3245,0.4822,-1.394788749831853,0.18743333333333334,0.24618333333333334,0.1836,0.2985,-0.4292083815602722,35.0,34.76666666666667,35.0,35.0,0.0
012,2021,10,Makueni,2021-10-01,23.13,23.03,chirps+openmeteo,0.2896,0.1589,modis,123.29,wb_foodindex,35.3,fewsnet_prices,370672,0.2557,hdx_knbs,25.0,fewsnet_ipc,mixed,Semi-arid,-1.0,-1.8369701987210297e-16,-0.593143042147784,9.853333333333342,20.430000000000003,2.56,7.15,1.793985874819933,21.776666666666667,21.135,21.56,19.97,-1.619025435687102,0.3067666666666667,0.3731333333333334,0.3062,0.342,-1.5260583336583537,0.1723,0.22213333333333332,0.1744,0.2043,-0.28893055950389257,35.1,34.875,35.0,35.0,0.8571428571428452
012,2021,11,Makueni,2021-11-01,158.93,23.11,chirps+openmeteo,0.2854,0.1667,modis,123.29,wb_foodindex,37.5,fewsnet_prices,370672,0.2557,hdx_knbs,31.25,,mixed,Semi-arid,-0.8660254037844386,0.5000000000000001,1.1409369094864081,61.54000000000001,33.125,23.13,3.87,1.6728320573820281,22.566666666666666,21.456666666666667,23.03,20.74,-1.4905450809684886,0.29373333333333335,0.33831666666666665,0.2896,0.3245,-1.3154397289810715,0.16666666666666666,0.19773333333333332,0.1589,0.1836,0.40359136371319215,35.93333333333334,35.46666666666666,35.3,35.0,7.14285714285714
012,2021,12,Makueni,2021-12-01,154.93,20.99,chirps+openmeteo,0.5449,0.3259,modis,123.29,wb_foodindex,40.0,fewsnet_prices,370672,0.2557,hdx_knbs,37.5,,mixed,Semi-arid,-0.5000000000000004,0.8660254037844384,1.3405135145479383,112.33,58.428333333333335,158.93,2.56,-0.4104641784183333,22.376666666666665,21.566666666666666,23.11,21.56,0.5474431994013443,0.37329999999999997,0.34876666666666667,0.2854,0.3062,0.42411562108975986,0.21716666666666665,0.2023,0.1667,0.1744,1.3636113454387198,37.6,36.3,37.5,35.0,14.28571428571428
012,2022,1,Makueni,2022-01-01,20.65,22.66,chirps+openmeteo,0.5773,0.3606,modis,112.38,wb_foodindex,40.0,fewsnet_prices,370672,0.2557,hdx_knbs,43.75,,mixed,Semi-arid,0.0,1.0,-0.5982563499548715,111.50333333333334,60.678333333333335,154.93,23.13,1.1465104410312625,22.25333333333333,22.015,20.99,23.03,0.8689626428876092,0.4692,0.38798333333333335,0.5449,0.2896,0.8967276505953812,0.2844,0.22835000000000003,0.3259,0.1589,1.5783551099578212,39.166666666666664,37.13333333333333,40.0,35.3,13.31444759206799
012,2022,2,Makueni,2022-02-01,41.41,24.01,chirps+openmeteo,0.4339,0.2512,modis,112.38,wb_foodindex,45.0,fewsnet_prices,370672,0.2557,hdx_knbs,50.0,fewsnet_ipc,mixed,Semi-arid,0.49999999999999994,0.8660254037844387,-0.2722522434819911,72.33000000000001,66.935,20.65,158.93,2.100516488289598,22.55333333333333,22.560000000000002,22.66,23.11,-0.24944345071987226,0.5187,0.40621666666666667,0.5773,0.2854,-0.3183452884710251,0.31256666666666666,0.23961666666666667,0.3606,0.1667,3.4379782144736644,41.666666666666664,38.8,40.0,37.5,19.999999999999996
012,2022,3,Makueni,2022-03-01,28.57,24.34,chirps+openmeteo,0.3768,0.2207,modis,112.38,wb_foodindex,45.0,fewsnet_prices,370672,0.2557,hdx_knbs,50.0,,mixed,Semi-arid,0.8660254037844386,0.5000000000000001,-0.4019262389760428,30.210000000000008,71.27,41.41,154.93,2.075775343501301,23.67,23.02333333333333,24.01,20.99,-0.683980803043019,0.4626666666666667,0.4179833333333334,0.4339,0.5449,-0.6391427495955491,0.27749999999999997,0.24733333333333332,0.2512,0.3259,2.7693844809730797,43.333333333333336,40.46666666666666,45.0,40.0,12.5
012,2022,4,Makueni,2022-04-01,113.76,22.49,chirps+openmeteo,0.4108,0.2415,modis,112.38,wb_foodindex,50.0,fewsnet_prices,370672,0.2557,hdx_knbs,50.0,,mixed,Semi-arid,1.0,6.123233995736766e-17,1.1514744204993193,61.24666666666667,86.375,28.57,20.65,0.6105240386253034,23.613333333333333,22.933333333333334,24.34,22.66,-0.3129646512019386,0.4071666666666667,0.43818333333333337,0.3768,0.5773,-0.30015236114558286,0.2378,0.2611,0.2207,0.3606,3.1499011896507727,46.666666666666664,42.916666666666664,45.0,40.0,25.0
012,2022,5,Makueni,2022-05-01,17.45,22.12,chirps+openmeteo,0.4653,0.2887,modis,112.38,wb_foodindex,60.0,fewsnet_prices,370672,0.2557,hdx_knbs,50.0,,mixed,Semi-arid,0.8660254037844387,-0.4999999999999998,-0.5805514288986493,53.26000000000001,62.794999999999995,113.76,41.41,0.2886896792275856,22.98333333333333,22.768333333333334,22.49,24.01,0.2961859032673855,0.41763333333333336,0.4681666666666667,0.4108,0.4339,0.479441343045969,0.2503,0.28143333333333337,0.2415,0.2512,3.537717866063126,51.666666666666664,46.666666666666664,50.0,45.0,33.33333333333333
012,2022,6,Makueni,2022-06-01,3.33,20.9,chirps+openmeteo,0.3962,0.225,modis,112.38,wb_foodindex,70.0,fewsnet_prices,370672,0.2557,hdx_knbs,50.0,fewsnet_ipc,mixed,Semi-arid,0.49999999999999994,-0.8660254037844387,-0.8305016396331995,44.84666666666667,37.52833333333333,17.45,28.57,-0.6905313462775948,21.836666666666662,22.753333333333334,22.12,24.34,-0.35860619158602225,0.4241,0.4433833333333333,0.4653,0.3768,-0.45353929911819807,0.2517333333333333,0.26461666666666667,0.2887,0.2207,3.405294356774865,60.0,51.666666666666664,60.0,45.0,55.55555555555556
012,2022,7,Makueni,2022-07-01,3.07,19.76,chirps+openmeteo,0.328,0.1765,modis,112.38,wb_foodindex,80.0,fewsnet_prices,370672,0.2557,hdx_knbs,50.0,,mixed,Semi-arid,1.2246467991473532e-16,-1.0,-0.8316691998851642,7.950000000000009,34.598333333333336,3.33,113.76,-1.5970531948170887,20.926666666666666,22.27,20.9,22.49,-1.0076524940402203,0.3965,0.4018333333333333,0.3962,0.4108,-1.1337190348520703,0.23006666666666667,0.23393333333333333,0.225,0.2415,3.187038844584584,70.0,58.333333333333336,70.0,50.0,60.00000000000001
012,2022,8,Makueni,2022-08-01,3.03,19.9,chirps+openmeteo,0.2703,0.1393,modis,112.38,wb_foodindex,70.0,fewsnet_prices,370672,0.2557,hdx_knbs,50.0,,mixed,Semi-arid,-0.4999999999999997,-0.8660254037844388,-0.8320137445284447,3.143333333333343,28.201666666666668,3.07,17.45,-1.442642140156773,20.186666666666667,21.584999999999997,19.76,22.12,-1.4846284287592086,0.33149999999999996,0.37456666666666666,0.328,0.4653,-1.5767496386191344,0.18026666666666666,0.21528333333333335,0.1765,0.2887,2.032286963766745,73.33333333333333,62.5,80.0,60.0,16.666666666666675
012,2022,9,Makueni,2022-09-01,2.88,21.21,chirps+openmeteo,0.2725,0.1531,modis,112.38,wb_foodindex,70.0,fewsnet_prices,370672,0.2557,hdx_knbs,50.0,,mixed,Semi-arid,-0.8660254037844385,-0.5000000000000004,-0.8331523501331546,2.993333333333343,23.92,3.03,3.33,-0.4336756691288292,20.290000000000003,21.063333333333333,19.9,20.9,-1.3854925338835131,0.2902666666666667,0.35718333333333335,0.2703,0.3962,-1.306627034583473,0.15630000000000002,0.20401666666666665,0.1393,0.225,1.7917097612392248,73.33333333333333,66.66666666666667,70.0,70.0,0.0
012,2022,10,Makueni,2022-10-01,20.88,22.37,chirps+openmeteo,0.2551,0.1487,modis,112.38,wb_foodindex,70.0,fewsnet_prices,370672,0.2557,hdx_knbs,50.0,fewsnet_ipc,mixed,Semi-arid,-1.0,-1.8369701987210297e-16,-0.5117413703071387,8.930000000000009,8.44,2.88,3.07,0.48022447479551206,21.16,21.043333333333333,21.21,19.76,-1.4657693336237294,0.2659666666666667,0.3312333333333333,0.2725,0.328,-1.3183741150181418,0.14703333333333332,0.18855,0.1531,0.1765,1.6033986814436048,70.0,70.0,70.0,80.0,-12.5
012,2022,11,Makueni,2022-11-01,139.64,20.9,chirps+openmeteo,0.3204,0.1939,modis,112.38,wb_foodindex,70.0,fewsnet_prices,370672,0.2557,hdx_knbs,50.0,,mixed,Semi-arid,-0.8660254037844386,0.5000000000000001,1.746105499136573,54.46666666666667,28.804999999999996,20.88,3.03,-0.6569458873621219,21.49333333333333,20.84,22.37,19.9,-0.7987761255345043,0.2826666666666667,0.3070833333333333,0.2551,0.2703,-0.6393234490613616,0.16523333333333334,0.17275,0.1487,0.1393,1.4496926831927444,70.0,71.66666666666667,70.0,70.0,0.0
012,2022,12,Makueni,2022-12-01,56.16,21.55,chirps+openmeteo,0.4943,0.3185,modis,112.38,wb_foodindex,75.0,fewsnet_prices,370672,0.2557,hdx_knbs,50.0,,mixed,Semi-arid,-0.5000000000000004,0.8660254037844384,0.19842310175832542,72.22666666666667,37.61,139.64,2.88,-0.17340492170618035,21.60666666666667,20.948333333333334,20.9,21.21,0.8869864758696856,0.35660000000000003,0.3234333333333333,0.3204,0.2725,1.1937773285140287,0.22036666666666668,0.18833333333333332,0.1939,0.1531,1.5848441699032985,71.66666666666667,72.5,70.0,70.0,7.14285714285714
013,2019,1,Wajir,2019-01-01,3.63,30.0,chirps+openmeteo,0.2238,0.1277,modis,107.28,wb_foodindex,50.0,fewsnet_prices,229108,0.7311,hdx_knbs,25.0,,mixed,Arid ASAL,0.0,1.0,,3.63,3.63,,,,30.0,30.0,,,,0.2238,0.2238,,,,0.1277,0.1277,,,,50.0,50.0,,,
013,2019,2,Wajir,2019-02-01,3.7,30.59,chirps+openmeteo,0.2043,0.118,modis,107.28,wb_foodindex,51.0,fewsnet_prices,229108,0.7311,hdx_knbs,25.0,fewsnet_ipc,mixed,Arid ASAL,0.49999999999999994,0.8660254037844387,,3.665,3.665,3.63,,,30.295,30.295,30.0,,,0.21405000000000002,0.21405000000000002,0.2238,,,0.12285,0.12285,0.1277,,,50.5,50.5,50.0,,
013,2019,3,Wajir,2019-03-01,13.57,31.1,chirps+openmeteo,0.2095,0.1235,modis,107.28,wb_foodindex,53.0,fewsnet_prices,229108,0.7311,hdx_knbs,31.25,,mixed,Arid ASAL,0.8660254037844386,0.5000000000000001,,6.966666666666666,6.966666666666666,3.7,,,30.563333333333333,30.563333333333333,30.59,,,0.21253333333333332,0.21253333333333332,0.2043,,,0.12306666666666666,0.12306666666666666,0.118,,,51.333333333333336,51.333333333333336,51.0,,
013,2019,4,Wajir,2019-04-01,65.15,30.36,chirps+openmeteo,0.22,0.1338,modis,107.28,wb_foodindex,56.0,fewsnet_prices,229108,0.7311,hdx_knbs,37.5,,mixed,Arid ASAL,1.0,6.123233995736766e-17,,27.473333333333333,21.512500000000003,13.57,3.63,,30.683333333333334,30.5125,31.1,30.0,,0.21126666666666669,0.2144,0.2095,0.2238,,0.1251,0.12575,0.1235,0.1277,,53.333333333333336,52.5,53.0,50.0,12.00000000000001
013,2019,5,Wajir,2019-05-01,27.34,28.03,chirps+openmeteo,0.2221,0.1514,modis,107.28,wb_foodindex,53.0,fewsnet_prices,229108,0.7311,hdx_knbs,43.75,,mixed,Arid ASAL,0.8660254037844387,-0.4999999999999998,,35.35333333333333,22.678000000000004,65.15,3.7,,29.83,30.016000000000002,30.36,30.59,,0.21719999999999998,0.21593999999999997,0.22,0.2043,,0.13623333333333335,0.13088,0.1338,0.118,,54.0,52.6,56.0,51.0,3.9215686274509887
013,2019,6,Wajir,2019-06-01,0.93,28.3,chirps+openmeteo,0.215,0.1261,modis,107.28,wb_foodindex,56.0,fewsnet_prices,229108,0.7311,hdx_knbs,50.0,fewsnet_ipc,mixed,Arid ASAL,0.49999999999999994,-0.8660254037844387,-0.7367333174527771,31.14,19.053333333333335,27.34,13.57,-1.1290193026903939,28.896666666666665,29.73,28.03,31.1,-0.10217053316681061,0.21903333333333333,0.21578333333333333,0.2221,0.2095,-0.34179218060550237,0.1371,0.13008333333333333,0.1514,0.1235,1.1409652938638428,55.0,53.166666666666664,53.0,53.0,5.660377358490565
013,2019,7,Wajir,2019-07-01,1.63,27.37,chirps+openmeteo,0.2007,0.1199,modis,107.28,wb_foodindex,57.0,fewsnet_prices,229108,0.7311,hdx_knbs,50.0,,mixed,Arid ASAL,1.2246467991473532e-16,-1.0,-0.6381646250869322,9.966666666666667,18.720000000000002,0.93,65.15,-1.3852184550949205,27.900000000000002,29.291666666666668,28.3,30.36,-1.4322202199960126,0.2126,0.21193333333333333,0.215,0.22,-0.77150687609636,0.13246666666666665,0.12878333333333333,0.1261,0.1338,1.221286761323261,55.333333333333336,54.333333333333336,56.0,56.0,1.7857142857142794
013,2019,8,Wajir,2019-08-01,1.29,27.76,chirps+openmeteo,0.1937,0.1128,modis,107.28,wb_foodindex,57.0,fewsnet_prices,229108,0.7311,hdx_knbs,50.0,,mixed,Arid ASAL,-0.4999999999999997,-0.8660254037844388,-0.5985529241787196,1.2833333333333334,18.318333333333335,1.63,27.34,-0.9718813527895745,27.810000000000002,28.820000000000004,27.37,28.03,-1.5952228457891362,0.2031333333333333,0.2101666666666667,0.2007,0.2221,-1.1662504406664702,0.1196,0.12791666666666665,0.1199,0.1514,1.04607224391048,56.666666666666664,55.333333333333336,57.0,53.0,7.547169811320753
013,2019,9,Wajir,2019-09-01,4.42,28.07,chirps+openmeteo,0.1933,0.1174,modis,107.28,wb_foodindex,55.0,fewsnet_prices,229108,0.7311,hdx_knbs,50.0,,mixed,Arid ASAL,-0.8660254037844385,-0.5000000000000004,-0.4298800160863061,2.4466666666666668,16.793333333333333,1.29,0.93,-0.6979498001950399,27.733333333333334,28.315,27.76,28.3,-1.3404925807459027,0.1959,0.2074666666666667,0.1937,0.215,-0.7131999251980427,0.11670000000000001,0.1269,0.1128,0.1261,0.30060642565372153,56.333333333333336,55.666666666666664,57.0,56.0,-1.7857142857142905
013,2019,10,Wajir,2019-10-01,128.69,26.56,chirps+openmeteo,0.2707,0.178,modis,107.28,wb_foodindex,53.0,fewsnet_prices,229108,0.7311,hdx_knbs,50.0,fewsnet_ipc,mixed,Arid ASAL,-1.0,-1.8369701987210297e-16,2.4960136713334165,44.800000000000004,27.383333333333336,4.42,1.63,-1.4454249296418953,27.463333333333335,27.68166666666667,28.07,27.37,2.4693937645612793,0.21923333333333336,0.21591666666666667,0.1933,0.2007,2.3794583531927485,0.13606666666666667,0.13426666666666667,0.1174,0.1199,-0.44537698159840455,55.0,55.166666666666664,55.0,57.0,-7.017543859649122
013,2019,11,Wajir,2019-11-01,222.33,26.01,chirps+openmeteo,0.4844,0.3391,modis,107.28,wb_foodindex,51.0,fewsnet_prices,229108,0.7311,hdx_knbs,43.75,,mixed,Arid ASAL,-0.8660254037844386,0.5000000000000001,2.5137982985303067,118.48000000000002,59.88166666666667,128.69,1.29,-1.496019282563126,26.88,27.345,26.56,27.76,2.916470375781958,0.3161333333333333,0.2596333333333333,0.2707,0.1937,2.8884789913763127,0.21150000000000002,0.16555,0.178,0.1128,-1.117162453742494,53.0,54.833333333333336,53.0,57.0,-10.526315789473683
013,2019,12,Wajir,2019-12-01,35.11,27.22,chirps+openmeteo,0.5856,0.3762,modis,107.28,wb_foodindex,48.0,fewsnet_prices,229108,0.7311,hdx_knbs,37.5,,mixed,Arid ASAL,-0.5000000000000004,0.8660254037844384,-0.10586346578683573,128.71,65.57833333333333,222.33,4.42,-0.7350404226651122,26.596666666666664,27.165000000000003,26.01,28.07,2.478270925040882,0.4469,0.3214,0.4844,0.1933,2.295181159208725,0.2977666666666667,0.20723333333333335,0.3391,0.1174,-1.8180110888685002,50.666666666666664,53.5,51.0,55.0,-12.727272727272732
013,2020,1,Wajir,2020-01-01,8.19,28.61,chirps+openmeteo,0.4131,0.2482,modis,125.82,wb_foodindex,75.5,fewsnet_prices,229108,0.7311,hdx_knbs,31.25,,mixed,Arid ASAL,0.0,1.0,-0.47834882805490836,88.54333333333334,66.67166666666667,35.11,128.69,0.09377839424217589,27.28,27.37166666666667,27.22,26.56,1.035165653560822,0.4943666666666667,0.3568,0.5856,0.2707,0.8218217265479976,0.32116666666666666,0.22861666666666666,0.3762,0.178,3.0272424456331564,58.166666666666664,56.583333333333336,48.0,53.0,42.45283018867924
013,2020,2,Wajir,2020-02-01,4.42,30.73,chirps+openmeteo,0.2861,0.1698,modis,125.82,wb_foodindex,52.0,fewsnet_prices,229108,0.7311,hdx_knbs,25.0,fewsnet_ipc,mixed,Arid ASAL,0.49999999999999994,0.8660254037844387,-0.5119969493656956,15.906666666666666,67.19333333333333,8.19,222.33,1.275800839190489,28.853333333333335,27.86666666666667,28.61,26.01,0.047939308400405126,0.42826666666666674,0.37220000000000003,0.4131,0.4844,-0.05383320033362411,0.2647333333333333,0.23811666666666664,0.2482,0.3391,-0.4311116211684515,58.5,55.75,75.5,51.0,1.9607843137254832
013,2020,3,Wajir,2020-03-01,60.49,30.44,chirps+openmeteo,0.2534,0.1601,modis,125.82,wb_foodindex,77.5,fewsnet_prices,229108,0.7311,hdx_knbs,25.0,,mixed,Arid ASAL,0.8660254037844386,0.5000000000000001,0.35140368306991654,24.366666666666664,76.53833333333334,4.42,35.11,1.02219257829409,29.926666666666666,28.261666666666667,30.73,27.22,-0.2090144570727287,0.3175333333333334,0.3822166666666667,0.2861,0.5856,-0.16141948886009266,0.1927,0.24523333333333333,0.1698,0.3762,2.45958600318797,68.33333333333333,59.5,52.0,48.0,61.45833333333333
013,2020,4,Wajir,2020-04-01,279.13,28.02,chirps+openmeteo,0.3119,0.1914,modis,125.82,wb_foodindex,59.0,fewsnet_prices,229108,0.7311,hdx_knbs,25.0,,mixed,Arid ASAL,1.0,6.123233995736766e-17,2.6575385586473743,114.67999999999999,101.61166666666668,60.49,8.19,-0.4202265261589583,29.73,28.505,30.44,28.61,0.2714563037488908,0.2838,0.3890833333333334,0.2534,0.4131,0.20982915234963592,0.17376666666666665,0.24746666666666664,0.1601,0.2482,0.2997363479696818,62.833333333333336,60.5,77.5,75.5,-21.85430463576159
013,2020,5,Wajir,2020-05-01,7.85,28.45,chirps+openmeteo,0.3597,0.2092,modis,125.82,wb_foodindex,63.375,,229108,0.7311,hdx_knbs,25.0,,mixed,Arid ASAL,0.8660254037844387,-0.4999999999999998,-0.5213405001198896,115.82333333333332,65.865,279.13,4.42,-0.14935087447962292,28.97,28.911666666666665,28.02,30.73,0.6556665078167446,0.30833333333333335,0.36830000000000007,0.3119,0.2861,0.4174689259153955,0.18689999999999998,0.22581666666666667,0.1914,0.1698,0.7846793840521522,66.625,62.5625,59.0,52.0,21.875
013,2020,6,Wajir,2020-06-01,0.98,28.24,chirps+openmeteo,0.2843,0.1657,modis,125.82,wb_foodindex,67.75,,229108,0.7311,hdx_knbs,25.0,fewsnet_ipc,mixed,Arid ASAL,0.49999999999999994,-0.8660254037844387,-0.5820018595968428,95.98666666666664,60.17666666666667,7.85,60.49,-0.27548669499952433,28.236666666666665,29.081666666666667,28.45,30.44,-0.007150383052764028,0.3186333333333333,0.31808333333333333,0.3597,0.2534,-0.13619870000968445,0.18876666666666667,0.1907333333333333,0.2092,0.1601,1.21963648046097,63.375,65.85416666666667,63.375,77.5,-12.580645161290327
013,2020,7,Wajir,2020-07-01,1.6,27.41,chirps+openmeteo,0.2478,0.1476,modis,125.82,wb_foodindex,72.125,,229108,0.7311,hdx_knbs,25.0,,mixed,Arid ASAL,1.2246467991473532e-16,-1.0,-0.5548397447841378,3.4766666666666475,59.07833333333334,0.98,279.13,-0.7860361367160265,28.03333333333333,28.881666666666664,28.24,28.02,-0.3284321503763873,0.2972666666666667,0.29053333333333337,0.2843,0.3119,-0.36428471263329887,0.17416666666666666,0.17396666666666669,0.1657,0.1914,1.5694425057276598,67.75,65.29166666666667,67.75,59.0,22.2457627118644
013,2020,8,Wajir,2020-08-01,1.3,27.4,chirps+openmeteo,0.2278,0.1363,modis,125.82,wb_foodindex,76.5,fewsnet_prices,229108,0.7311,hdx_knbs,25.0,,mixed,Arid ASAL,-0.4999999999999997,-0.8660254037844388,-0.5407811892871761,1.2933333333333143,58.55833333333334,1.6,7.85,-0.761162831632801,27.683333333333334,28.326666666666664,27.41,28.45,-0.4985766757138741,0.2533,0.28081666666666666,0.2478,0.3597,-0.5012698599876044,0.14986666666666668,0.16838333333333333,0.1476,0.2092,1.8211657044623046,72.125,69.375,72.125,63.375,20.710059171597628
013,2020,9,Wajir,2020-09-01,2.07,28.21,chirps+openmeteo,0.2191,0.136,modis,125.82,wb_foodindex,76.5,fewsnet_prices,229108,0.7311,hdx_knbs,25.0,,mixed,Arid ASAL,-0.8660254037844385,-0.5000000000000004,-0.5151608699850547,1.6566666666666479,48.821666666666665,1.3,0.98,-0.21201480208329748,27.673333333333336,27.955,27.4,28.24,-0.5630639639130717,0.23156666666666667,0.27509999999999996,0.2278,0.2843,-0.4907171730747216,0.13996666666666668,0.16436666666666666,0.1363,0.1657,1.64779406483749,75.04166666666667,69.20833333333333,76.5,67.75,12.915129151291517
013,2020,10,Wajir,2020-10-01,12.68,29.52,chirps+openmeteo,0.2172,0.1336,modis,125.82,wb_foodindex,78.0,fewsnet_prices,229108,0.7311,hdx_knbs,25.0,fewsnet_ipc,mixed,Arid ASAL,-1.0,-1.8369701987210297e-16,-0.36743486238355105,5.349999999999981,4.413333333333333,2.07,1.6,0.6668489625857361,28.376666666666665,28.205,28.21,27.41,-0.5641460676019179,0.22136666666666663,0.25931666666666664,0.2191,0.2478,-0.5096830030794232,0.1353,0.15473333333333333,0.136,0.1476,1.636667671816617,77.0,72.375,76.5,72.125,8.145580589254763
013,2020,11,Wajir,2020-11-01,42.3,27.04,chirps+openmeteo,0.3125,0.1932,modis,125.82,wb_foodindex,78.0,fewsnet_prices,229108,0.7311,hdx_knbs,31.25,,mixed,Arid ASAL,-0.8660254037844386,0.5000000000000001,0.026111605438726194,19.016666666666648,10.155,12.68,1.3,-1.0143696669757563,28.256666666666664,27.97,29.52,27.4,0.3618844325337303,0.24959999999999996,0.25145,0.2172,0.2278,0.33613593856446067,0.1542666666666667,0.15206666666666668,0.1336,0.1363,1.5127202362281835,77.5,74.8125,78.0,76.5,1.9607843137254832
013,2020,12,Wajir,2020-12-01,22.82,29.42,chirps+openmeteo,0.27,0.1613,modis,125.82,wb_foodindex,76.5,fewsnet_prices,229108,0.7311,hdx_knbs,37.5,,mixed,Arid ASAL,-0.5000000000000004,0.8660254037844384,-0.23406722065242358,25.933333333333312,13.795,42.3,2.07,0.6236499395556186,28.66,28.166666666666668,27.04,28.21,-0.06225747271140016,0.2665666666666667,0.24906666666666666,0.3125,0.2191,-0.12775025676827687,0.16269999999999998,0.15133333333333335,0.1932,0.136,1.2946701659416366,77.5,76.27083333333333,78.0,76.5,0.0
013,2021,1,Wajir,2021-01-01,1.78,29.88,chirps+openmeteo,0.2269,0.1347,modis,123.29,wb_foodindex,56.0,fewsnet_prices,229108,0.7311,hdx_knbs,43.75,,mixed,Arid ASAL,0.0,1.0,-0.525298012123647,22.299999999999983,13.825000000000001,22.82,12.68,0.9551332108915622,28.78,28.578333333333333,29.42,29.52,-0.5050315958243672,0.2698,0.24558333333333335,0.27,0.2172,-0.5311525488971429,0.16306666666666667,0.14918333333333333,0.1613,0.1336,-0.5956782088857759,70.16666666666667,73.58333333333333,76.5,78.0,-28.205128205128204
013,2021,2,Wajir,2021-02-01,3.09,30.71,chirps+openmeteo,0.2077,0.1224,modis,123.29,wb_foodindex,56.0,fewsnet_prices,229108,0.7311,hdx_knbs,50.0,fewsnet_ipc,mixed,Arid ASAL,0.49999999999999994,0.8660254037844387,-0.5066430890732014,9.22999999999998,14.123333333333335,1.78,42.3,1.5307372358825264,30.00333333333333,29.129999999999995,29.88,27.04,-0.7038858215616771,0.23486666666666667,0.24223333333333333,0.2269,0.3125,-0.7198074701390718,0.13946666666666666,0.14686666666666667,0.1347,0.1932,-0.6255199030907166,62.833333333333336,70.16666666666667,56.0,78.0,-28.205128205128204
013,2021,3,Wajir,2021-03-01,9.91,30.75,chirps+openmeteo,0.2119,0.1239,modis,123.29,wb_foodindex,60.0,fewsnet_prices,229108,0.7311,hdx_knbs,50.0,,mixed,Arid ASAL,0.8660254037844386,0.5000000000000001,-0.40940102271558637,4.926666666666648,15.43,3.09,22.82,1.5983258858951037,30.44666666666667,29.55333333333333,30.71,29.42,-0.6623275386741088,0.2155,0.24103333333333335,0.2077,0.27,-0.6976543317014436,0.127,0.14485,0.1224,0.1613,-0.28184513442767195,57.333333333333336,67.41666666666667,56.0,76.5,-21.568627450980394
013,2021,4,Wajir,2021-04-01,68.14,28.43,chirps+openmeteo,0.2272,0.1383,modis,123.29,wb_foodindex,63.0,fewsnet_prices,229108,0.7311,hdx_knbs,50.0,,mixed,Arid ASAL,1.0,6.123233995736766e-17,0.3971029524741413,27.04666666666665,24.673333333333336,9.91,1.78,-0.008094856043494296,29.963333333333335,29.371666666666666,30.75,29.88,-0.5093175127602948,0.2156,0.24270000000000003,0.2119,0.2269,-0.4848693922680788,0.1282,0.1456333333333333,0.1239,0.1347,-0.023138647684505687,59.666666666666664,64.91666666666667,60.0,56.0,12.5
013,2021,5,Wajir,2021-05-01,18.65,28.7,chirps+openmeteo,0.315,0.1981,modis,123.29,wb_foodindex,63.0,fewsnet_prices,229108,0.7311,hdx_knbs,50.0,,mixed,Arid ASAL,0.8660254037844387,-0.4999999999999998,-0.2842198878286349,32.23333333333331,20.731666666666666,68.14,3.09,0.1730469480776759,29.293333333333333,29.648333333333337,28.43,30.71,0.35484463152071405,0.2513666666666667,0.24311666666666668,0.2272,0.2077,0.3850508332391214,0.15343333333333334,0.14645,0.1383,0.1224,-0.06482824126988708,62.0,62.416666666666664,63.0,56.0,12.5
013,2021,6,Wajir,2021-06-01,1.12,27.27,chirps+openmeteo,0.2493,0.1604,modis,123.29,wb_foodindex,67.0,fewsnet_prices,229108,0.7311,hdx_knbs,50.0,fewsnet_ipc,mixed,Arid ASAL,0.49999999999999994,-0.8660254037844387,-0.5273054182815743,29.303333333333313,17.115,18.65,9.91,-0.8509063488897347,28.133333333333336,29.289999999999996,28.7,30.75,-0.34078754042230625,0.2638333333333333,0.2396666666666667,0.315,0.2119,-0.20489827874259936,0.1656,0.1463,0.1981,0.1239,0.28826583761918245,64.33333333333333,60.833333333333336,63.0,60.0,11.66666666666667
013,2021,7,Wajir,2021-07-01,1.54,26.88,chirps+openmeteo,0.2129,0.131,modis,123.29,wb_foodindex,70.0,fewsnet_prices,229108,0.7311,hdx_knbs,50.0,,mixed,Arid ASAL,1.2246467991473532e-16,-1.0,-0.521417689077277,7.103333333333314,17.075,1.12,68.14,-1.1066181642130564,27.616666666666664,28.789999999999996,27.27,28.43,-0.7279598054436273,0.2590666666666666,0.2373333333333333,0.2493,0.2272,-0.6617319649766673,0.16316666666666665,0.14568333333333333,0.1604,0.1383,0.5365509490877172,66.66666666666667,63.166666666666664,67.0,63.0,11.111111111111116
013,2021,8,Wajir,2021-08-01,1.27,27.49,chirps+openmeteo,0.1985,0.1176,modis,123.29,wb_foodindex,70.0,fewsnet_prices,229108,0.7311,hdx_knbs,50.0,,mixed,Arid ASAL,-0.4999999999999997,-0.8660254037844388,-0.5251448006029606,1.3099999999999812,16.771666666666665,1.54,18.65,-0.6528130601039596,27.213333333333328,28.25333333333333,26.88,28.7,-0.8822691817360799,0.22023333333333336,0.2358,0.2129,0.315,-0.8717888945910072,0.13633333333333333,0.14488333333333334,0.131,0.1981,0.48613313277959574,69.0,65.5,70.0,63.0,11.111111111111116
013,2021,9,Wajir,2021-09-01,2.23,28.11,chirps+openmeteo,0.2068,0.1193,modis,123.29,wb_foodindex,70.0,fewsnet_prices,229108,0.7311,hdx_knbs,50.0,,mixed,Arid ASAL,-0.8660254037844385,-0.5000000000000004,-0.5102415269561766,1.679999999999981,15.491666666666667,1.27,1.12,-0.20643024909952212,27.49333333333333,27.813333333333333,27.49,27.27,-0.8055675217724687,0.2060666666666667,0.23495,0.1985,0.2493,-0.8479060783933091,0.12263333333333333,0.14411666666666667,0.1176,0.1604,0.43163596199869975,70.0,67.16666666666667,70.0,67.0,4.477611940298498
013,2021,10,Wajir,2021-10-01,6.68,29.28,chirps+openmeteo,0.1974,0.1173,modis,123.29,wb_foodindex,70.0,fewsnet_prices,229108,0.7311,hdx_knbs,50.0,fewsnet_ipc,mixed,Arid ASAL,-1.0,-1.8369701987210297e-16,-0.3907912900908519,3.3933333333333144,5.248333333333333,2.23,1.54,0.57593819971068,28.293333333333333,27.955000000000002,28.11,26.88,-0.8580205931519759,0.2009,0.22998333333333332,0.2068,0.2129,-0.8267253150809416,0.11806666666666667,0.14061666666666664,0.1193,0.131,0.37245295223784136,70.0,68.33333333333333,70.0,70.0,0.0
013,2021,11,Wajir,2021-11-01,39.06,29.21,chirps+openmeteo,0.2051,0.119,modis,123.29,wb_foodindex,65.0,fewsnet_prices,229108,0.7311,hdx_knbs,50.0,,mixed,Arid ASAL,-0.8660254037844386,0.5000000000000001,0.2219014184457571,15.98999999999998,8.65,6.68,1.27,0.4599176579314023,28.866666666666664,28.039999999999996,29.28,27.49,-0.7277679796974261,0.20309999999999997,0.21166666666666667,0.1974,0.1985,-0.7745754659238627,0.11853333333333334,0.12743333333333332,0.1173,0.1176,-0.24256602914120876,68.33333333333333,68.66666666666667,70.0,70.0,-7.14285714285714
013,2021,12,Wajir,2021-12-01,96.81,27.77,chirps+openmeteo,0.2498,0.1529,modis,123.29,wb_foodindex,68.0,fewsnet_prices,229108,0.7311,hdx_knbs,50.0,,mixed,Arid ASAL,-0.5000000000000004,0.8660254037844384,1.1498088860835445,47.51666666666665,24.598333333333333,39.06,2.23,-0.7392513468339418,28.753333333333334,28.123333333333335,29.21,28.11,-0.08746725945215472,0.21743333333333334,0.21175,0.2051,0.2068,-0.021700631441471874,0.12973333333333334,0.12618333333333334,0.119,0.1193,0.006756681651937171,67.66666666666667,68.83333333333333,65.0,70.0,-2.857142857142858
013,2022,1,Wajir,2022-01-01,7.36,29.58,chirps+openmeteo,0.241,0.1429,modis,112.38,wb_foodindex,57.0,fewsnet_prices,229108,0.7311,hdx_knbs,50.0,,mixed,Arid ASAL,0.0,1.0,-0.3645101845666003,47.74333333333331,25.56833333333334,96.81,6.68,0.7133615090713382,28.853333333333335,28.573333333333334,27.77,29.28,-0.14741479208666347,0.23196666666666665,0.21643333333333334,0.2498,0.1974,-0.23169426893954856,0.13826666666666665,0.12816666666666668,0.1529,0.1173,-1.2974058784253901,63.333333333333336,66.66666666666667,68.0,70.0,-18.571428571428573
013,2022,2,Wajir,2022-02-01,3.14,30.8,chirps+openmeteo,0.2018,0.118,modis,112.38,wb_foodindex,62.0,fewsnet_prices,229108,0.7311,hdx_knbs,50.0,fewsnet_ipc,mixed,Arid ASAL,0.49999999999999994,0.8660254037844387,-0.4348901767933014,35.76999999999998,25.88,7.36,39.06,1.699486364428398,29.383333333333336,29.125,29.58,29.21,-0.9572191724045013,0.23086666666666666,0.2169833333333333,0.241,0.2051,-1.0481388522277384,0.13793333333333332,0.12823333333333334,0.1429,0.119,-0.7720083470792871,62.333333333333336,65.33333333333333,57.0,65.0,-4.61538461538461
013,2022,3,Wajir,2022-03-01,11.08,30.94,chirps+openmeteo,0.201,0.1163,modis,112.38,wb_foodindex,67.0,fewsnet_prices,229108,0.7311,hdx_knbs,50.0,,mixed,Arid ASAL,0.8660254037844386,0.5000000000000001,-0.2669640435410338,7.193333333333314,27.355000000000004,3.14,96.81,1.7475615181851816,30.44,29.596666666666664,30.8,27.77,-0.9092307368121405,0.21459999999999999,0.21601666666666666,0.2018,0.2498,-1.0236398372125035,0.12573333333333334,0.12773333333333334,0.118,0.1529,-0.02254118312073402,62.0,64.83333333333333,62.0,68.0,-1.4705882352941124
013,2022,4,Wajir,2022-04-01,62.67,29.73,chirps+openmeteo,0.1859,0.1198,modis,112.38,wb_foodindex,68.0,fewsnet_prices,229108,0.7311,hdx_knbs,50.0,,mixed,Arid ASAL,1.0,6.123233995736766e-17,1.7503368818089977,25.62999999999998,36.68666666666667,11.08,7.36,0.7308821169572073,30.49,29.67166666666667,30.94,29.58,-1.160104548104195,0.19623333333333334,0.21410000000000004,0.201,0.241,-0.8337820610178387,0.11803333333333332,0.12815000000000001,0.1163,0.1429,0.0698452351641591,65.66666666666667,64.5,67.0,57.0,19.298245614035082
013,2022,5,Wajir,2022-05-01,31.19,28.43,chirps+openmeteo,0.2828,0.1809,modis,112.38,wb_foodindex,67.0,fewsnet_prices,229108,0.7311,hdx_knbs,50.0,,mixed,Arid ASAL,0.8660254037844387,-0.4999999999999998,0.48469774884718325,34.97999999999998,35.375,62.67,3.14,-0.29098542610478784,29.7,29.541666666666668,29.73,30.8,1.3582538410594462,0.2232333333333333,0.22705,0.1859,0.2018,1.6303274555584448,0.139,0.13846666666666665,0.1198,0.118,-0.10253534471288275,67.33333333333333,64.83333333333333,68.0,62.0,8.064516129032251
013,2022,6,Wajir,2022-06-01,0.94,27.53,chirps+openmeteo,0.2548,0.1623,modis,112.38,wb_foodindex,72.0,fewsnet_prices,229108,0.7311,hdx_knbs,50.0,fewsnet_ipc,mixed,Arid ASAL,0.49999999999999994,-0.8660254037844387,-0.6917424776279543,31.59999999999998,19.396666666666665,31.19,11.08,-0.9591755538890383,28.563333333333333,29.501666666666665,28.43,30.94,0.6468260760838485,0.24116666666666667,0.22788333333333333,0.2828,0.201,0.8791633955248699,0.15433333333333332,0.14003333333333334,0.1809,0.1163,0.6168633264557242,69.0,65.5,67.0,67.0,7.462686567164178
013,2022,7,Wajir,2022-07-01,2.12,26.38,chirps+openmeteo,0.2194,0.1333,modis,112.38,wb_foodindex,75.0,fewsnet_prices,229108,0.7311,hdx_knbs,50.0,,mixed,Arid ASAL,1.2246467991473532e-16,-1.0,-0.6470661666783005,11.416666666666648,18.523333333333333,0.94,62.67,-1.7313313896478864,27.44666666666667,28.968333333333334,27.53,29.73,-0.3284961688028433,0.25233333333333335,0.22428333333333336,0.2548,0.1859,-0.2911000815086402,0.15883333333333333,0.13843333333333332,0.1623,0.1198,1.0299511671685464,71.33333333333333,68.5,72.0,68.0,10.294117647058831
013,2022,8,Wajir,2022-08-01,1.29,27.03,chirps+openmeteo,0.1879,0.1196,modis,112.38,wb_foodindex,75.0,fewsnet_prices,229108,0.7311,hdx_knbs,50.0,,mixed,Arid ASAL,-0.4999999999999997,-0.8660254037844388,-0.6793411363347324,1.4499999999999809,18.215,2.12,31.19,-1.2245530082685523,26.98,28.34,26.38,28.43,-1.144766596331269,0.2207,0.22196666666666665,0.2194,0.2828,-0.8147594386810983,0.1384,0.1387,0.1333,0.1809,1.050689030279815,74.0,70.66666666666667,75.0,67.0,11.940298507462677
013,2022,9,Wajir,2022-09-01,2.04,27.93,chirps+openmeteo,0.1915,0.1192,modis,112.38,wb_foodindex,87.0,fewsnet_prices,229108,0.7311,hdx_knbs,50.0,,mixed,Arid ASAL,-0.8660254037844385,-0.5000000000000004,-0.6500855620986192,1.8166666666666478,16.708333333333332,1.29,0.94,-0.5585733748270756,27.113333333333333,27.838333333333335,27.03,27.53,-0.992144537802132,0.1996,0.22038333333333335,0.1879,0.2548,-0.791492416208362,0.12403333333333334,0.13918333333333335,0.1196,0.1623,2.450854925767984,79.0,74.0,75.0,72.0,20.833333333333325
013,2022,10,Wajir,2022-10-01,6.58,28.34,chirps+openmeteo,0.1635,0.1087,modis,112.38,wb_foodindex,100.0,fewsnet_prices,229108,0.7311,hdx_knbs,50.0,fewsnet_ipc,mixed,Arid ASAL,-1.0,-1.8369701987210297e-16,-0.4618671844736474,3.3033333333333146,7.36,2.04,2.12,-0.22722778165010302,27.76666666666667,27.60666666666667,27.93,26.38,-1.5933999143232613,0.18096666666666664,0.21665,0.1915,0.2194,-1.1366818249804045,0.11583333333333334,0.13733333333333334,0.1192,0.1333,3.1281541442577505,87.33333333333333,79.33333333333333,87.0,75.0,33.33333333333333
013,2022,11,Wajir,2022-11-01,44.73,28.41,chirps+openmeteo,0.1689,0.1136,modis,112.38,wb_foodindex,100.0,fewsnet_prices,229108,0.7311,hdx_knbs,50.0,,mixed,Arid ASAL,-0.8660254037844386,0.5000000000000001,1.0094011554058422,17.783333333333314,9.616666666666667,6.58,1.29,-0.22471591177873212,28.22666666666667,27.603333333333335,28.34,27.03,-1.4089800052335875,0.17463333333333333,0.19766666666666666,0.1635,0.1879,-0.9020049079925239,0.11383333333333334,0.12611666666666665,0.1087,0.1196,2.58152696233397,95.66666666666667,84.83333333333333,100.0,75.0,33.33333333333333
013,2022,12,Wajir,2022-12-01,28.7,29.21,chirps+openmeteo,0.2168,0.1347,modis,112.38,wb_foodindex,96.0,fewsnet_prices,229108,0.7311,hdx_knbs,50.0,,mixed,Arid ASAL,-0.5000000000000004,0.8660254037844384,0.37983984807308707,26.669999999999984,14.243333333333332,44.73,2.04,0.38568786099854624,28.653333333333332,27.883333333333336,28.41,27.93,-0.024830364808365576,0.18306666666666668,0.19133333333333336,0.1689,0.1915,0.052734318635873224,0.119,0.12151666666666668,0.1136,0.1192,1.976960828232971,98.66666666666667,88.83333333333333,100.0,87.0,10.344827586206895
014,2019,1,Mandera,2019-01-01,0.99,30.34,chirps+openmeteo,0.2214,0.133,modis,107.28,wb_foodindex,68.0,fewsnet_prices,308319,0.8134,hdx_knbs,25.0,,mixed,Arid ASAL,0.0,1.0,,0.99,0.99,,,,30.34,30.34,,,,0.2214,0.2214,,,,0.133,0.133,,,,68.0,68.0,,,
014,2019,2,Mandera,2019-02-01,1.45,31.86,chirps+openmeteo,0.1975,0.1184,modis,107.28,wb_foodindex,70.0,fewsnet_prices,308319,0.8134,hdx_knbs,25.0,fewsnet_ipc,mixed,Arid ASAL,0.49999999999999994,0.8660254037844387,,1.22,1.22,0.99,,,31.1,31.1,30.34,,,0.20945000000000003,0.20945000000000003,0.2214,,,0.1257,0.1257,0.133,,,69.0,69.0,68.0,,
014,2019,3,Mandera,2019-03-01,4.74,32.31,chirps+openmeteo,0.1922,0.1139,modis,107.28,wb_foodindex,75.0,fewsnet_prices,308319,0.8134,hdx_knbs,25.0,,mixed,Arid ASAL,0.8660254037844386,0.5000000000000001,,2.393333333333333,2.393333333333333,1.45,,,31.503333333333334,31.503333333333334,31.86,,,0.2037,0.2037,0.1975,,,0.12176666666666668,0.12176666666666668,0.1184,,,71.0,71.0,70.0,,
014,2019,4,Mandera,2019-04-01,52.77,31.5,chirps+openmeteo,0.1904,0.115,modis,107.28,wb_foodindex,74.0,fewsnet_prices,308319,0.8134,hdx_knbs,25.0,,mixed,Arid ASAL,1.0,6.123233995736766e-17,,19.653333333333332,14.9875,4.74,0.99,,31.89,31.5025,32.31,30.34,,0.1933666666666667,0.20037500000000003,0.1922,0.2214,,0.11576666666666667,0.120075,0.1139,0.133,,73.0,71.75,75.0,68.0,8.823529411764696
014,2019,5,Mandera,2019-05-01,51.11,28.42,chirps+openmeteo,0.2389,0.1538,modis,107.28,wb_foodindex,75.0,fewsnet_prices,308319,0.8134,hdx_knbs,25.0,,mixed,Arid ASAL,0.8660254037844387,-0.4999999999999998,,36.20666666666667,22.212,52.77,1.45,,30.743333333333336,30.886000000000003,31.5,31.86,,0.20716666666666664,0.20808,0.1904,0.1975,,0.12756666666666666,0.12682,0.115,0.1184,,74.66666666666667,72.4,74.0,70.0,7.14285714285714
014,2019,6,Mandera,2019-06-01,1.33,29.66,chirps+openmeteo,0.2203,0.1393,modis,107.28,wb_foodindex,75.0,fewsnet_prices,308319,0.8134,hdx_knbs,25.0,fewsnet_ipc,mixed,Arid ASAL,0.49999999999999994,-0.8660254037844387,-0.6754202042606109,35.07,18.731666666666666,51.11,4.74,-0.6892687594963958,29.86,30.68166666666667,28.42,32.31,0.5185291907826296,0.21653333333333333,0.21011666666666665,0.2389,0.1922,0.6516720547122055,0.13603333333333334,0.1289,0.1538,0.1139,0.7079450823477808,74.66666666666667,72.83333333333333,75.0,75.0,0.0
014,2019,7,Mandera,2019-07-01,1.13,28.95,chirps+openmeteo,0.1963,0.1194,modis,107.28,wb_foodindex,76.0,fewsnet_prices,308319,0.8134,hdx_knbs,31.25,,mixed,Arid ASAL,1.2246467991473532e-16,-1.0,-0.6172576213830483,17.856666666666666,18.755,1.33,52.77,-0.9874934367990232,29.01,30.45,29.66,31.5,-0.6342279020533531,0.2185,0.20593333333333333,0.2203,0.1904,-0.5426969416910404,0.13749999999999998,0.12663333333333335,0.1393,0.115,0.8930264935122993,75.33333333333333,74.16666666666667,75.0,74.0,2.7027027027026973
014,2019,8,Mandera,2019-08-01,0.74,29.49,chirps+openmeteo,0.192,0.1104,modis,107.28,wb_foodindex,80.0,fewsnet_prices,308319,0.8134,hdx_knbs,37.5,,mixed,Arid ASAL,-0.4999999999999997,-0.8660254037844388,-0.5816902066437538,1.0666666666666667,18.636666666666667,1.13,51.11,-0.5773640186012513,29.366666666666664,30.055000000000003,28.95,28.42,-0.7758655420998581,0.20286666666666667,0.20501666666666665,0.1963,0.2389,-0.9897040774777874,0.12303333333333333,0.1253,0.1194,0.1538,1.5958093175969117,77.0,75.83333333333333,76.0,75.0,6.666666666666665
014,2019,9,Mandera,2019-09-01,1.8,30.08,chirps+openmeteo,0.1836,0.108,modis,107.28,wb_foodindex,81.0,fewsnet_prices,308319,0.8134,hdx_knbs,43.75,,mixed,Arid ASAL,-0.8660254037844385,-0.5000000000000004,-0.5004405336237352,1.2233333333333334,18.14666666666667,0.74,1.33,-0.15660416817128914,29.506666666666664,29.683333333333334,29.49,29.66,-1.0758038323400716,0.19063333333333335,0.20358333333333334,0.192,0.2203,-1.00972391339858,0.11259999999999999,0.12431666666666664,0.1104,0.1393,1.4773421007131984,79.0,76.83333333333333,80.0,75.0,8.000000000000007
014,2019,10,Mandera,2019-10-01,160.8,26.5,chirps+openmeteo,0.2854,0.1831,modis,107.28,wb_foodindex,80.0,fewsnet_prices,308319,0.8134,hdx_knbs,50.0,fewsnet_ipc,mixed,Arid ASAL,-1.0,-1.8369701987210297e-16,2.598351175762895,54.446666666666665,36.15166666666667,1.8,1.13,-1.958021950810158,28.689999999999998,28.850000000000005,30.08,28.95,2.3550851165165616,0.22033333333333335,0.21941666666666668,0.1836,0.1963,2.2595628193966255,0.13383333333333333,0.13566666666666666,0.108,0.1194,1.0896246121996416,80.33333333333333,77.83333333333333,81.0,76.0,5.263157894736836
014,2019,11,Mandera,2019-11-01,115.36,25.92,chirps+openmeteo,0.4299,0.2864,modis,107.28,wb_foodindex,85.0,fewsnet_prices,308319,0.8134,hdx_knbs,43.75,,mixed,Arid ASAL,-0.8660254037844386,0.5000000000000001,1.4406402916465615,92.65333333333332,46.86000000000001,160.8,0.74,-1.7747468701052262,27.5,28.433333333333334,26.5,29.49,2.7486706498345326,0.29963333333333336,0.25125000000000003,0.2854,0.192,2.7223109853605374,0.1925,0.15776666666666667,0.1831,0.1104,1.7661268225010884,82.0,79.5,80.0,80.0,6.25
014,2019,12,Mandera,2019-12-01,18.68,27.05,chirps+openmeteo,0.4138,0.2525,modis,107.28,wb_foodindex,80.0,fewsnet_prices,308319,0.8134,hdx_knbs,37.5,,mixed,Arid ASAL,-0.5000000000000004,0.8660254037844384,-0.2937404389627256,98.27999999999999,49.75166666666667,115.36,1.8,-1.1018463269048997,26.49,27.998333333333335,25.92,30.08,1.9287852835163106,0.3763666666666667,0.2835,0.4299,0.1836,1.6895752558280626,0.24066666666666667,0.17663333333333334,0.2864,0.108,0.7069729771042986,81.66666666666667,80.33333333333333,85.0,81.0,-1.2345679012345734
014,2020,1,Mandera,2020-01-01,0.98,30.31,chirps+openmeteo,0.2827,0.174,modis,125.82,wb_foodindex,80.0,fewsnet_prices,308319,0.8134,hdx_knbs,31.25,,mixed,Arid ASAL,0.0,1.0,-0.5955484624415094,45.00666666666667,49.72666666666667,18.68,160.8,0.44591901784173854,27.76,28.225000000000005,27.05,26.5,0.39683106306107024,0.3754666666666666,0.2979,0.4138,0.2854,0.34493911810984595,0.23763333333333334,0.1857333333333333,0.2525,0.1831,0.6677489005340689,81.66666666666667,81.0,80.0,80.0,0.0
014,2020,2,Mandera,2020-02-01,1.24,31.82,chirps+openmeteo,0.2324,0.1416,modis,125.82,wb_foodindex,79.0,fewsnet_prices,308319,0.8134,hdx_knbs,25.0,fewsnet_ipc,mixed,Arid ASAL,0.49999999999999994,0.8660254037844387,-0.5631688282142131,6.966666666666666,49.81,0.98,115.36,1.0984027159986687,29.72666666666667,28.613333333333333,30.31,25.92,-0.1984320812178141,0.30963333333333337,0.30463333333333337,0.2827,0.4299,-0.2172909888247531,0.18936666666666668,0.19093333333333332,0.174,0.2864,0.43723731609760297,79.66666666666667,80.83333333333333,80.0,85.0,-7.058823529411762
014,2020,3,Mandera,2020-03-01,31.92,32.04,chirps+openmeteo,0.2224,0.1297,modis,125.82,wb_foodindex,77.0,fewsnet_prices,308319,0.8134,hdx_knbs,31.25,,mixed,Arid ASAL,0.8660254037844386,0.5000000000000001,0.04652670421738176,11.38,54.830000000000005,1.24,18.68,1.1119930619570288,31.389999999999997,28.939999999999998,31.82,27.05,-0.3115826411375668,0.24583333333333335,0.3111,0.2324,0.4138,-0.4183441255314586,0.14843333333333333,0.19455,0.1416,0.2525,0.0,78.66666666666667,80.16666666666667,79.0,80.0,-3.749999999999998
014,2020,4,Mandera,2020-04-01,159.52,29.22,chirps+openmeteo,0.2968,0.1759,modis,125.82,wb_foodindex,81.0,fewsnet_prices,308319,0.8134,hdx_knbs,37.5,,mixed,Arid ASAL,1.0,6.123233995736766e-17,2.1393810495604573,64.22666666666667,54.616666666666674,31.92,0.98,-0.24919215043064577,31.02666666666666,29.39333333333333,32.04,30.31,0.6181278734190431,0.25053333333333333,0.313,0.2224,0.2827,0.4359038836849093,0.14906666666666668,0.19335,0.1297,0.174,0.8573061691110232,79.0,80.33333333333333,77.0,80.0,1.2499999999999956
014,2020,5,Mandera,2020-05-01,18.11,29.49,chirps+openmeteo,0.3872,0.2366,modis,125.82,wb_foodindex,81.25,,308319,0.8134,hdx_knbs,43.75,,mixed,Arid ASAL,0.8660254037844387,-0.4999999999999998,-0.3348497457558595,69.85000000000001,38.40833333333333,159.52,1.24,-0.11055616255355397,30.25,29.988333333333333,29.22,31.82,1.5992904641449233,0.30213333333333336,0.30588333333333334,0.2968,0.2324,1.4528582284455507,0.18073333333333333,0.18505000000000002,0.1759,0.1416,0.8664535404657709,79.75,79.70833333333333,81.0,79.0,2.848101265822778
014,2020,6,Mandera,2020-06-01,1.58,29.81,chirps+openmeteo,0.2861,0.1757,modis,125.82,wb_foodindex,81.5,,308319,0.8134,hdx_knbs,50.0,fewsnet_ipc,mixed,Arid ASAL,0.49999999999999994,-0.8660254037844387,-0.6097836661746286,59.73666666666667,35.55833333333334,18.11,31.92,0.05366076299492019,29.50666666666666,30.448333333333334,29.49,32.04,0.3389514381853777,0.32336666666666664,0.2846,0.3872,0.2224,0.31342461084531503,0.19606666666666664,0.17225000000000001,0.2366,0.1297,0.8776723312335577,81.25,79.95833333333333,81.25,77.0,5.844155844155852
014,2020,7,Mandera,2020-07-01,0.9,28.84,chirps+openmeteo,0.2372,0.15,modis,125.82,wb_foodindex,81.75,,308319,0.8134,hdx_knbs,43.75,,mixed,Arid ASAL,1.2246467991473532e-16,-1.0,-0.6002075400987955,6.863333333333333,35.545,1.58,159.52,-0.4496077591499999,29.379999999999995,30.20333333333333,29.81,29.22,-0.2742515212931192,0.30350000000000005,0.2770166666666667,0.2861,0.2968,-0.1719798106450765,0.18743333333333334,0.16825,0.1757,0.1759,0.890537729347159,81.5,80.25,81.5,81.0,0.92592592592593
014,2020,8,Mandera,2020-08-01,0.74,28.81,chirps+openmeteo,0.2161,0.1367,modis,125.82,wb_foodindex,82.0,fewsnet_prices,308319,0.8134,hdx_knbs,37.5,,mixed,Arid ASAL,-0.4999999999999997,-0.8660254037844388,-0.5831777962726042,1.0733333333333335,35.46166666666667,0.9,18.11,-0.4522307217448187,29.153333333333332,29.701666666666664,28.84,29.49,-0.5319411116168468,0.2464666666666667,0.2743,0.2372,0.3872,-0.4202419377262544,0.15413333333333332,0.16743333333333332,0.15,0.2366,0.9047074703776603,81.75,80.75,81.75,81.25,0.9230769230769154
014,2020,9,Mandera,2020-09-01,1.05,30.02,chirps+openmeteo,0.2083,0.1266,modis,125.82,wb_foodindex,84.0,fewsnet_prices,308319,0.8134,hdx_knbs,31.25,,mixed,Arid ASAL,-0.8660254037844385,-0.5000000000000004,-0.559401976304334,0.8966666666666666,30.316666666666666,0.74,1.58,0.21713151342541392,29.22333333333333,29.365,28.81,29.81,-0.6148569059654956,0.22053333333333333,0.27194999999999997,0.2161,0.2861,-0.6025758907512916,0.13776666666666665,0.16691666666666669,0.1367,0.1757,1.2812195897358734,82.58333333333333,81.91666666666667,82.0,81.5,3.0674846625766916
014,2020,10,Mandera,2020-10-01,35.24,29.88,chirps+openmeteo,0.2257,0.1412,modis,125.82,wb_foodindex,82.0,fewsnet_prices,308319,0.8134,hdx_knbs,25.0,fewsnet_ipc,mixed,Arid ASAL,-1.0,-1.8369701987210297e-16,0.10227938505343208,12.343333333333334,9.603333333333333,1.05,0.9,0.13407473611789691,29.569999999999993,29.474999999999998,30.02,28.84,-0.3704059883261945,0.2167,0.2601,0.2083,0.2372,-0.2979221998206758,0.13483333333333333,0.16113333333333332,0.1266,0.15,0.7925215885671509,82.66666666666667,82.08333333333333,84.0,81.75,0.3058103975535076
014,2020,11,Mandera,2020-11-01,14.42,27.42,chirps+openmeteo,0.2399,0.1492,modis,125.82,wb_foodindex,83.0,fewsnet_prices,308319,0.8134,hdx_knbs,31.25,,mixed,Arid ASAL,-0.8660254037844386,0.5000000000000001,-0.3047230448700128,16.903333333333332,8.988333333333335,35.24,0.74,-1.2313442972430073,29.106666666666666,29.129999999999995,29.88,28.81,-0.17089576568869497,0.22463333333333335,0.23555,0.2257,0.2161,-0.12855339429934634,0.13899999999999998,0.14656666666666665,0.1412,0.1367,0.9789143058113601,83.0,82.375,82.0,82.0,1.2195121951219523
014,2020,12,Mandera,2020-12-01,1.43,30.08,chirps+openmeteo,0.2143,0.1279,modis,125.82,wb_foodindex,82.0,fewsnet_prices,308319,0.8134,hdx_knbs,37.5,,mixed,Arid ASAL,-0.5000000000000004,0.8660254037844384,-0.5533293456713668,17.03,8.963333333333335,14.42,1.05,0.29686536570936095,29.126666666666665,29.174999999999997,27.42,30.02,-0.5179267515520806,0.22663333333333333,0.22358333333333336,0.2399,0.2083,-0.5663996654914599,0.13943333333333333,0.13859999999999997,0.1492,0.1266,0.7241636301848341,82.33333333333333,82.45833333333333,83.0,84.0,-2.3809523809523836
014,2021,1,Mandera,2021-01-01,1.2,30.55,chirps+openmeteo,0.2002,0.1187,modis,123.29,wb_foodindex,83.0,fewsnet_prices,308319,0.8134,hdx_knbs,43.75,,mixed,Arid ASAL,0.0,1.0,-0.5583137508425304,5.683333333333334,9.013333333333334,1.43,35.24,0.5669105047511771,29.349999999999998,29.460000000000004,30.08,29.88,-0.7020948209803336,0.21813333333333332,0.21741666666666667,0.2143,0.2257,-0.7463978972330403,0.13193333333333335,0.13338333333333333,0.1279,0.1412,0.9455936476467856,82.66666666666667,82.66666666666667,82.0,82.0,1.2195121951219523
014,2021,2,Mandera,2021-02-01,1.22,31.62,chirps+openmeteo,0.1938,0.1133,modis,123.29,wb_foodindex,82.0,fewsnet_prices,308319,0.8134,hdx_knbs,50.0,fewsnet_ipc,mixed,Arid ASAL,0.49999999999999994,0.8660254037844387,-0.557639473508637,1.2833333333333332,9.093333333333335,1.2,14.42,1.2105536429203188,30.75,29.92833333333333,30.55,27.42,-0.7895413699095796,0.20276666666666665,0.2137,0.2002,0.2399,-0.8543946993934446,0.11996666666666667,0.12948333333333334,0.1187,0.1492,0.6386798958060759,82.33333333333333,82.66666666666667,83.0,83.0,-1.2048192771084376
014,2021,3,Mandera,2021-03-01,5.53,31.91,chirps+openmeteo,0.1925,0.1144,modis,123.29,wb_foodindex,82.0,fewsnet_prices,308319,0.8134,hdx_knbs,43.75,,mixed,Arid ASAL,0.8660254037844386,0.5000000000000001,-0.46956174138607604,2.65,9.84,1.22,1.43,1.4141358603966447,31.36,30.243333333333336,31.62,30.08,-0.8082964681289917,0.1955,0.21106666666666665,0.1938,0.2143,-0.8316598205078853,0.11546666666666666,0.12745,0.1133,0.1279,0.5758240417047726,82.33333333333333,82.33333333333333,82.0,82.0,0.0
014,2021,4,Mandera,2021-04-01,97.88,29.54,chirps+openmeteo,0.1921,0.126,modis,123.29,wb_foodindex,84.0,fewsnet_prices,308319,0.8134,hdx_knbs,37.5,,mixed,Arid ASAL,1.0,6.123233995736766e-17,1.3465874328454468,34.876666666666665,20.279999999999998,5.53,1.2,0.03957017674978048,31.02333333333333,30.186666666666667,31.91,30.55,-0.8156898806935086,0.1928,0.2054666666666667,0.1925,0.2002,-0.5978398667378199,0.1179,0.12491666666666666,0.1144,0.1187,1.2134312010859716,82.66666666666667,82.66666666666667,82.0,83.0,1.2048192771084265
014,2021,5,Mandera,2021-05-01,44.35,28.57,chirps+openmeteo,0.2912,0.1925,modis,123.29,wb_foodindex,83.0,fewsnet_prices,308319,0.8134,hdx_knbs,31.25,,mixed,Arid ASAL,0.8660254037844387,-0.4999999999999998,0.2883121708500616,49.25333333333333,25.26833333333333,97.88,1.22,-0.5678028091986197,30.006666666666664,30.37833333333333,29.54,31.62,0.5580209880954692,0.22526666666666664,0.21401666666666666,0.1921,0.1938,0.7879073859861524,0.14429999999999998,0.13213333333333335,0.126,0.1133,0.794497152532769,83.0,82.66666666666667,84.0,82.0,1.2195121951219523
014,2021,6,Mandera,2021-06-01,1.35,29.11,chirps+openmeteo,0.2403,0.1483,modis,123.29,wb_foodindex,83.0,fewsnet_prices,308319,0.8134,hdx_knbs,25.0,fewsnet_ipc,mixed,Arid ASAL,0.49999999999999994,-0.8660254037844387,-0.5685513919648313,47.85999999999999,25.254999999999995,44.35,5.53,-0.21735501905790192,29.073333333333334,30.21666666666667,28.57,31.91,-0.17301414151163277,0.2412,0.21835000000000002,0.2912,0.1925,-0.15854746701420958,0.1556,0.13553333333333334,0.1925,0.1144,0.7650793980719964,83.33333333333333,82.83333333333333,83.0,82.0,1.2195121951219523
014,2021,7,Mandera,2021-07-01,0.61,28.25,chirps+openmeteo,0.2001,0.1258,modis,123.29,wb_foodindex,83.0,fewsnet_prices,308319,0.8134,hdx_knbs,31.25,,mixed,Arid ASAL,1.2246467991473532e-16,-1.0,-0.5827137409034232,15.436666666666667,25.156666666666666,1.35,97.88,-0.7267398663354461,28.64333333333333,29.833333333333332,29.11,29.54,-0.7463127338409268,0.24386666666666668,0.21833333333333335,0.2403,0.1921,-0.6454969194751404,0.15553333333333333,0.13671666666666668,0.1483,0.126,0.7390956547715501,83.0,82.83333333333333,83.0,84.0,-1.1904761904761862
014,2021,8,Mandera,2021-08-01,0.65,29.24,chirps+openmeteo,0.1943,0.1171,modis,123.29,wb_foodindex,82.0,fewsnet_prices,308319,0.8134,hdx_knbs,37.5,,mixed,Arid ASAL,-0.4999999999999997,-0.8660254037844388,-0.5818158231546309,0.8700000000000001,25.061666666666667,0.61,44.35,-0.11079201288432577,28.866666666666664,29.436666666666664,28.25,28.57,-0.831016888278317,0.21156666666666668,0.2184166666666667,0.2001,0.2912,-0.8420454344700626,0.1304,0.13735,0.1258,0.1925,0.13172410357757317,82.66666666666667,82.83333333333333,83.0,83.0,-1.2048192771084376
014,2021,9,Mandera,2021-09-01,1.06,30.03,chirps+openmeteo,0.1864,0.1142,modis,123.29,wb_foodindex,84.0,fewsnet_prices,308319,0.8134,hdx_knbs,43.75,,mixed,Arid ASAL,-0.8660254037844385,-0.5000000000000004,-0.57282638386173,0.7733333333333334,24.316666666666666,0.65,1.35,0.37694164570456223,29.173333333333332,29.12333333333333,29.24,29.11,-0.9465504188514129,0.1936,0.2174,0.1943,0.2403,-0.9150627402658874,0.11903333333333332,0.13731666666666667,0.1171,0.1483,1.1761484085801772,83.0,83.16666666666667,82.0,83.0,1.2048192771084265
014,2021,10,Mandera,2021-10-01,13.35,30.45,chirps+openmeteo,0.1959,0.116,modis,123.29,wb_foodindex,88.0,fewsnet_prices,308319,0.8134,hdx_knbs,50.0,fewsnet_ipc,mixed,Arid ASAL,-1.0,-1.8369701987210297e-16,-0.24709960330881742,5.0200000000000005,10.228333333333333,1.06,0.61,0.5739325877885136,29.906666666666666,29.275000000000002,30.03,28.25,-0.7520652861235125,0.1922,0.21803333333333333,0.1864,0.2001,-0.8096185116105031,0.11576666666666664,0.13565,0.1142,0.1258,2.705866306696143,84.66666666666667,83.83333333333333,84.0,83.0,6.024096385542177
014,2021,11,Mandera,2021-11-01,19.35,30.11,chirps+openmeteo,0.2045,0.1221,modis,123.29,wb_foodindex,85.0,fewsnet_prices,308319,0.8134,hdx_knbs,50.0,,mixed,Arid ASAL,-0.8660254037844386,0.5000000000000001,-0.008970347136473603,11.253333333333336,6.061666666666667,13.35,0.65,0.27214207028549,30.196666666666662,29.531666666666666,30.45,29.24,-0.5886590547544533,0.1956,0.20358333333333334,0.1959,0.1943,-0.6620033365420634,0.11743333333333333,0.12391666666666666,0.116,0.1171,1.299206566030999,85.66666666666667,84.16666666666667,88.0,82.0,3.658536585365857
014,2021,12,Mandera,2021-12-01,2.4,30.14,chirps+openmeteo,0.2276,0.1402,modis,123.29,wb_foodindex,85.0,fewsnet_prices,308319,0.8134,hdx_knbs,50.0,,mixed,Arid ASAL,-0.5000000000000004,0.8660254037844384,-0.4470254881299644,11.700000000000001,6.236666666666667,19.35,1.06,0.21857597945237442,30.23333333333333,29.703333333333333,30.11,30.03,-0.09350759710211476,0.2093333333333333,0.20146666666666668,0.2045,0.1864,-0.06792730575270435,0.1261,0.12256666666666667,0.1221,0.1142,1.192063705379461,86.0,84.5,85.0,84.0,1.1904761904761862
014,2022,1,Mandera,2022-01-01,1.14,30.88,chirps+openmeteo,0.2035,0.1226,modis,112.38,wb_foodindex,88.0,fewsnet_prices,308319,0.8134,hdx_knbs,50.0,,mixed,Arid ASAL,0.0,1.0,-0.48117256686832116,7.63,6.325,2.4,13.35,0.8240651930945772,30.376666666666665,30.141666666666666,30.14,30.45,-0.5464893461942537,0.21186666666666665,0.20203333333333331,0.2276,0.1959,-0.5939036609762465,0.1283,0.12203333333333333,0.1402,0.116,2.2113184760576354,86.0,85.33333333333333,85.0,88.0,0.0
014,2022,2,Mandera,2022-02-01,1.53,31.51,chirps+openmeteo,0.1857,0.11,modis,112.38,wb_foodindex,90.0,fewsnet_prices,308319,0.8134,hdx_knbs,50.0,fewsnet_ipc,mixed,Arid ASAL,0.49999999999999994,0.8660254037844387,-0.47107260986862937,1.6900000000000002,6.471666666666667,1.14,19.35,1.3941028236247515,30.84333333333333,30.52,30.88,30.11,-0.8748385670176864,0.2056,0.20059999999999997,0.2035,0.2045,-0.9564887640613431,0.12426666666666668,0.12085,0.1226,0.1221,2.5542639160764398,87.66666666666667,86.66666666666667,88.0,85.0,5.882352941176472
014,2022,3,Mandera,2022-03-01,8.32,32.03,chirps+openmeteo,0.182,0.1079,modis,112.38,wb_foodindex,91.0,fewsnet_prices,308319,0.8134,hdx_knbs,50.0,,mixed,Arid ASAL,0.8660254037844386,0.5000000000000001,-0.2620421030149767,3.6633333333333336,7.6816666666666675,1.53,2.4,1.845083236890104,31.47333333333333,30.853333333333335,31.51,30.14,-0.9009308646648445,0.19039999999999999,0.19986666666666666,0.1857,0.2276,-0.9763360329393543,0.1135,0.1198,0.11,0.1402,2.6054574108863826,89.66666666666667,87.83333333333333,90.0,85.0,7.058823529411762
014,2022,4,Mandera,2022-04-01,52.46,31.35,chirps+openmeteo,0.184,0.1146,modis,112.38,wb_foodindex,92.0,fewsnet_prices,308319,0.8134,hdx_knbs,50.0,,mixed,Arid ASAL,1.0,6.123233995736766e-17,1.679442154740767,20.77,14.200000000000001,8.32,1.14,1.1531557728141923,31.629999999999995,31.00333333333333,32.03,30.88,-0.7913993741072632,0.18389999999999998,0.19788333333333333,0.182,0.2035,-0.6920258615904411,0.11083333333333334,0.11956666666666667,0.1079,0.1226,2.448895333290827,91.0,88.5,91.0,88.0,4.545454545454541
014,2022,5,Mandera,2022-05-01,20.48,29.69,chirps+openmeteo,0.2319,0.1455,modis,112.38,wb_foodindex,91.0,fewsnet_prices,308319,0.8134,hdx_knbs,50.0,,mixed,Arid ASAL,0.8660254037844387,-0.4999999999999998,0.2935381748593926,27.08666666666667,14.388333333333334,52.46,1.53,-0.2568940152593352,31.02333333333333,30.933333333333334,31.35,31.51,0.6123354600331897,0.1993,0.20245000000000002,0.184,0.1857,0.6667034341303553,0.12266666666666666,0.12346666666666667,0.1146,0.11,1.8758730653128481,91.33333333333333,89.5,92.0,90.0,1.1111111111111072
014,2022,6,Mandera,2022-06-01,1.5,28.89,chirps+openmeteo,0.1967,0.1211,modis,112.38,wb_foodindex,93.0,fewsnet_prices,308319,0.8134,hdx_knbs,50.0,fewsnet_ipc,mixed,Arid ASAL,0.49999999999999994,-0.8660254037844387,-0.5251921564807966,24.813333333333336,14.238333333333335,20.48,8.32,-0.8862218936658441,29.976666666666663,30.724999999999998,29.69,32.03,-0.5343845408612216,0.20420000000000002,0.1973,0.2319,0.182,-0.43288503041796017,0.12706666666666666,0.12028333333333334,0.1455,0.1079,2.119573795573422,92.0,90.83333333333333,91.0,91.0,2.19780219780219
014,2022,7,Mandera,2022-07-01,0.78,27.98,chirps+openmeteo,0.1859,0.1103,modis,112.38,wb_foodindex,94.0,fewsnet_prices,308319,0.8134,hdx_knbs,50.0,,mixed,Arid ASAL,1.2246467991473532e-16,-1.0,-0.5559700153822557,7.586666666666667,14.178333333333335,1.5,52.46,-1.5533947276331683,28.853333333333328,30.241666666666664,28.89,31.35,-0.8855413904018509,0.20483333333333334,0.19436666666666666,0.1967,0.184,-0.9267663213209789,0.12563333333333335,0.11823333333333334,0.1211,0.1146,2.0628806590253013,92.66666666666667,91.83333333333333,93.0,92.0,2.1739130434782705
014,2022,8,Mandera,2022-08-01,0.73,28.64,chirps+openmeteo,0.1835,0.1093,modis,112.38,wb_foodindex,97.0,fewsnet_prices,308319,0.8134,hdx_knbs,50.0,,mixed,Arid ASAL,-0.4999999999999997,-0.8660254037844388,-0.5581030748527385,1.0033333333333332,14.045,0.78,20.48,-1.013312667078659,28.50333333333333,29.763333333333335,27.98,29.69,-0.9117126044797959,0.1887,0.19399999999999998,0.1859,0.2319,-0.9067812737498896,0.11356666666666665,0.11811666666666666,0.1103,0.1455,2.341704403694006,94.66666666666667,93.0,94.0,91.0,6.593406593406592
014,2022,9,Mandera,2022-09-01,1.05,29.81,chirps+openmeteo,0.176,0.1081,modis,112.38,wb_foodindex,97.0,fewsnet_prices,308319,0.8134,hdx_knbs,50.0,,mixed,Arid ASAL,-0.8660254037844385,-0.5000000000000004,-0.5442992308062696,0.8533333333333334,12.833333333333334,0.73,1.5,-0.07435035272266319,28.81,29.393333333333334,28.64,28.89,-1.1205353242113272,0.1818,0.19300000000000003,0.1835,0.1967,-0.9117773639961265,0.10923333333333334,0.11814999999999999,0.1093,0.1211,2.018757279214352,96.0,94.0,97.0,93.0,4.3010752688172005
014,2022,10,Mandera,2022-10-01,34.37,28.16,chirps+openmeteo,0.175,0.1112,modis,112.38,wb_foodindex,100.0,fewsnet_prices,308319,0.8134,hdx_knbs,50.0,fewsnet_ipc,mixed,Arid ASAL,-1.0,-1.8369701987210297e-16,0.895924817514068,12.049999999999999,9.818333333333333,1.05,0.78,-1.2811381263064716,28.869999999999994,28.861666666666668,29.81,27.98,-1.0646724973768535,0.17816666666666667,0.1915,0.176,0.1859,-0.6889317713993117,0.10953333333333332,0.11758333333333332,0.1081,0.1103,2.2194888292041672,98.0,95.33333333333333,97.0,94.0,6.382978723404253
014,2022,11,Mandera,2022-11-01,6.46,29.24,chirps+openmeteo,0.195,0.1288,modis,112.38,wb_foodindex,100.0,fewsnet_prices,308319,0.8134,hdx_knbs,50.0,,mixed,Arid ASAL,-0.8660254037844386,0.5000000000000001,-0.29492165580087926,13.96,7.481666666666666,34.37,0.73,-0.5526306252394596,29.069999999999993,28.786666666666665,28.16,28.64,-0.2503433916815385,0.18199999999999997,0.18535000000000001,0.175,0.1835,0.2822558048318308,0.11603333333333332,0.1148,0.1112,0.1093,1.9362960386190242,99.0,96.83333333333333,100.0,97.0,3.092783505154628
014,2022,12,Mandera,2022-12-01,2.03,30.06,chirps+openmeteo,0.1865,0.1112,modis,112.38,wb_foodindex,103.0,fewsnet_prices,308319,0.8134,hdx_knbs,50.0,,mixed,Arid ASAL,-0.5000000000000004,0.8660254037844384,-0.4872825845631897,14.286666666666667,7.57,6.46,1.05,0.12695868958994852,29.153333333333325,28.981666666666666,29.24,29.81,-0.5394067528874924,0.1855,0.18365,0.195,0.176,-0.6267626803089742,0.11706666666666665,0.11314999999999999,0.1288,0.1081,2.098628532327721,101.0,98.5,100.0,97.0,6.185567010309279
015,2019,1,Marsabit,2019-01-01,14.88,22.48,chirps+openmeteo,0.2306,0.1204,modis,107.28,wb_foodindex,36.75,fewsnet_prices,1180583,0.6356,hdx_knbs,25.0,,mixed,Arid ASAL,0.0,1.0,,14.88,14.88,,,,22.48,22.48,,,,0.2306,0.2306,,,,0.1204,0.1204,,,,36.75,36.75,,,
015,2019,2,Marsabit,2019-02-01,15.31,22.75,chirps+openmeteo,0.2025,0.1053,modis,107.28,wb_foodindex,38.25,fewsnet_prices,1180583,0.6356,hdx_knbs,25.0,fewsnet_ipc,mixed,Arid ASAL,0.49999999999999994,0.8660254037844387,,15.095,15.095,14.88,,,22.615000000000002,22.615000000000002,22.48,,,0.21655000000000002,0.21655000000000002,0.2306,,,0.11285,0.11285,0.1204,,,37.5,37.5,36.75,,
015,2019,3,Marsabit,2019-03-01,22.73,23.19,chirps+openmeteo,0.2046,0.1039,modis,107.28,wb_foodindex,44.12,fewsnet_prices,1180583,0.6356,hdx_knbs,31.25,,mixed,Arid ASAL,0.8660254037844386,0.5000000000000001,,17.64,17.64,15.31,,,22.80666666666667,22.80666666666667,22.75,,,0.21256666666666668,0.21256666666666668,0.2025,,,0.10986666666666667,0.10986666666666667,0.1053,,,39.70666666666667,39.70666666666667,38.25,,
015,2019,4,Marsabit,2019-04-01,82.45,22.24,chirps+openmeteo,0.2029,0.107,modis,107.28,wb_foodindex,48.25,fewsnet_prices,1180583,0.6356,hdx_knbs,37.5,,mixed,Arid ASAL,1.0,6.123233995736766e-17,,40.163333333333334,33.8425,22.73,14.88,,22.726666666666663,22.665,23.19,22.48,,0.20333333333333334,0.21015,0.2046,0.2306,,0.1054,0.10915,0.1039,0.1204,,43.54,41.8425,44.12,36.75,31.29251700680271
015,2019,5,Marsabit,2019-05-01,17.82,21.07,chirps+openmeteo,0.2496,0.1323,modis,107.28,wb_foodindex,48.0,fewsnet_prices,1180583,0.6356,hdx_knbs,43.75,,mixed,Arid ASAL,0.8660254037844387,-0.4999999999999998,,41.0,30.637999999999998,82.45,15.31,,22.166666666666668,22.346,22.24,22.75,,0.21903333333333333,0.21804,0.2029,0.2025,,0.1144,0.11377999999999999,0.107,0.1053,,46.79,43.074,48.25,38.25,25.49019607843137
015,2019,6,Marsabit,2019-06-01,1.02,20.99,chirps+openmeteo,0.217,0.1108,modis,107.28,wb_foodindex,47.0,fewsnet_prices,1180583,0.6356,hdx_knbs,50.0,fewsnet_ipc,mixed,Arid ASAL,0.49999999999999994,-0.8660254037844387,-0.859242359865093,33.763333333333335,25.701666666666668,17.82,22.73,-1.2532060626261499,21.433333333333334,22.12,21.07,23.19,-0.04560098404207655,0.22316666666666665,0.21786666666666665,0.2496,0.2046,-0.22488420573430018,0.11670000000000001,0.11328333333333333,0.1323,0.1039,0.6459664845159615,47.75,43.72833333333333,48.0,44.12,6.52765185856754
015,2019,7,Marsabit,2019-07-01,2.66,20.29,chirps+openmeteo,0.1932,0.0995,modis,107.28,wb_foodindex,49.25,fewsnet_prices,1180583,0.6356,hdx_knbs,50.0,,mixed,Arid ASAL,1.2246467991473532e-16,-1.0,-0.7147890027267427,7.166666666666662,23.665000000000003,1.02,82.45,-1.458932579701374,20.783333333333335,21.755,20.99,22.24,-1.0734680541612305,0.21993333333333331,0.21163333333333334,0.217,0.2029,-1.0411665282846734,0.11420000000000001,0.10980000000000001,0.1108,0.107,0.9330096643177672,48.083333333333336,45.81166666666667,47.0,48.25,2.0725388601036343
015,2019,8,Marsabit,2019-08-01,1.54,20.51,chirps+openmeteo,0.1858,0.0929,modis,107.28,wb_foodindex,49.75,fewsnet_prices,1180583,0.6356,hdx_knbs,50.0,,mixed,Arid ASAL,-0.4999999999999997,-0.8660254037844388,-0.6858992646812363,1.7399999999999956,21.37,2.66,17.82,-1.0691358583093755,20.596666666666668,21.381666666666664,20.29,21.07,-1.1983621505249549,0.19866666666666666,0.20884999999999998,0.1932,0.2496,-1.3036847182160227,0.10106666666666668,0.10773333333333333,0.0995,0.1323,0.9071030135602863,48.666666666666664,47.72833333333333,49.25,48.0,3.645833333333326
015,2019,9,Marsabit,2019-09-01,1.75,20.99,chirps+openmeteo,0.1828,0.0923,modis,107.28,wb_foodindex,50.25,fewsnet_prices,1180583,0.6356,hdx_knbs,50.0,,mixed,Arid ASAL,-0.8660254037844385,-0.5000000000000004,-0.6262689349037389,1.983333333333329,17.873333333333335,1.54,1.02,-0.5878609074382521,20.596666666666668,21.015,20.51,20.99,-1.150682862690116,0.1872666666666667,0.20521666666666669,0.1858,0.217,-1.1575904008257483,0.09489999999999998,0.1058,0.0929,0.1108,0.900013389582177,49.75,48.75,49.75,47.0,6.914893617021267
015,2019,10,Marsabit,2019-10-01,163.32,19.43,chirps+openmeteo,0.245,0.1449,modis,107.28,wb_foodindex,52.5,fewsnet_prices,1180583,0.6356,hdx_knbs,50.0,fewsnet_ipc,mixed,Arid ASAL,-1.0,-1.8369701987210297e-16,2.519983915069561,55.53666666666666,31.35166666666667,1.75,2.66,-1.6187521809575716,20.31,20.546666666666667,20.99,20.29,1.4268891730807214,0.20453333333333332,0.21223333333333336,0.1828,0.1932,1.9987344637292457,0.11003333333333333,0.11211666666666668,0.0923,0.0995,1.1729353970556589,50.833333333333336,49.458333333333336,50.25,49.25,6.598984771573613
015,2019,11,Marsabit,2019-11-01,122.57,19.43,chirps+openmeteo,0.5181,0.325,modis,107.28,wb_foodindex,49.0,fewsnet_prices,1180583,0.6356,hdx_knbs,43.75,,mixed,Arid ASAL,-0.8660254037844386,0.5000000000000001,1.4565128788581043,95.88,48.81,163.32,1.54,-1.3793536856354986,19.95,20.27333333333333,19.43,20.51,2.9308069483359818,0.31529999999999997,0.25698333333333334,0.245,0.1858,2.9252234252989804,0.1874,0.14423333333333332,0.1449,0.0929,0.4719152244019384,50.583333333333336,49.625,52.5,49.75,-1.5075376884422065
015,2019,12,Marsabit,2019-12-01,75.49,20.16,chirps+openmeteo,0.569,0.3562,modis,107.28,wb_foodindex,45.0,fewsnet_prices,1180583,0.6356,hdx_knbs,37.5,,mixed,Arid ASAL,-0.5000000000000004,0.8660254037844384,0.5862654853060046,120.46,61.22166666666667,122.57,1.75,-0.7610751587584712,19.673333333333332,20.135,19.43,20.99,2.29875521532287,0.4440333333333333,0.31565,0.5181,0.1828,2.2757673665806477,0.2753666666666667,0.18513333333333334,0.325,0.0923,-0.31608463399167624,48.833333333333336,49.291666666666664,49.0,50.25,-10.447761194029848
015,2020,1,Marsabit,2020-01-01,39.53,20.83,chirps+openmeteo,0.4274,0.234,modis,125.82,wb_foodindex,45.0,fewsnet_prices,1180583,0.6356,hdx_knbs,31.25,,mixed,Arid ASAL,0.0,1.0,-0.06937044717843495,79.19666666666666,67.36666666666666,75.49,163.32,-0.22511270826517396,20.14,20.225,20.16,19.43,1.1104547868726098,0.5048333333333334,0.3546833333333333,0.569,0.245,0.8677104223895511,0.30506666666666665,0.20754999999999998,0.3562,0.1449,-0.3034747636983722,46.333333333333336,48.583333333333336,45.0,52.5,-14.28571428571429
015,2020,2,Marsabit,2020-02-01,9.44,21.9,chirps+openmeteo,0.3419,0.1898,modis,125.82,wb_foodindex,43.0,fewsnet_prices,1180583,0.6356,hdx_knbs,25.0,fewsnet_ipc,mixed,Arid ASAL,0.49999999999999994,0.8660254037844387,-0.613145644234859,41.486666666666665,68.68333333333332,39.53,122.57,0.6200410981689116,20.963333333333335,20.456666666666667,20.83,19.43,0.45057933673320727,0.44609999999999994,0.38070000000000004,0.4274,0.5181,0.3630433708949359,0.26,0.2237,0.234,0.325,-0.6995361547788418,44.333333333333336,47.458333333333336,45.0,49.0,-12.244897959183676
015,2020,3,Marsabit,2020-03-01,87.15,21.93,chirps+openmeteo,0.2802,0.1522,modis,125.82,wb_foodindex,43.0,fewsnet_prices,1180583,0.6356,hdx_knbs,25.0,,mixed,Arid ASAL,0.8660254037844386,0.5000000000000001,0.8550807343426903,45.373333333333335,82.91666666666667,9.44,75.49,0.615808989184165,21.55333333333333,20.613333333333333,21.9,20.16,-0.02545071497782585,0.3498333333333334,0.3969333333333333,0.3419,0.569,-0.06628196920280142,0.19200000000000003,0.23368333333333335,0.1898,0.3562,-0.6659493997977496,43.666666666666664,46.25,43.0,45.0,-4.444444444444439
015,2020,4,Marsabit,2020-04-01,261.76,20.64,chirps+openmeteo,0.3818,0.2345,modis,125.82,wb_foodindex,47.0,fewsnet_prices,1180583,0.6356,hdx_knbs,25.0,,mixed,Arid ASAL,1.0,6.123233995736766e-17,2.789971536771554,119.45,99.32333333333334,87.15,39.53,-0.4732531782304132,21.49,20.815,21.93,20.83,0.7505378415616202,0.33463333333333334,0.41973333333333335,0.2802,0.4274,0.8628310109028622,0.19216666666666668,0.24861666666666668,0.1522,0.234,0.23215352766204742,44.333333333333336,45.333333333333336,43.0,45.0,4.444444444444451
015,2020,5,Marsabit,2020-05-01,15.71,20.88,chirps+openmeteo,0.4689,0.2779,modis,125.82,wb_foodindex,46.5,,1180583,0.6356,hdx_knbs,25.0,,mixed,Arid ASAL,0.8660254037844387,-0.4999999999999998,-0.5486998845367671,121.54,81.51333333333334,261.76,9.44,-0.25383313887511383,21.15,21.05666666666667,20.64,21.9,1.332028041641732,0.37696666666666667,0.4115333333333333,0.3818,0.3419,1.270580899972797,0.22153333333333333,0.24076666666666668,0.2345,0.1898,0.11193236740983653,45.5,44.916666666666664,47.0,43.0,8.139534883720923
015,2020,6,Marsabit,2020-06-01,2.26,20.5,chirps+openmeteo,0.316,0.1731,modis,125.82,wb_foodindex,46.0,,1180583,0.6356,hdx_knbs,25.0,fewsnet_ipc,mixed,Arid ASAL,0.49999999999999994,-0.8660254037844387,-0.7057787588664456,93.24333333333335,69.30833333333335,15.71,87.15,-0.5770979457734592,20.673333333333332,21.113333333333333,20.88,21.93,0.1222526779661315,0.3889,0.3693666666666667,0.4689,0.2802,0.04276107739858872,0.2285,0.21025000000000002,0.2779,0.1522,-0.008573557262490846,46.5,45.083333333333336,46.5,43.0,6.976744186046502
015,2020,7,Marsabit,2020-07-01,4.31,20.13,chirps+openmeteo,0.2538,0.1354,modis,125.82,wb_foodindex,45.5,,1180583,0.6356,hdx_knbs,25.0,,mixed,Arid ASAL,1.2246467991473532e-16,-1.0,-0.6514443921834386,7.426666666666686,63.43833333333333,2.26,261.76,-0.8763788665568241,20.50333333333333,20.996666666666666,20.5,20.64,-0.3722082561809847,0.34623333333333334,0.34043333333333337,0.316,0.3818,-0.39980431550070694,0.19546666666666668,0.19381666666666666,0.1731,0.2345,-0.12961673852348962,46.0,45.166666666666664,46.0,47.0,-3.1914893617021267
015,2020,8,Marsabit,2020-08-01,2.33,20.15,chirps+openmeteo,0.234,0.1293,modis,125.82,wb_foodindex,45.0,fewsnet_prices,1180583,0.6356,hdx_knbs,25.0,,mixed,Arid ASAL,-0.4999999999999997,-0.8660254037844388,-0.6556992168494166,2.966666666666685,62.25333333333334,4.31,15.71,-0.8213894151262529,20.26,20.705000000000002,20.13,20.88,-0.5203353018254235,0.2679333333333333,0.32245,0.2538,0.4689,-0.46104625054206666,0.14593333333333333,0.18373333333333333,0.1354,0.2779,-0.25100293099390986,45.5,45.5,45.5,46.5,-3.2258064516129004
015,2020,9,Marsabit,2020-09-01,1.9,20.91,chirps+openmeteo,0.2229,0.1182,modis,125.82,wb_foodindex,45.0,fewsnet_prices,1180583,0.6356,hdx_knbs,25.0,,mixed,Arid ASAL,-0.8660254037844385,-0.5000000000000004,-0.6398487711803289,2.8466666666666853,48.04500000000001,2.33,2.26,-0.10505526359816764,20.396666666666665,20.535,20.15,20.5,-0.5949573554567065,0.2369,0.3129,0.234,0.316,-0.5821200390057794,0.12763333333333332,0.17806666666666668,0.1293,0.1731,-0.24487419235851335,45.166666666666664,45.833333333333336,45.0,46.0,-2.1739130434782594
015,2020,10,Marsabit,2020-10-01,67.17,21.67,chirps+openmeteo,0.221,0.1184,modis,125.82,wb_foodindex,44.0,fewsnet_prices,1180583,0.6356,hdx_knbs,25.0,fewsnet_ipc,mixed,Arid ASAL,-1.0,-1.8369701987210297e-16,0.3201323642097065,23.800000000000022,15.613333333333344,1.9,4.31,0.607720660781412,20.91,20.706666666666667,20.91,20.13,-0.5927206353217951,0.22596666666666665,0.2861,0.2229,0.2538,-0.5623821859875793,0.12196666666666667,0.15871666666666667,0.1182,0.1354,-0.4994455864019154,44.666666666666664,45.333333333333336,45.0,45.5,-3.296703296703296
015,2020,11,Marsabit,2020-11-01,45.05,19.79,chirps+openmeteo,0.3011,0.1779,modis,125.82,wb_foodindex,44.0,fewsnet_prices,1180583,0.6356,hdx_knbs,31.25,,mixed,Arid ASAL,-0.8660254037844386,0.5000000000000001,-0.014839864430228207,38.04000000000002,20.50333333333334,67.17,2.33,-1.1656321055733876,20.79,20.525000000000002,21.67,20.15,0.10736557712169731,0.24833333333333332,0.2581333333333333,0.221,0.234,0.20904732315042016,0.13816666666666666,0.14205,0.1184,0.1293,-0.4862184311910566,44.333333333333336,44.916666666666664,44.0,45.0,-2.2222222222222254
015,2020,12,Marsabit,2020-12-01,40.64,21.38,chirps+openmeteo,0.316,0.1764,modis,125.82,wb_foodindex,47.0,fewsnet_prices,1180583,0.6356,hdx_knbs,37.5,,mixed,Arid ASAL,-0.5000000000000004,0.8660254037844384,-0.08157021247791475,50.953333333333354,26.90000000000001,45.05,1.9,0.36517659381628154,20.94666666666667,20.671666666666667,19.79,20.91,0.23591470112402832,0.2793666666666667,0.2581333333333334,0.3011,0.2229,0.18509229535104263,0.15756666666666666,0.14259999999999998,0.1779,0.1182,0.34204338932670875,45.0,45.083333333333336,44.0,45.0,4.444444444444451
015,2021,1,Marsabit,2021-01-01,9.43,22.11,chirps+openmeteo,0.2606,0.1367,modis,123.29,wb_foodindex,54.0,fewsnet_prices,1180583,0.6356,hdx_knbs,43.75,,mixed,Arid ASAL,0.0,1.0,-0.5718394214605603,31.70666666666669,27.753333333333345,40.64,67.17,1.12387770036653,21.093333333333334,21.00166666666667,21.38,21.67,-0.28459644799781164,0.29256666666666664,0.25926666666666665,0.316,0.221,-0.3668056544347281,0.16366666666666665,0.14281666666666668,0.1764,0.1184,2.23592111520056,48.333333333333336,46.5,47.0,44.0,22.72727272727273
015,2021,2,Marsabit,2021-02-01,13.47,23.13,chirps+openmeteo,0.2209,0.114,modis,123.29,wb_foodindex,51.9,fewsnet_prices,1180583,0.6356,hdx_knbs,50.0,fewsnet_ipc,mixed,Arid ASAL,0.49999999999999994,0.8660254037844387,-0.506360451093706,21.180000000000017,29.61000000000001,9.43,45.05,2.0694659698189732,22.206666666666667,21.498333333333335,22.11,19.79,-0.6608590452180503,0.2658333333333333,0.25708333333333333,0.2606,0.3011,-0.6851348153226038,0.14236666666666667,0.14026666666666668,0.1367,0.1779,1.5913684134305277,50.96666666666666,47.65,54.0,44.0,17.954545454545446
015,2021,3,Marsabit,2021-03-01,13.88,22.75,chirps+openmeteo,0.2152,0.1089,modis,123.29,wb_foodindex,50.75,fewsnet_prices,1180583,0.6356,hdx_knbs,50.0,,mixed,Arid ASAL,0.8660254037844386,0.5000000000000001,-0.49276225486317676,12.26000000000002,31.60666666666668,13.47,40.64,1.7815036180274744,22.663333333333338,21.804999999999996,23.13,21.38,-0.720081748535271,0.23223333333333332,0.25579999999999997,0.2209,0.316,-0.7598776681236752,0.11986666666666668,0.13871666666666668,0.114,0.1764,1.1126464162086271,52.21666666666666,48.60833333333333,51.9,47.0,7.978723404255317
015,2021,4,Marsabit,2021-04-01,46.37,20.95,chirps+openmeteo,0.1811,0.1009,modis,123.29,wb_foodindex,50.0,fewsnet_prices,1180583,0.6356,hdx_knbs,50.0,,mixed,Arid ASAL,1.0,6.123233995736766e-17,0.04393950647181771,24.573333333333352,28.14000000000001,13.88,9.43,0.012276966347509972,22.276666666666667,21.685,22.75,22.11,-1.0200964843305946,0.20573333333333332,0.24914999999999998,0.2152,0.2606,-0.8639663801748076,0.10793333333333333,0.1358,0.1089,0.1367,0.8308312602040046,50.883333333333326,49.60833333333333,50.75,54.0,-7.4074074074074066
015,2021,5,Marsabit,2021-05-01,32.6,20.55,chirps+openmeteo,0.2691,0.1361,modis,123.29,wb_foodindex,51.0,fewsnet_prices,1180583,0.6356,hdx_knbs,50.0,,mixed,Arid ASAL,0.8660254037844387,-0.4999999999999998,-0.18540729355685387,30.950000000000017,26.06500000000001,46.37,13.47,-0.38471744098759836,21.416666666666668,21.811666666666667,20.95,23.13,-0.21721151051145782,0.2218,0.24381666666666668,0.1811,0.2209,-0.38309987619527236,0.1153,0.12883333333333333,0.1009,0.114,1.084752477923547,50.583333333333336,50.775,50.0,51.9,-1.7341040462427681
015,2021,6,Marsabit,2021-06-01,1.92,19.93,chirps+openmeteo,0.239,0.1229,modis,123.29,wb_foodindex,53.75,fewsnet_prices,1180583,0.6356,hdx_knbs,50.0,fewsnet_ipc,mixed,Arid ASAL,0.49999999999999994,-0.8660254037844387,-0.675696792045789,26.963333333333352,19.611666666666675,32.6,13.88,-0.9677899471357433,20.476666666666667,21.569999999999997,20.55,22.75,-0.5063930157918045,0.22973333333333334,0.23098333333333332,0.2691,0.2152,-0.5741812663909617,0.11996666666666667,0.11991666666666667,0.1361,0.1089,1.7325844830767516,51.583333333333336,51.9,51.0,50.75,5.9113300492610765
015,2021,7,Marsabit,2021-07-01,3.79,19.46,chirps+openmeteo,0.2125,0.1088,modis,123.29,wb_foodindex,51.1,fewsnet_prices,1180583,0.6356,hdx_knbs,50.0,,mixed,Arid ASAL,1.2246467991473532e-16,-1.0,-0.6469379140604853,12.77000000000002,18.671666666666678,1.92,46.37,-1.364899564183516,19.98,21.128333333333334,19.93,20.95,-0.7649963104040763,0.24019999999999997,0.22296666666666667,0.239,0.1811,-0.7779036054879721,0.1226,0.11526666666666667,0.1229,0.1009,0.9186940211101147,51.949999999999996,51.416666666666664,53.75,50.0,2.200000000000002
015,2021,8,Marsabit,2021-08-01,2.77,20.4,chirps+openmeteo,0.1968,0.1007,modis,123.29,wb_foodindex,50.0,fewsnet_prices,1180583,0.6356,hdx_knbs,50.0,,mixed,Arid ASAL,-0.4999999999999997,-0.8660254037844388,-0.6644246166867128,2.8266666666666858,16.888333333333343,3.79,32.6,-0.4284750194341288,19.93,20.673333333333332,19.46,20.55,-0.9200193551150065,0.2161,0.21894999999999998,0.2125,0.2691,-0.8988188660098014,0.1108,0.11305,0.1088,0.1361,0.5971783742208515,51.61666666666667,51.1,51.1,51.0,-1.9607843137254943
015,2021,9,Marsabit,2021-09-01,1.58,21.11,chirps+openmeteo,0.1907,0.0969,modis,123.29,wb_foodindex,53.5,fewsnet_prices,1180583,0.6356,hdx_knbs,50.0,,mixed,Arid ASAL,-0.8660254037844385,-0.5000000000000004,-0.6832679461531713,2.7133333333333525,14.838333333333344,2.77,1.92,0.2683278955968965,20.323333333333334,20.400000000000002,20.4,19.93,-0.983606246263103,0.19999999999999998,0.21486666666666668,0.1968,0.239,-0.9570862449887353,0.10213333333333334,0.11105,0.1007,0.1229,1.4997100566887034,51.53333333333333,51.55833333333334,50.0,53.75,-0.46511627906976605
015,2021,10,Marsabit,2021-10-01,21.47,22.21,chirps+openmeteo,0.189,0.0973,modis,123.29,wb_foodindex,55.0,fewsnet_prices,1180583,0.6356,hdx_knbs,50.0,fewsnet_ipc,mixed,Arid ASAL,-1.0,-1.8369701987210297e-16,-0.2959009654662415,8.606666666666685,10.688333333333341,1.58,3.79,1.2517045292330884,21.24,20.61,21.11,19.46,-0.9617822760971838,0.19216666666666668,0.21618333333333337,0.1907,0.2125,-0.9080226988154529,0.0983,0.11045,0.0969,0.1088,1.8025701602681103,52.833333333333336,52.39166666666667,53.5,51.1,7.632093933463802
015,2021,11,Marsabit,2021-11-01,58.27,21.82,chirps+openmeteo,0.2092,0.1101,modis,123.29,wb_foodindex,55.0,fewsnet_prices,1180583,0.6356,hdx_knbs,50.0,,mixed,Arid ASAL,-0.8660254037844386,0.5000000000000001,0.4115254346300003,27.106666666666687,14.966666666666677,21.47,2.77,0.7954840465656869,21.713333333333335,20.82166666666667,22.21,20.4,-0.7229340523881324,0.1963,0.20619999999999997,0.189,0.1968,-0.6839720999814315,0.10143333333333333,0.10611666666666668,0.0973,0.1007,1.6303382706725873,54.5,53.05833333333334,55.0,50.0,10.000000000000009
015,2021,12,Marsabit,2021-12-01,32.65,20.21,chirps+openmeteo,0.2423,0.1291,modis,123.29,wb_foodindex,55.0,fewsnet_prices,1180583,0.6356,hdx_knbs,50.0,,mixed,Arid ASAL,-0.5000000000000004,0.8660254037844384,-0.024559228164777108,37.46333333333335,20.088333333333342,58.27,1.58,-0.8798986130079465,21.413333333333338,20.868333333333332,21.82,21.11,-0.31512207421253313,0.21350000000000002,0.20675,0.2092,0.1907,-0.3263474042490553,0.11216666666666668,0.10715000000000001,0.1101,0.0969,1.4740634036099787,55.0,53.26666666666667,55.0,53.5,2.8037383177569986
015,2022,1,Marsabit,2022-01-01,26.63,21.82,chirps+openmeteo,0.2286,0.1126,modis,112.38,wb_foodindex,55.0,fewsnet_prices,1180583,0.6356,hdx_knbs,50.0,,mixed,Arid ASAL,0.0,1.0,-0.12600409155800626,39.18333333333335,23.89500000000001,32.65,21.47,0.7434735128946479,21.283333333333335,21.261666666666667,20.21,22.21,-0.4307473023482299,0.22669999999999998,0.20943333333333333,0.2423,0.189,-0.6046179767541517,0.11726666666666667,0.10778333333333334,0.1291,0.0973,1.342865563399765,55.0,53.916666666666664,55.0,55.0,0.0
015,2022,2,Marsabit,2022-02-01,11.42,23.84,chirps+openmeteo,0.203,0.0997,modis,112.38,wb_foodindex,57.0,fewsnet_prices,1180583,0.6356,hdx_knbs,50.0,fewsnet_ipc,mixed,Arid ASAL,0.49999999999999994,0.8660254037844387,-0.40925368548570906,23.56666666666668,25.336666666666677,26.63,58.27,2.392812359057463,21.956666666666667,21.834999999999997,21.82,21.82,-0.7374981178816509,0.22463333333333335,0.2104666666666667,0.2286,0.2092,-0.8176059799408619,0.1138,0.10761666666666665,0.1126,0.1101,1.648815544992622,55.666666666666664,55.083333333333336,55.0,55.0,3.6363636363636376
015,2022,3,Marsabit,2022-03-01,19.07,23.65,chirps+openmeteo,0.1939,0.0954,modis,112.38,wb_foodindex,58.0,fewsnet_prices,1180583,0.6356,hdx_knbs,50.0,,mixed,Arid ASAL,0.8660254037844386,0.5000000000000001,-0.21981428570750733,19.040000000000017,28.25166666666668,11.42,32.65,1.9774893492249548,23.103333333333335,22.258333333333336,23.84,20.21,-0.8108530762262997,0.2085,0.211,0.203,0.2423,-0.8492431122399605,0.10256666666666665,0.10736666666666667,0.0997,0.1291,1.7142589923756433,56.666666666666664,55.833333333333336,57.0,55.0,5.454545454545445
015,2022,4,Marsabit,2022-04-01,83.0,22.05,chirps+openmeteo,0.173,0.0905,modis,112.38,wb_foodindex,60.0,fewsnet_prices,1180583,0.6356,hdx_knbs,50.0,,mixed,Arid ASAL,1.0,6.123233995736766e-17,2.591458759571313,37.83000000000002,38.50666666666668,19.07,26.63,0.6093211452387545,23.179999999999996,22.231666666666666,23.65,21.82,-1.0642257949338068,0.18996666666666664,0.20833333333333334,0.1939,0.2286,-0.9189271995179417,0.09519999999999999,0.10623333333333333,0.0954,0.1126,1.8979259707273795,58.333333333333336,56.666666666666664,58.0,55.0,9.090909090909083
015,2022,5,Marsabit,2022-05-01,27.17,21.36,chirps+openmeteo,0.2572,0.1301,modis,112.38,wb_foodindex,65.0,fewsnet_prices,1180583,0.6356,hdx_knbs,50.0,,mixed,Arid ASAL,0.8660254037844387,-0.4999999999999998,0.150121489331542,43.08000000000002,33.323333333333345,83.0,11.42,0.02608894652198738,22.353333333333335,22.155,22.05,23.84,0.6501175178364593,0.20803333333333332,0.21633333333333335,0.173,0.203,0.3373351443637495,0.10533333333333332,0.10956666666666666,0.0905,0.0997,2.435355767765588,61.0,58.333333333333336,60.0,57.0,14.035087719298245
015,2022,6,Marsabit,2022-06-01,1.99,20.35,chirps+openmeteo,0.2113,0.1087,modis,112.38,wb_foodindex,66.0,fewsnet_prices,1180583,0.6356,hdx_knbs,50.0,fewsnet_ipc,mixed,Arid ASAL,0.49999999999999994,-0.8660254037844387,-0.9428906726074026,37.386666666666684,28.213333333333342,27.17,19.07,-0.7976896169546946,21.253333333333334,22.17833333333333,21.36,23.65,-0.4298692728632484,0.21383333333333332,0.21116666666666664,0.2572,0.1939,-0.4527645808422546,0.10976666666666667,0.10616666666666667,0.1301,0.0954,2.228357741165828,63.666666666666664,60.166666666666664,65.0,58.0,13.793103448275868
015,2022,7,Marsabit,2022-07-01,4.35,19.27,chirps+openmeteo,0.1845,0.0936,modis,112.38,wb_foodindex,70.0,fewsnet_prices,1180583,0.6356,hdx_knbs,56.25,,mixed,Arid ASAL,1.2246467991473532e-16,-1.0,-0.8405346301139911,11.170000000000021,24.50000000000001,1.99,83.0,-1.5914972999092662,20.326666666666668,21.753333333333334,20.35,22.05,-1.0794395450763719,0.21766666666666667,0.20381666666666665,0.2113,0.173,-1.0293598767881522,0.11080000000000001,0.10299999999999998,0.1087,0.0905,2.413996993928511,67.0,62.666666666666664,66.0,60.0,16.666666666666675
015,2022,8,Marsabit,2022-08-01,2.81,19.8,chirps+openmeteo,0.1792,0.0907,modis,112.38,wb_foodindex,75.0,fewsnet_prices,1180583,0.6356,hdx_knbs,62.5,,mixed,Arid ASAL,-0.4999999999999997,-0.8660254037844388,-0.909038005034606,3.050000000000019,23.065000000000012,4.35,27.17,-1.147537967966882,19.80666666666667,21.080000000000002,19.27,21.36,-1.1299645337910695,0.19166666666666665,0.19984999999999997,0.1845,0.2572,-1.0641208332062124,0.09766666666666668,0.10149999999999999,0.0936,0.1301,2.576448403773155,70.33333333333333,65.66666666666667,70.0,65.0,15.384615384615374
015,2022,9,Marsabit,2022-09-01,1.53,20.74,chirps+openmeteo,0.1744,0.0876,modis,112.38,wb_foodindex,88.0,fewsnet_prices,1180583,0.6356,hdx_knbs,68.75,,mixed,Arid ASAL,-0.8660254037844385,-0.5000000000000004,-0.9633572356777592,2.8966666666666856,20.14166666666668,2.81,1.99,-0.40823379527084475,19.936666666666667,20.595,19.8,20.35,-1.1663370478023307,0.17936666666666667,0.1966,0.1792,0.2113,-1.1100157300686355,0.09063333333333333,0.1002,0.0907,0.1087,3.115752962361619,77.66666666666667,70.66666666666667,75.0,66.0,33.33333333333333
015,2022,10,Marsabit,2022-10-01,25.6,20.92,chirps+openmeteo,0.1405,0.0815,modis,112.38,wb_foodindex,87.0,fewsnet_prices,1180583,0.6356,hdx_knbs,75.0,fewsnet_ipc,mixed,Arid ASAL,-1.0,-1.8369701987210297e-16,0.17172850729320224,9.98000000000002,10.575000000000012,1.53,4.35,-0.24405982624372224,20.486666666666668,20.406666666666666,20.74,19.27,-1.8049206277585355,0.16469999999999999,0.19118333333333334,0.1744,0.1845,-1.2531254997431696,0.08660000000000001,0.0987,0.0876,0.0936,2.4954976939538853,83.33333333333333,75.16666666666667,88.0,70.0,24.28571428571429
015,2022,11,Marsabit,2022-11-01,38.23,20.45,chirps+openmeteo,0.1635,0.0866,modis,112.38,wb_foodindex,85.0,fewsnet_prices,1180583,0.6356,hdx_knbs,75.0,,mixed,Arid ASAL,-0.8660254037844386,0.5000000000000001,0.7944938798071115,21.786666666666687,12.418333333333345,25.6,2.81,-0.6443397273303497,20.703333333333333,20.255,20.92,19.8,-1.1999368125949041,0.15946666666666667,0.17556666666666665,0.1405,0.1792,-1.050705928910542,0.08523333333333333,0.09144999999999999,0.0815,0.0907,2.032342967226225,86.66666666666667,78.5,87.0,75.0,13.33333333333333
015,2022,12,Marsabit,2022-12-01,38.67,21.39,chirps+openmeteo,0.1762,0.0931,modis,112.38,wb_foodindex,80.0,fewsnet_prices,1180583,0.6356,hdx_knbs,75.0,,mixed,Arid ASAL,-0.5000000000000004,0.8660254037844384,0.8225098155677031,34.166666666666686,18.53166666666668,38.23,1.53,0.102309455223306,20.92,20.428333333333335,20.45,20.74,-0.8721552442967642,0.1600666666666667,0.16971666666666665,0.1635,0.1744,-0.7778055423430378,0.08706666666666667,0.08885,0.0866,0.0876,1.473614278083519,84.0,80.83333333333333,85.0,88.0,-9.090909090909093
016,2019,1,Garissa,2019-01-01,7.06,29.76,chirps+openmeteo,0.2324,0.1533,modis,107.28,wb_foodindex,62.5,fewsnet_prices,974404,0.5525,hdx_knbs,25.0,,mixed,Semi-arid ASAL,0.0,1.0,,7.06,7.06,,,,29.76,29.76,,,,0.2324,0.2324,,,,0.1533,0.1533,,,,62.5,62.5,,,
016,2019,2,Garissa,2019-02-01,7.78,30.2,chirps+openmeteo,0.2087,0.145,modis,107.28,wb_foodindex,62.5,fewsnet_prices,974404,0.5525,hdx_knbs,25.0,fewsnet_ipc,mixed,Semi-arid ASAL,0.49999999999999994,0.8660254037844387,,7.42,7.42,7.06,,,29.98,29.98,29.76,,,0.22055,0.22055,0.2324,,,0.14915,0.14915,0.1533,,,62.5,62.5,62.5,,
016,2019,3,Garissa,2019-03-01,9.67,31.05,chirps+openmeteo,0.2078,0.1416,modis,107.28,wb_foodindex,57.5,fewsnet_prices,974404,0.5525,hdx_knbs,31.25,,mixed,Semi-arid ASAL,0.8660254037844386,0.5000000000000001,,8.17,8.17,7.78,,,30.33666666666667,30.33666666666667,30.2,,,0.21630000000000002,0.21630000000000002,0.2087,,,0.1466333333333333,0.1466333333333333,0.145,,,60.833333333333336,60.833333333333336,62.5,,
016,2019,4,Garissa,2019-04-01,39.67,30.56,chirps+openmeteo,0.2102,0.1418,modis,107.28,wb_foodindex,61.25,fewsnet_prices,974404,0.5525,hdx_knbs,37.5,,mixed,Semi-arid ASAL,1.0,6.123233995736766e-17,,19.040000000000003,16.045,9.67,7.06,,30.603333333333335,30.3925,31.05,29.76,,0.2089,0.214775,0.2078,0.2324,,0.1428,0.145425,0.1416,0.1533,,60.416666666666664,60.9375,57.5,62.5,-2.0000000000000018
016,2019,5,Garissa,2019-05-01,1.03,28.15,chirps+openmeteo,0.2285,0.1599,modis,107.28,wb_foodindex,64.5,fewsnet_prices,974404,0.5525,hdx_knbs,43.75,,mixed,Semi-arid ASAL,0.8660254037844387,-0.4999999999999998,,16.790000000000003,13.041999999999998,39.67,7.78,,29.919999999999998,29.944,30.56,30.2,,0.21550000000000002,0.21752000000000002,0.2102,0.2087,,0.14776666666666666,0.14832,0.1418,0.145,,61.083333333333336,61.65,61.25,62.5,3.200000000000003
016,2019,6,Garissa,2019-06-01,0.18,27.77,chirps+openmeteo,0.2118,0.1437,modis,107.28,wb_foodindex,66.0,fewsnet_prices,974404,0.5525,hdx_knbs,50.0,fewsnet_ipc,mixed,Semi-arid ASAL,0.49999999999999994,-0.8660254037844387,-0.734049404013814,13.626666666666667,10.898333333333333,1.03,9.67,-1.3610337742397882,28.826666666666668,29.581666666666667,28.15,31.05,-0.43692534960567336,0.21683333333333335,0.21656666666666666,0.2285,0.2078,-0.5187803007573877,0.14846666666666666,0.14755,0.1599,0.1416,1.2401772061122356,63.916666666666664,62.375,64.5,57.5,14.782608695652177
016,2019,7,Garissa,2019-07-01,5.21,26.86,chirps+openmeteo,0.1988,0.1368,modis,107.28,wb_foodindex,59.56,fewsnet_prices,974404,0.5525,hdx_knbs,50.0,,mixed,Semi-arid ASAL,1.2246467991473532e-16,-1.0,-0.3611184885240764,2.14,10.59,0.18,39.67,-1.4652874250699222,27.593333333333334,29.098333333333333,27.77,30.56,-1.267834449237099,0.21303333333333332,0.21096666666666666,0.2118,0.2102,-1.166414230113308,0.1468,0.1448,0.1437,0.1418,-0.8399561926570339,63.35333333333333,61.885,66.0,61.25,-2.7591836734693787
016,2019,8,Garissa,2019-08-01,1.31,26.76,chirps+openmeteo,0.1924,0.1307,modis,107.28,wb_foodindex,60.41,fewsnet_prices,974404,0.5525,hdx_knbs,50.0,,mixed,Semi-arid ASAL,-0.4999999999999997,-0.8660254037844388,-0.5962015313653197,2.233333333333333,9.511666666666667,5.21,1.03,-1.2473661584880775,27.13,28.524999999999995,26.86,28.15,-1.4022778484935758,0.20099999999999998,0.20824999999999996,0.1988,0.2285,-1.4725655782936342,0.13706666666666667,0.14241666666666666,0.1368,0.1599,-0.5034414504862015,61.99,61.53666666666667,59.56,64.5,-6.341085271317837
016,2019,9,Garissa,2019-09-01,20.25,27.28,chirps+openmeteo,0.1991,0.1412,modis,107.28,wb_foodindex,58.34,fewsnet_prices,974404,0.5525,hdx_knbs,50.0,,mixed,Semi-arid ASAL,-0.8660254037844385,-0.5000000000000004,0.7932563365821381,8.923333333333334,11.275,1.31,0.18,-0.8491508299630287,26.96666666666667,27.896666666666665,26.76,27.77,-0.8191581820731757,0.19676666666666667,0.20679999999999998,0.1924,0.2118,-0.30090449498973204,0.13623333333333335,0.14235,0.1307,0.1437,-1.096248326905971,59.43666666666667,61.67666666666667,60.41,66.0,-11.606060606060598
016,2019,10,Garissa,2019-10-01,72.89,27.3,chirps+openmeteo,0.2884,0.2062,modis,107.28,wb_foodindex,65.0,fewsnet_prices,974404,0.5525,hdx_knbs,50.0,fewsnet_ipc,mixed,Semi-arid ASAL,-1.0,-1.8369701987210297e-16,2.4399141090443432,31.483333333333334,16.811666666666667,20.25,5.21,-0.7694900074063362,27.113333333333333,27.353333333333335,27.28,26.86,2.5412428258635935,0.22663333333333333,0.21983333333333333,0.1991,0.1988,2.6340819514221177,0.15936666666666668,0.15308333333333332,0.1412,0.1368,1.132513009495629,61.25,62.30166666666667,58.34,59.56,9.133646742780389
016,2019,11,Garissa,2019-11-01,274.11,26.82,chirps+openmeteo,0.3972,0.2734,modis,107.28,wb_foodindex,65.0,fewsnet_prices,974404,0.5525,hdx_knbs,43.75,,mixed,Semi-arid ASAL,-0.8660254037844386,0.5000000000000001,2.9017351818183212,122.41666666666667,62.32500000000001,72.89,1.31,-0.9630528719911979,27.133333333333336,27.131666666666664,27.3,26.76,2.7105236489825977,0.2949,0.24795,0.2884,0.1924,2.648675099902841,0.20693333333333333,0.17200000000000001,0.2062,0.1307,1.0211175466967632,62.78,62.385,65.0,60.41,7.598079788114553
016,2019,12,Garissa,2019-12-01,109.6,27.81,chirps+openmeteo,0.4479,0.315,modis,107.28,wb_foodindex,68.0,fewsnet_prices,974404,0.5525,hdx_knbs,37.5,,mixed,Semi-arid ASAL,-0.5000000000000004,0.8660254037844384,0.8030413196362244,152.20000000000002,80.56166666666667,274.11,20.25,-0.34729531394437146,27.310000000000002,27.138333333333332,26.82,27.28,2.3257889733927137,0.3778333333333333,0.28730000000000006,0.3972,0.1991,2.3489967264598293,0.26486666666666664,0.20055,0.2734,0.1412,1.6803644907382265,66.0,62.718333333333334,65.0,58.34,16.558107644840582
016,2020,1,Garissa,2020-01-01,37.4,28.69,chirps+openmeteo,0.3573,0.2418,modis,125.82,wb_foodindex,67.5,fewsnet_prices,974404,0.5525,hdx_knbs,31.25,,mixed,Semi-arid ASAL,0.0,1.0,-0.10092955591920881,140.37,85.92666666666668,109.6,72.89,0.20053609845085504,27.773333333333337,27.44333333333333,27.81,27.3,1.133570051888184,0.4008,0.3137166666666667,0.4479,0.2884,1.0346396486160316,0.27673333333333333,0.21805,0.315,0.2062,1.3458551305135793,66.83333333333333,64.04166666666667,68.0,65.0,3.8461538461538547
016,2020,2,Garissa,2020-02-01,7.6,30.12,chirps+openmeteo,0.3053,0.2078,modis,125.82,wb_foodindex,66.65,fewsnet_prices,974404,0.5525,hdx_knbs,25.0,fewsnet_ipc,mixed,Semi-arid ASAL,0.49999999999999994,0.8660254037844387,-0.47120203877091693,51.53333333333333,86.97500000000001,37.4,274.11,1.051876969152215,28.873333333333335,28.00333333333333,28.69,26.82,0.504436707508928,0.3701666666666667,0.33253333333333335,0.3573,0.3972,0.4524338464715372,0.25486666666666663,0.2309,0.2418,0.2734,1.012937444946895,67.38333333333334,65.08166666666666,67.5,65.0,2.538461538461556
016,2020,3,Garissa,2020-03-01,51.58,30.48,chirps+openmeteo,0.2683,0.173,modis,125.82,wb_foodindex,69.0,fewsnet_prices,974404,0.5525,hdx_knbs,25.0,,mixed,Semi-arid ASAL,0.8660254037844386,0.5000000000000001,0.12013681728716213,32.193333333333335,92.19666666666667,7.6,109.6,1.1784219711036883,29.763333333333335,28.536666666666672,30.12,27.81,0.05844925965855066,0.3103,0.3440666666666667,0.3053,0.4479,-0.1371524572463062,0.20753333333333335,0.23619999999999997,0.2078,0.315,1.4996177716253436,67.71666666666667,66.85833333333333,66.65,68.0,1.4705882352941124
016,2020,4,Garissa,2020-04-01,92.34,28.54,chirps+openmeteo,0.3467,0.2221,modis,125.82,wb_foodindex,66.5,fewsnet_prices,974404,0.5525,hdx_knbs,25.0,,mixed,Semi-arid ASAL,1.0,6.123233995736766e-17,0.6613465001966042,50.50666666666667,95.43833333333335,51.58,37.4,-0.06257754038410071,29.713333333333335,28.743333333333336,30.48,28.69,0.970014753506531,0.3067666666666667,0.35378333333333334,0.2683,0.3573,0.6980622149973561,0.20096666666666665,0.23885,0.173,0.2418,0.7673322929215524,67.38333333333334,67.10833333333333,69.0,67.5,-1.4814814814814836
016,2020,5,Garissa,2020-05-01,1.48,27.95,chirps+openmeteo,0.3932,0.2588,modis,125.82,wb_foodindex,67.0,fewsnet_prices,974404,0.5525,hdx_knbs,25.0,,mixed,Semi-arid ASAL,0.8660254037844387,-0.4999999999999998,-0.6126891208003087,48.46666666666667,50.00000000000001,92.34,7.6,-0.43828169089291413,28.99,28.93166666666667,28.54,30.12,1.4037589106687927,0.3360666666666667,0.3531166666666667,0.3467,0.3053,1.2504311513838524,0.21796666666666664,0.23641666666666664,0.2221,0.2078,0.8601989103583528,67.5,67.44166666666666,66.5,66.65,0.5251312828207011
016,2020,6,Garissa,2020-06-01,0.18,27.65,chirps+openmeteo,0.3077,0.2029,modis,125.82,wb_foodindex,72.75,fewsnet_prices,974404,0.5525,hdx_knbs,25.0,fewsnet_ipc,mixed,Semi-arid ASAL,0.49999999999999994,-0.8660254037844387,-0.6078058331480557,31.333333333333332,31.763333333333346,1.48,51.58,-0.6179149959817684,28.046666666666663,28.905,27.95,30.48,0.36707632135768564,0.34919999999999995,0.32975,0.3932,0.2683,0.25874806622912294,0.22793333333333332,0.21773333333333333,0.2588,0.173,2.0702395397142057,68.75,68.23333333333333,67.0,69.0,5.434782608695654
016,2020,7,Garissa,2020-07-01,9.75,26.65,chirps+openmeteo,0.2576,0.1702,modis,125.82,wb_foodindex,70.25,fewsnet_prices,974404,0.5525,hdx_knbs,25.0,,mixed,Semi-arid ASAL,1.2246467991473532e-16,-1.0,-0.4511358879207294,3.8033333333333332,27.155000000000012,0.18,92.34,-1.2207945693774191,27.416666666666668,28.565,27.65,28.54,-0.24278153381110254,0.31949999999999995,0.3131333333333333,0.3077,0.3467,-0.3240025568560774,0.2106333333333333,0.20579999999999998,0.2029,0.2221,1.3350681145706178,70.0,68.69166666666666,72.75,66.5,5.63909774436091
016,2020,8,Garissa,2020-08-01,0.51,26.53,chirps+openmeteo,0.2433,0.1549,modis,125.82,wb_foodindex,69.0,fewsnet_prices,974404,0.5525,hdx_knbs,25.0,,mixed,Semi-arid ASAL,-0.4999999999999997,-0.8660254037844388,-0.5721640347511423,3.48,25.973333333333343,9.75,1.48,-1.2179593304829295,26.94333333333333,27.96666666666667,26.65,27.95,-0.4114587015862521,0.2695333333333333,0.3028,0.2576,0.3932,-0.5879245738576478,0.17599999999999996,0.19698333333333332,0.1702,0.2588,0.9798802775349796,70.66666666666667,69.08333333333333,70.25,67.0,2.9850746268656803
016,2020,9,Garissa,2020-09-01,5.69,27.14,chirps+openmeteo,0.2168,0.1512,modis,125.82,wb_foodindex,70.0,fewsnet_prices,974404,0.5525,hdx_knbs,25.0,,mixed,Semi-arid ASAL,-0.8660254037844385,-0.5000000000000004,-0.4778500827092691,5.316666666666666,18.32500000000001,0.51,0.18,-0.7777946929992466,26.77333333333333,27.409999999999997,26.53,27.65,-0.7264883928381393,0.2392333333333333,0.2942166666666667,0.2433,0.3077,-0.6359481332885719,0.15876666666666664,0.19335000000000002,0.1549,0.2029,1.1521162237918565,69.75,69.25,69.0,72.75,-3.7800687285223344
016,2020,10,Garissa,2020-10-01,20.42,28.94,chirps+openmeteo,0.2123,0.1439,modis,125.82,wb_foodindex,70.0,fewsnet_prices,974404,0.5525,hdx_knbs,25.0,fewsnet_ipc,mixed,Semi-arid ASAL,-1.0,-1.8369701987210297e-16,-0.23965286725586546,8.873333333333333,6.338333333333343,5.69,9.75,0.4290071079220984,27.536666666666665,27.476666666666663,27.14,26.65,-0.7570905353510418,0.22413333333333332,0.27181666666666665,0.2168,0.2576,-0.7483430111945367,0.15,0.18031666666666668,0.1512,0.1702,1.092821078570478,69.66666666666667,69.83333333333333,70.0,70.25,-0.3558718861209953
016,2020,11,Garissa,2020-11-01,50.58,27.73,chirps+openmeteo,0.345,0.2357,modis,125.82,wb_foodindex,70.0,fewsnet_prices,974404,0.5525,hdx_knbs,25.0,,mixed,Semi-arid ASAL,-0.8660254037844386,0.5000000000000001,0.2418942726133264,25.563333333333333,14.521666666666675,20.42,0.51,-0.3964009944069698,27.936666666666667,27.44,28.94,26.53,0.9533884818462406,0.25803333333333334,0.2637833333333333,0.2123,0.2433,0.9857769014684268,0.1769333333333333,0.17646666666666666,0.1439,0.1549,1.041942020529071,70.0,70.33333333333333,70.0,69.0,1.449275362318847
016,2020,12,Garissa,2020-12-01,48.95,28.73,chirps+openmeteo,0.3145,0.2229,modis,125.82,wb_foodindex,70.0,fewsnet_prices,974404,0.5525,hdx_knbs,25.0,,mixed,Semi-arid ASAL,-0.5000000000000004,0.8660254037844384,0.2104493018038898,39.983333333333334,22.65000000000001,50.58,5.69,0.3008201065932649,28.46666666666667,27.62,27.73,27.14,0.5354927686554968,0.2906,0.26491666666666663,0.345,0.2168,0.7145030314883609,0.2008333333333333,0.1798,0.2357,0.1512,0.9976517813204545,70.0,69.875,70.0,70.0,0.0
016,2021,1,Garissa,2021-01-01,4.7,29.05,chirps+openmeteo,0.2647,0.1724,modis,123.29,wb_foodindex,70.0,fewsnet_prices,974404,0.5525,hdx_knbs,25.0,,mixed,Semi-arid ASAL,0.0,1.0,-0.5335024735771098,34.74333333333333,21.80833333333334,48.95,20.42,0.5619659520361279,28.503333333333334,28.02,28.73,28.94,-0.15254046676434263,0.30806666666666666,0.2661,0.3145,0.2123,-0.2921004075259964,0.2103333333333333,0.18016666666666667,0.2229,0.1439,0.9184696980220216,70.0,69.83333333333333,70.0,70.0,0.0
016,2021,2,Garissa,2021-02-01,3.08,30.28,chirps+openmeteo,0.2233,0.1489,modis,123.29,wb_foodindex,70.0,fewsnet_prices,974404,0.5525,hdx_knbs,25.0,fewsnet_ipc,mixed,Semi-arid ASAL,0.49999999999999994,0.8660254037844387,-0.556499106277936,18.91,22.23666666666668,4.7,50.58,1.4538773411031614,29.353333333333335,28.645,29.05,27.73,-0.7257624951904855,0.2675,0.26276666666666665,0.2647,0.345,-0.761013271266113,0.18139999999999998,0.17916666666666667,0.1724,0.2357,0.8449247015889073,70.0,70.0,70.0,70.0,0.0
016,2021,3,Garissa,2021-03-01,17.29,30.57,chirps+openmeteo,0.2123,0.1461,modis,123.29,wb_foodindex,72.0,fewsnet_prices,974404,0.5525,hdx_knbs,31.25,,mixed,Semi-arid ASAL,0.8660254037844386,0.5000000000000001,-0.3235815281389525,8.356666666666667,24.170000000000005,3.08,48.95,1.7290775220611743,29.96666666666667,29.21666666666667,30.28,28.73,-0.8802647417029218,0.2334333333333333,0.2620166666666666,0.2233,0.3145,-0.8228697298687024,0.15579999999999997,0.17831666666666668,0.1489,0.2229,1.2663715679857424,70.66666666666667,70.33333333333333,70.0,70.0,2.857142857142847
016,2021,4,Garissa,2021-04-01,36.88,29.67,chirps+openmeteo,0.2436,0.1719,modis,123.29,wb_foodindex,72.0,fewsnet_prices,974404,0.5525,hdx_knbs,37.5,,mixed,Semi-arid ASAL,1.0,6.123233995736766e-17,0.008503647477276596,19.083333333333332,26.913333333333345,17.29,4.7,1.1286631997533993,30.173333333333336,29.33833333333334,30.57,29.05,-0.4785279240559188,0.22640000000000002,0.2672333333333333,0.2123,0.2647,-0.3411898946841454,0.15563333333333332,0.18298333333333336,0.1461,0.1724,1.174873239944927,71.33333333333333,70.66666666666667,72.0,70.0,2.857142857142847
016,2021,5,Garissa,2021-05-01,1.03,28.62,chirps+openmeteo,0.2529,0.1791,modis,123.29,wb_foodindex,72.5,fewsnet_prices,974404,0.5525,hdx_knbs,43.75,,mixed,Semi-arid ASAL,0.8660254037844387,-0.4999999999999998,-0.5956696216762198,18.400000000000002,18.65500000000001,36.88,3.08,0.291005392977055,29.62,29.486666666666665,29.67,30.28,-0.36669877812015084,0.2362666666666667,0.2518833333333333,0.2436,0.2233,-0.21348050966441537,0.1657,0.17355,0.1719,0.1489,1.194411366778056,72.16666666666667,71.08333333333333,72.0,70.0,3.571428571428581
016,2021,6,Garissa,2021-06-01,0.21,26.66,chirps+openmeteo,0.2193,0.1491,modis,123.29,wb_foodindex,70.0,fewsnet_prices,974404,0.5525,hdx_knbs,50.0,fewsnet_ipc,mixed,Semi-arid ASAL,0.49999999999999994,-0.8660254037844387,-0.6095181623404172,12.70666666666667,10.531666666666677,1.03,17.29,-1.1697835322904506,28.316666666666666,29.14166666666667,28.62,30.57,-0.8432591091893928,0.2386,0.23601666666666665,0.2529,0.2123,-0.8310077531875841,0.1667,0.16125,0.1791,0.1461,0.5145514186173573,71.5,71.08333333333333,72.5,72.0,-2.777777777777779
016,2021,7,Garissa,2021-07-01,2.53,26.12,chirps+openmeteo,0.2053,0.1405,modis,123.29,wb_foodindex,72.5,fewsnet_prices,974404,0.5525,hdx_knbs,50.0,,mixed,Semi-arid ASAL,1.2246467991473532e-16,-1.0,-0.5679275888470365,1.2566666666666666,10.17000000000001,0.21,36.88,-1.5095110057057206,27.133333333333336,28.653333333333332,26.66,29.67,-1.0476909881905248,0.22583333333333333,0.22611666666666666,0.2193,0.2436,-1.0130860669050485,0.15623333333333334,0.15593333333333334,0.1491,0.1719,1.1066958515473868,71.66666666666667,71.5,70.0,72.0,0.694444444444442
016,2021,8,Garissa,2021-08-01,0.59,26.41,chirps+openmeteo,0.1934,0.1318,modis,123.29,wb_foodindex,75.0,fewsnet_prices,974404,0.5525,hdx_knbs,50.0,,mixed,Semi-arid ASAL,-0.4999999999999997,-0.8660254037844388,-0.5998945247037518,1.11,9.75500000000001,2.53,1.03,-1.2688684103264716,26.396666666666665,28.008333333333336,26.12,28.62,-1.2166115107589008,0.206,0.22113333333333332,0.2053,0.2529,-1.1935333800804886,0.14046666666666666,0.15308333333333335,0.1405,0.1791,1.7295911738829668,72.5,72.33333333333333,72.5,72.5,3.4482758620689724
016,2021,9,Garissa,2021-09-01,5.55,27.19,chirps+openmeteo,0.2037,0.1373,modis,123.29,wb_foodindex,73.55,fewsnet_prices,974404,0.5525,hdx_knbs,50.0,,mixed,Semi-arid ASAL,-0.8660254037844385,-0.5000000000000004,-0.5040142622821101,2.89,7.7983333333333436,0.59,0.21,-0.6979159411849329,26.573333333333334,27.445000000000004,26.41,26.66,-1.077647723092164,0.2008,0.2197,0.1934,0.2193,-1.0736060759610906,0.1365333333333333,0.15161666666666668,0.1318,0.1491,1.441881293163677,73.68333333333334,72.59166666666667,75.0,70.0,5.071428571428571
016,2021,10,Garissa,2021-10-01,9.65,28.62,chirps+openmeteo,0.1946,0.1346,modis,123.29,wb_foodindex,76.65,fewsnet_prices,974404,0.5525,hdx_knbs,50.0,fewsnet_ipc,mixed,Semi-arid ASAL,-1.0,-1.8369701987210297e-16,-0.39325704737607586,5.263333333333333,3.26000000000001,5.55,2.53,0.301545068845857,27.406666666666666,27.27,27.19,26.12,-1.1182079191709215,0.1972333333333333,0.21153333333333335,0.2037,0.2053,-1.0437339442301563,0.13456666666666664,0.1454,0.1373,0.1405,2.3012151214610217,75.06666666666666,73.36666666666666,73.55,72.5,5.724137931034501
016,2021,11,Garissa,2021-11-01,53.68,29.32,chirps+openmeteo,0.1993,0.1412,modis,123.29,wb_foodindex,85.0,fewsnet_prices,974404,0.5525,hdx_knbs,50.0,,mixed,Semi-arid ASAL,-0.8660254037844386,0.5000000000000001,0.9826233045264906,22.959999999999997,12.03500000000001,9.65,0.59,0.7448841071083926,28.376666666666665,27.38666666666667,28.62,26.41,-0.9833696110832358,0.19920000000000002,0.2026,0.1946,0.1934,-0.8483054995285234,0.13769999999999996,0.13908333333333334,0.1346,0.1318,3.5598178129365334,78.39999999999999,75.45,76.65,75.0,13.33333333333333
016,2021,12,Garissa,2021-12-01,186.43,27.25,chirps+openmeteo,0.4107,0.3055,modis,123.29,wb_foodindex,85.0,fewsnet_prices,974404,0.5525,hdx_knbs,50.0,,mixed,Semi-arid ASAL,-0.5000000000000004,0.8660254037844384,3.817949009407866,83.25333333333333,43.07166666666668,53.68,5.55,-0.7587088646393976,28.396666666666665,27.485000000000003,29.32,27.19,2.193483315509006,0.2682,0.23450000000000001,0.1993,0.2037,2.6937217681779675,0.19376666666666664,0.16515,0.1412,0.1373,2.7681039194242194,82.21666666666665,77.95,85.0,73.55,15.567641060503057
016,2022,1,Garissa,2022-01-01,7.59,29.33,chirps+openmeteo,0.4211,0.3032,modis,112.38,wb_foodindex,70.0,fewsnet_prices,974404,0.5525,hdx_knbs,50.0,,mixed,Semi-arid ASAL,0.0,1.0,-0.4339349140180693,82.56666666666666,43.91500000000001,186.43,9.65,0.7345608842372925,28.633333333333336,28.02,27.25,28.62,2.1498413582135165,0.34369999999999995,0.2704666666666667,0.4107,0.1946,2.3383799570750834,0.24996666666666664,0.19226666666666667,0.3055,0.1346,-0.4017781712754394,80.0,77.53333333333335,85.0,76.65,-8.675799086757996
016,2022,2,Garissa,2022-02-01,3.39,30.47,chirps+openmeteo,0.2701,0.1933,modis,112.38,wb_foodindex,70.0,fewsnet_prices,974404,0.5525,hdx_knbs,50.0,fewsnet_ipc,mixed,Semi-arid ASAL,0.49999999999999994,0.8660254037844387,-0.5289259084311498,65.80333333333333,44.38166666666667,7.59,53.68,1.5249208065501594,29.016666666666666,28.696666666666662,29.33,29.32,0.03713668799949888,0.36729999999999996,0.28325,0.4211,0.1993,0.20335471664345195,0.2673333333333333,0.20251666666666668,0.3032,0.1412,-0.4421694393094799,75.0,76.7,70.0,85.0,-17.647058823529417
016,2022,3,Garissa,2022-03-01,15.52,30.52,chirps+openmeteo,0.2308,0.1642,modis,112.38,wb_foodindex,75.0,fewsnet_prices,974404,0.5525,hdx_knbs,50.0,,mixed,Semi-arid ASAL,0.8660254037844386,0.5000000000000001,-0.20567804229716066,8.833333333333323,46.04333333333335,3.39,186.43,1.5563714836844051,30.106666666666666,29.251666666666665,30.47,27.25,-0.49650341860816166,0.3073333333333333,0.28776666666666667,0.2701,0.4107,-0.35976151932652506,0.2202333333333333,0.207,0.1933,0.3055,0.5940238541912432,71.66666666666667,76.94166666666668,70.0,85.0,-11.764705882352944
016,2022,4,Garissa,2022-04-01,23.9,29.71,chirps+openmeteo,0.2241,0.1594,modis,112.38,wb_foodindex,75.0,fewsnet_prices,974404,0.5525,hdx_knbs,50.0,,mixed,Semi-arid ASAL,1.0,6.123233995736766e-17,0.06835838445503985,14.26999999999999,48.418333333333344,15.52,7.59,0.9276670330933356,30.233333333333334,29.433333333333334,30.52,29.33,-0.5316252190931776,0.24166666666666667,0.29268333333333335,0.2308,0.4211,-0.40665284194995227,0.17229999999999998,0.2111333333333333,0.1642,0.3032,0.5329680733011778,73.33333333333333,76.66666666666667,75.0,70.0,7.14285714285714
016,2022,5,Garissa,2022-05-01,2.41,28.44,chirps+openmeteo,0.2511,0.1772,modis,112.38,wb_foodindex,78.0,fewsnet_prices,974404,0.5525,hdx_knbs,50.0,,mixed,Semi-arid ASAL,0.8660254037844387,-0.4999999999999998,-0.4835936613125377,13.943333333333323,39.87333333333334,23.9,3.39,0.02794746803289068,29.55666666666667,29.286666666666665,29.71,30.47,-0.06020189870633348,0.2353333333333333,0.3013166666666667,0.2241,0.2701,0.013456494655433134,0.1669333333333333,0.21713333333333332,0.1594,0.1933,1.1151943360603818,76.0,75.5,75.0,70.0,11.428571428571432
016,2022,6,Garissa,2022-06-01,0.2,26.95,chirps+openmeteo,0.2198,0.1507,modis,112.38,wb_foodindex,85.0,fewsnet_prices,974404,0.5525,hdx_knbs,50.0,fewsnet_ipc,mixed,Semi-arid ASAL,0.49999999999999994,-0.8660254037844387,-0.5402849088843645,8.836666666666657,8.83500000000001,2.41,15.52,-0.9770857277233874,28.36666666666667,29.236666666666665,28.44,30.52,-0.5037337665060264,0.2316666666666667,0.2695,0.2511,0.2308,-0.49732721817816533,0.1624333333333333,0.19133333333333336,0.1772,0.1642,2.2678067313434473,79.33333333333333,75.5,78.0,75.0,13.33333333333333
016,2022,7,Garissa,2022-07-01,2.61,25.64,chirps+openmeteo,0.213,0.1426,modis,112.38,wb_foodindex,85.0,fewsnet_prices,974404,0.5525,hdx_knbs,50.0,,mixed,Semi-arid ASAL,1.2246467991473532e-16,-1.0,-0.46943560059512957,1.7399999999999907,8.00500000000001,0.2,23.9,-1.7697562282696375,27.01,28.62166666666667,26.95,29.71,-0.5786188304759893,0.22796666666666668,0.23481666666666667,0.2198,0.2241,-0.6374255917066067,0.1568333333333333,0.16456666666666667,0.1507,0.1594,1.9679052545285969,82.66666666666667,78.0,85.0,75.0,13.33333333333333
016,2022,8,Garissa,2022-08-01,0.5,25.97,chirps+openmeteo,0.2014,0.1371,modis,112.38,wb_foodindex,90.0,fewsnet_prices,974404,0.5525,hdx_knbs,50.0,,mixed,Semi-arid ASAL,-0.4999999999999997,-0.8660254037844388,-0.5233577402756415,1.103333333333324,7.523333333333343,2.61,2.41,-1.504729838836142,26.186666666666667,27.87166666666667,25.64,28.44,-0.7266617007047476,0.21140000000000003,0.22336666666666663,0.213,0.2511,-0.7298973325988733,0.14346666666666663,0.1552,0.1426,0.1772,2.391081053910384,86.66666666666667,81.33333333333333,85.0,78.0,15.384615384615374
016,2022,9,Garissa,2022-09-01,8.67,26.78,chirps+openmeteo,0.1939,0.139,modis,112.38,wb_foodindex,100.0,fewsnet_prices,974404,0.5525,hdx_knbs,50.0,,mixed,Semi-arid ASAL,-0.8660254037844385,-0.5000000000000004,-0.3180646183027607,3.926666666666657,6.381666666666676,0.5,0.2,-0.9648234655757644,26.13,27.248333333333335,25.97,26.95,-0.82115230691435,0.20276666666666668,0.2172166666666667,0.2014,0.2198,-0.6761024632201034,0.13956666666666664,0.151,0.1371,0.1507,2.9784883228351227,91.66666666666667,85.5,90.0,85.0,17.647058823529417
016,2022,10,Garissa,2022-10-01,14.9,27.98,chirps+openmeteo,0.1781,0.1292,modis,112.38,wb_foodindex,105.0,fewsnet_prices,974404,0.5525,hdx_knbs,50.0,fewsnet_ipc,mixed,Semi-arid ASAL,-1.0,-1.8369701987210297e-16,-0.15266124095817774,8.023333333333325,4.881666666666676,8.67,2.61,-0.17329712404461314,26.909999999999997,26.959999999999997,26.78,25.64,-1.0262349661469596,0.19113333333333338,0.20955000000000001,0.1939,0.213,-0.8563897460707094,0.13509999999999997,0.14596666666666666,0.139,0.1426,2.7931133588543875,98.33333333333333,90.5,100.0,85.0,23.529411764705888
016,2022,11,Garissa,2022-11-01,99.8,27.29,chirps+openmeteo,0.2809,0.2026,modis,112.38,wb_foodindex,105.0,fewsnet_prices,974404,0.5525,hdx_knbs,50.0,,mixed,Semi-arid ASAL,-0.8660254037844386,0.5000000000000001,1.8343744956179406,41.12333333333333,21.11333333333334,14.9,0.5,-0.6002972178550251,27.349999999999998,26.76833333333333,27.98,25.97,0.6138820826777853,0.21763333333333335,0.21451666666666666,0.1781,0.2014,0.6821102925987577,0.15693333333333329,0.15020000000000003,0.1292,0.1371,2.3292450257451893,103.33333333333333,95.0,105.0,90.0,16.666666666666675
016,2022,12,Garissa,2022-12-01,36.16,28.97,chirps+openmeteo,0.3311,0.2362,modis,112.38,wb_foodindex,100.0,fewsnet_prices,974404,0.5525,hdx_knbs,50.0,,mixed,Semi-arid ASAL,-0.5000000000000004,0.8660254037844384,0.33073171561898584,50.286666666666655,27.106666666666673,99.8,8.67,0.4626300245104342,28.08,27.105,27.29,26.78,1.3866184023806534,0.2633666666666667,0.23306666666666667,0.2809,0.1939,1.3532238835970352,0.18933333333333327,0.16445,0.2026,0.139,1.6745787453503376,103.33333333333333,97.5,105.0,100.0,0.0
017,2019,1,Taita Taveta,2019-01-01,24.21,18.79,chirps+openmeteo,0.4331,0.25,modis,107.28,wb_foodindex,29.0,fewsnet_prices,880597,0.1927,hdx_knbs,25.0,,mixed,Semi-arid,0.0,1.0,,24.21,24.21,,,,18.79,18.79,,,,0.4331,0.4331,,,,0.25,0.25,,,,29.0,29.0,,,
017,2019,2,Taita Taveta,2019-02-01,21.64,19.47,chirps+openmeteo,0.3378,0.1948,modis,107.28,wb_foodindex,29.0,fewsnet_prices,880597,0.1927,hdx_knbs,25.0,fewsnet_ipc,mixed,Semi-arid,0.49999999999999994,0.8660254037844387,,22.925,22.925,24.21,,,19.13,19.13,18.79,,,0.38544999999999996,0.38544999999999996,0.4331,,,0.2224,0.2224,0.25,,,29.0,29.0,29.0,,
017,2019,3,Taita Taveta,2019-03-01,17.28,20.61,chirps+openmeteo,0.3192,0.175,modis,107.28,wb_foodindex,31.0,fewsnet_prices,880597,0.1927,hdx_knbs,25.0,,mixed,Semi-arid,0.8660254037844386,0.5000000000000001,,21.043333333333333,21.043333333333333,21.64,,,19.62333333333333,19.62333333333333,19.47,,,0.36336666666666667,0.36336666666666667,0.3378,,,0.2066,0.2066,0.1948,,,29.666666666666668,29.666666666666668,29.0,,
017,2019,4,Taita Taveta,2019-04-01,119.99,19.41,chirps+openmeteo,0.3632,0.2143,modis,107.28,wb_foodindex,34.0,fewsnet_prices,880597,0.1927,hdx_knbs,25.0,,mixed,Semi-arid,1.0,6.123233995736766e-17,,52.97,45.78,17.28,24.21,,19.83,19.57,20.61,18.79,,0.3400666666666667,0.363325,0.3192,0.4331,,0.19469999999999998,0.208525,0.175,0.25,,31.333333333333332,30.75,31.0,29.0,17.24137931034482
017,2019,5,Taita Taveta,2019-05-01,68.08,16.75,chirps+openmeteo,0.4603,0.2679,modis,107.28,wb_foodindex,41.0,fewsnet_prices,880597,0.1927,hdx_knbs,25.0,,mixed,Semi-arid,0.8660254037844387,-0.4999999999999998,,68.44999999999999,50.239999999999995,119.99,21.64,,18.923333333333332,19.006,19.41,19.47,,0.3809,0.38272,0.3632,0.3378,,0.21906666666666666,0.22039999999999998,0.2143,0.1948,,35.333333333333336,32.8,34.0,29.0,41.37931034482758
017,2019,6,Taita Taveta,2019-06-01,15.52,15.92,chirps+openmeteo,0.4589,0.2796,modis,107.28,wb_foodindex,42.0,fewsnet_prices,880597,0.1927,hdx_knbs,25.0,fewsnet_ipc,mixed,Semi-arid,0.49999999999999994,-0.8660254037844387,-0.6908586887266911,67.86333333333333,44.453333333333326,68.08,17.28,-1.436542572535895,17.36,18.491666666666667,16.75,20.61,1.0081397288955656,0.42746666666666666,0.3954166666666667,0.4603,0.3192,1.1754915706489963,0.25393333333333334,0.23026666666666665,0.2679,0.175,1.3096964529853414,39.0,34.333333333333336,41.0,31.0,35.48387096774193
017,2019,7,Taita Taveta,2019-07-01,14.8,15.74,chirps+openmeteo,0.3476,0.1977,modis,107.28,wb_foodindex,41.0,fewsnet_prices,880597,0.1927,hdx_knbs,25.0,,mixed,Semi-arid,1.2246467991473532e-16,-1.0,-0.6379762950119992,32.800000000000004,42.885,15.52,119.99,-1.2175908025666815,16.136666666666667,17.98333333333333,15.92,19.41,-0.6801669273017682,0.4222666666666666,0.38116666666666665,0.4589,0.3632,-0.6936877270001552,0.24840000000000004,0.22155,0.2796,0.2143,0.9672074016796832,41.333333333333336,36.333333333333336,42.0,34.0,20.58823529411764
017,2019,8,Taita Taveta,2019-08-01,26.75,15.66,chirps+openmeteo,0.2909,0.1602,modis,107.28,wb_foodindex,42.0,fewsnet_prices,880597,0.1927,hdx_knbs,25.0,,mixed,Semi-arid,-0.4999999999999997,-0.8660254037844388,-0.3168444722274366,19.023333333333333,43.73666666666667,14.8,68.08,-1.0723079878340172,15.773333333333333,17.348333333333333,15.74,16.75,-1.3027011167900049,0.36579999999999996,0.37335,0.3476,0.4603,-1.3052953174498172,0.2125,0.21578333333333333,0.1977,0.2679,0.9852949444577915,41.666666666666664,38.5,41.0,41.0,2.4390243902439046
017,2019,9,Taita Taveta,2019-09-01,30.51,16.49,chirps+openmeteo,0.2766,0.143,modis,107.28,wb_foodindex,44.0,fewsnet_prices,880597,0.1927,hdx_knbs,25.0,,mixed,Semi-arid,-0.8660254037844385,-0.5000000000000004,-0.2044107672065958,24.02,45.94166666666666,26.75,15.52,-0.6063006985943167,15.963333333333333,16.661666666666665,15.66,15.92,-1.2704728502951752,0.3050333333333333,0.36625,0.2909,0.4589,-1.380226326124989,0.16696666666666668,0.21045000000000003,0.1602,0.2796,1.1355499479153375,42.333333333333336,40.666666666666664,42.0,42.0,4.761904761904767
017,2019,10,Taita Taveta,2019-10-01,154.37,16.81,chirps+openmeteo,0.3839,0.2266,modis,107.28,wb_foodindex,46.0,fewsnet_prices,880597,0.1927,hdx_knbs,25.0,fewsnet_ipc,mixed,Semi-arid,-1.0,-1.8369701987210297e-16,2.1247340120846068,70.54333333333334,51.67166666666666,30.51,14.8,-0.41449015023455976,16.32,16.22833333333333,16.49,15.74,0.25348821705902025,0.3171333333333333,0.3697,0.2766,0.3476,0.3445905811800537,0.1766,0.2125,0.143,0.1977,1.2516796886513033,44.0,42.666666666666664,44.0,41.0,12.195121951219523
017,2019,11,Taita Taveta,2019-11-01,201.79,17.6,chirps+openmeteo,0.6324,0.4255,modis,107.28,wb_foodindex,46.0,fewsnet_prices,880597,0.1927,hdx_knbs,18.75,,mixed,Semi-arid,-0.8660254037844386,0.5000000000000001,2.1104701963469648,128.89,73.95666666666666,154.37,26.75,0.018412521602747298,16.966666666666665,16.37,16.81,15.66,2.3730151177958123,0.43096666666666666,0.3983833333333333,0.3839,0.2909,2.507625120729566,0.2650333333333333,0.23876666666666665,0.2266,0.1602,1.1144936501943392,45.333333333333336,43.5,46.0,42.0,9.523809523809534
017,2019,12,Taita Taveta,2019-12-01,249.79,18.15,chirps+openmeteo,0.693,0.4839,modis,107.28,wb_foodindex,46.0,fewsnet_prices,880597,0.1927,hdx_knbs,12.5,,mixed,Semi-arid,-0.5000000000000004,0.8660254037844384,2.0708423338392157,201.98333333333335,113.00166666666667,201.79,30.51,0.32202398724346304,17.52,16.741666666666664,17.6,16.49,2.1229743585082064,0.5697666666666666,0.4374,0.6324,0.2766,2.2300581653352287,0.37866666666666665,0.27281666666666665,0.4255,0.143,1.015243711797553,46.0,44.166666666666664,46.0,44.0,4.545454545454541
017,2020,1,Taita Taveta,2020-01-01,114.57,18.71,chirps+openmeteo,0.6611,0.4571,modis,125.82,wb_foodindex,44.0,fewsnet_prices,880597,0.1927,hdx_knbs,6.25,,mixed,Semi-arid,0.0,1.0,0.4150675902145824,188.71666666666667,129.63,249.79,154.37,0.6251365082616153,18.153333333333332,17.236666666666668,18.15,16.81,1.5905749845483965,0.6621666666666667,0.48965,0.693,0.3839,1.6514040568526231,0.4555,0.31605,0.4839,0.2266,0.6745050463158904,45.333333333333336,44.666666666666664,46.0,46.0,-4.347826086956519
017,2020,2,Taita Taveta,2020-02-01,30.37,18.93,chirps+openmeteo,0.6813,0.4522,modis,125.82,wb_foodindex,43.0,fewsnet_prices,880597,0.1927,hdx_knbs,0.0,fewsnet_ipc,mixed,Semi-arid,0.49999999999999994,0.8660254037844387,-0.610129882676742,131.57666666666668,130.23333333333332,114.57,201.79,0.7199210913393139,18.596666666666668,17.781666666666666,18.71,17.6,1.5086333567618342,0.6784666666666667,0.5547166666666666,0.6611,0.6324,1.4192133895267054,0.4644,0.36471666666666663,0.4571,0.4255,0.4980251127500255,44.333333333333336,44.833333333333336,44.0,46.0,-6.521739130434778
017,2020,3,Taita Taveta,2020-03-01,201.97,18.89,chirps+openmeteo,0.6584,0.4095,modis,125.82,wb_foodindex,39.0,fewsnet_prices,880597,0.1927,hdx_knbs,0.0,,mixed,Semi-arid,0.8660254037844386,0.5000000000000001,1.4211225718950742,115.63666666666666,158.81,30.37,249.79,0.6614930700872873,18.843333333333334,18.181666666666665,18.93,18.15,1.2355750016811107,0.6669333333333333,0.61835,0.6813,0.693,0.992918167435152,0.4396,0.40913333333333335,0.4522,0.4839,-0.1314684396244354,42.0,44.0,43.0,46.0,-15.217391304347828
017,2020,4,Taita Taveta,2020-04-01,160.95,17.73,chirps+openmeteo,0.6574,0.4223,modis,125.82,wb_foodindex,37.0,fewsnet_prices,880597,0.1927,hdx_knbs,0.0,,mixed,Semi-arid,1.0,6.123233995736766e-17,0.8666938205095504,131.09666666666666,159.90666666666667,201.97,114.57,-0.08240510564428356,18.516666666666666,18.335,18.89,18.71,1.1366480479736205,0.6657000000000001,0.6639333333333334,0.6584,0.6611,1.025387440160053,0.428,0.44175000000000003,0.4095,0.4571,-0.44338939005410744,39.666666666666664,42.5,39.0,44.0,-15.909090909090907
017,2020,5,Taita Taveta,2020-05-01,21.12,16.57,chirps+openmeteo,0.5983,0.3727,modis,125.82,wb_foodindex,36.75,,880597,0.1927,hdx_knbs,0.0,,mixed,Semi-arid,0.8660254037844387,-0.4999999999999998,-0.8177220900257592,128.01333333333332,129.795,160.95,30.37,-0.8125304985133787,17.73,18.16333333333333,17.73,18.93,0.7268910192555202,0.6380333333333333,0.65825,0.6574,0.6813,0.5935983114468354,0.40149999999999997,0.43294999999999995,0.4223,0.4522,-0.46858644216174894,37.583333333333336,40.958333333333336,37.0,43.0,-14.534883720930235
017,2020,6,Taita Taveta,2020-06-01,15.08,15.77,chirps+openmeteo,0.4932,0.2826,modis,125.82,wb_foodindex,36.5,,880597,0.1927,hdx_knbs,0.0,fewsnet_ipc,mixed,Semi-arid,0.49999999999999994,-0.8660254037844387,-0.8496234901847542,65.71666666666665,90.67666666666666,21.12,201.97,-1.2492231705492962,16.69,17.76666666666667,16.57,18.89,0.0483358338799538,0.5829666666666667,0.62495,0.5983,0.6584,-0.1574063454019384,0.3592,0.3994,0.3727,0.4095,-0.49451109071964305,36.75,39.375,36.75,39.0,-6.41025641025641
017,2020,7,Taita Taveta,2020-07-01,13.45,15.13,chirps+openmeteo,0.3992,0.2119,modis,125.82,wb_foodindex,36.25,,880597,0.1927,hdx_knbs,6.25,,mixed,Semi-arid,1.2246467991473532e-16,-1.0,-0.8308579544171948,16.55,73.82333333333334,15.08,160.95,-1.5151201584729674,15.823333333333336,17.169999999999998,15.77,17.73,-0.5563572178292747,0.49689999999999995,0.5813,0.4932,0.6574,-0.7366056620238942,0.28906666666666664,0.3585333333333333,0.2826,0.4223,-0.521038660349061,36.5,38.083333333333336,36.5,37.0,-2.0270270270270285
017,2020,8,Taita Taveta,2020-08-01,13.94,15.41,chirps+openmeteo,0.3446,0.1817,modis,125.82,wb_foodindex,36.0,fewsnet_prices,880597,0.1927,hdx_knbs,12.5,,mixed,Semi-arid,-0.4999999999999997,-0.8660254037844388,-0.7908213346597175,14.156666666666666,71.085,13.45,21.12,-1.2487911106657783,15.436666666666667,16.583333333333332,15.13,16.57,-0.8841129087355166,0.4123333333333334,0.5251833333333333,0.3992,0.5983,-0.9518445904738422,0.22540000000000002,0.31345,0.2119,0.3727,-0.5480536582285193,36.25,36.916666666666664,36.25,36.75,-2.0408163265306145
017,2020,9,Taita Taveta,2020-09-01,24.94,16.15,chirps+openmeteo,0.3281,0.1771,modis,125.82,wb_foodindex,36.0,fewsnet_prices,880597,0.1927,hdx_knbs,18.75,,mixed,Semi-arid,-0.8660254037844385,-0.5000000000000004,-0.6287147586321544,17.44333333333333,41.58,13.94,15.08,-0.7607188312557251,15.563333333333333,16.12666666666667,15.41,15.77,-0.9502437880899316,0.35729999999999995,0.47013333333333335,0.3446,0.4932,-0.9463538408915791,0.19023333333333334,0.27471666666666666,0.1817,0.2826,-0.5315290741193395,36.083333333333336,36.416666666666664,36.0,36.5,-1.3698630136986356
017,2020,10,Taita Taveta,2020-10-01,18.97,17.81,chirps+openmeteo,0.3065,0.1709,modis,125.82,wb_foodindex,36.0,fewsnet_prices,880597,0.1927,hdx_knbs,25.0,fewsnet_ipc,mixed,Semi-arid,-1.0,-1.8369701987210297e-16,-0.6826608640631152,19.28333333333333,17.916666666666668,24.94,13.45,0.271027438129904,16.456666666666667,16.14,16.15,15.13,-1.0438383632871775,0.32639999999999997,0.41165,0.3281,0.3992,-0.9562345713936873,0.17656666666666668,0.23281666666666664,0.1771,0.2119,-0.5164280548862661,36.0,36.25,36.0,36.25,-0.6896551724137945
017,2020,11,Taita Taveta,2020-11-01,155.23,17.78,chirps+openmeteo,0.4319,0.2649,modis,125.82,wb_foodindex,38.0,fewsnet_prices,880597,0.1927,hdx_knbs,18.75,,mixed,Semi-arid,-0.8660254037844386,0.5000000000000001,1.055770007612093,66.38,40.26833333333333,18.97,13.94,0.24619850041991256,17.246666666666666,16.34166666666667,17.81,15.41,-0.18815597156424296,0.3555,0.3839166666666667,0.3065,0.3446,-0.12834441159479568,0.2043,0.21485,0.1709,0.1817,-0.13165645606839785,36.666666666666664,36.458333333333336,36.0,36.0,5.555555555555558
017,2020,12,Taita Taveta,2020-12-01,104.54,18.28,chirps+openmeteo,0.5959,0.3668,modis,125.82,wb_foodindex,39.0,fewsnet_prices,880597,0.1927,hdx_knbs,12.5,,mixed,Semi-arid,-0.5000000000000004,0.8660254037844384,0.38303076363157923,92.91333333333334,55.178333333333335,155.23,24.94,0.5576247820469176,17.956666666666667,16.76,17.78,16.15,0.913733874803628,0.4447666666666667,0.40103333333333335,0.4319,0.3281,0.7607530199839299,0.26753333333333335,0.22888333333333333,0.2649,0.1771,0.06241694573737483,37.666666666666664,36.875,38.0,36.0,8.333333333333325
017,2021,1,Taita Taveta,2021-01-01,44.04,18.16,chirps+openmeteo,0.5571,0.3146,modis,123.29,wb_foodindex,38.25,fewsnet_prices,880597,0.1927,hdx_knbs,6.25,,mixed,Semi-arid,0.0,1.0,-0.43791323050341296,101.26999999999998,60.27666666666667,104.54,18.97,0.5017789415357111,18.073333333333334,17.265,18.28,17.81,0.6031593682071259,0.5283000000000001,0.42735000000000006,0.5959,0.3065,0.26349005067920284,0.3154333333333334,0.246,0.3668,0.1709,-0.18026506873496473,38.416666666666664,37.208333333333336,39.0,36.0,6.25
017,2021,2,Taita Taveta,2021-02-01,33.34,18.8,chirps+openmeteo,0.4709,0.2737,modis,123.29,wb_foodindex,37.35,fewsnet_prices,880597,0.1927,hdx_knbs,0.0,fewsnet_ipc,mixed,Semi-arid,0.49999999999999994,0.8660254037844387,-0.5908139429963789,60.64000000000001,63.51,44.04,155.23,0.9733922027440206,18.413333333333334,17.830000000000002,18.16,17.78,-0.03180761069986611,0.5413,0.44839999999999997,0.5571,0.4319,-0.1391627421928043,0.3183666666666667,0.26133333333333336,0.3146,0.2649,-0.5108755431006154,38.199999999999996,37.43333333333333,38.25,38.0,-1.7105263157894735
017,2021,3,Taita Taveta,2021-03-01,20.2,19.39,chirps+openmeteo,0.4083,0.2194,modis,123.29,wb_foodindex,37.4,fewsnet_prices,880597,0.1927,hdx_knbs,6.25,,mixed,Semi-arid,0.8660254037844386,0.5000000000000001,-0.7707356646577528,32.526666666666664,62.720000000000006,33.34,104.54,1.5188218819484052,18.783333333333335,18.37,18.8,18.28,-0.5105087539900957,0.47876666666666673,0.4617666666666667,0.4709,0.5959,-0.666089346823978,0.2692333333333334,0.26838333333333336,0.2737,0.3668,-0.6237083169220362,37.666666666666664,37.666666666666664,37.35,39.0,-4.10256410256411
017,2021,4,Taita Taveta,2021-04-01,107.32,18.26,chirps+openmeteo,0.4926,0.2957,modis,123.29,wb_foodindex,35.0,fewsnet_prices,880597,0.1927,hdx_knbs,12.5,,mixed,Semi-arid,1.0,6.123233995736766e-17,0.41463480636744726,53.62,77.445,20.2,44.04,0.7510074489737575,18.816666666666666,18.445,19.39,18.16,0.059205550280978445,0.45726666666666665,0.49278333333333335,0.4083,0.5571,0.015483793855020817,0.26293333333333335,0.28918333333333335,0.2194,0.3146,-1.3117234966547973,36.583333333333336,37.5,37.4,38.25,-8.496732026143794
017,2021,5,Taita Taveta,2021-05-01,45.87,16.86,chirps+openmeteo,0.4965,0.2922,modis,123.29,wb_foodindex,35.0,fewsnet_prices,880597,0.1927,hdx_knbs,18.75,,mixed,Semi-arid,0.8660254037844387,-0.4999999999999998,-0.40450205697572217,57.79666666666666,59.21833333333333,107.32,33.34,-0.33367019489059946,18.17,18.291666666666668,18.26,18.8,0.07676761778168197,0.4658,0.50355,0.4926,0.4709,-0.027222648766127296,0.26910000000000006,0.29373333333333335,0.2957,0.2737,-1.2042163323715802,35.800000000000004,37.0,35.0,37.35,-6.291834002677376
017,2021,6,Taita Taveta,2021-06-01,5.86,15.59,chirps+openmeteo,0.3756,0.2171,modis,123.29,wb_foodindex,36.0,fewsnet_prices,880597,0.1927,hdx_knbs,25.0,fewsnet_ipc,mixed,Semi-arid,0.49999999999999994,-0.8660254037844387,-0.9349817026746016,53.01666666666666,42.77166666666667,45.87,20.2,-1.2879461470265408,16.903333333333336,17.843333333333334,16.86,19.39,-0.7738038542124921,0.4549,0.4668333333333334,0.4965,0.4083,-0.7058982765072901,0.26833333333333337,0.2687833333333333,0.2922,0.2194,-0.8624158597774884,35.333333333333336,36.5,35.0,37.4,-3.743315508021383
017,2021,7,Taita Taveta,2021-07-01,10.93,15.0,chirps+openmeteo,0.3271,0.1772,modis,123.29,wb_foodindex,37.0,fewsnet_prices,880597,0.1927,hdx_knbs,25.0,,mixed,Semi-arid,1.2246467991473532e-16,-1.0,-0.8630157154309538,20.88666666666666,37.25333333333333,5.86,107.32,-1.6568792586463577,15.816666666666668,17.316666666666666,15.59,18.26,-1.1110378942810681,0.39973333333333333,0.42849999999999994,0.3756,0.4926,-1.0629319750085386,0.22883333333333333,0.24588333333333334,0.2171,0.2957,-0.5498395871144968,36.0,36.291666666666664,36.0,35.0,5.714285714285716
017,2021,8,Taita Taveta,2021-08-01,13.95,15.66,chirps+openmeteo,0.3017,0.161,modis,123.29,wb_foodindex,38.0,fewsnet_prices,880597,0.1927,hdx_knbs,25.0,,mixed,Semi-arid,-0.4999999999999997,-0.8660254037844388,-0.8109087925555996,10.24666666666666,34.02166666666666,10.93,45.87,-1.1702305017956562,15.416666666666666,16.793333333333333,15.0,16.86,-1.302687247734074,0.3348,0.40030000000000004,0.3271,0.4965,-1.2142175069434549,0.18510000000000001,0.2271,0.1772,0.2922,-0.24189075693531417,37.0,36.4,37.0,35.0,8.571428571428562
017,2021,9,Taita Taveta,2021-09-01,11.35,16.2,chirps+openmeteo,0.2937,0.1595,modis,123.29,wb_foodindex,38.0,fewsnet_prices,880597,0.1927,hdx_knbs,25.0,,mixed,Semi-arid,-0.8660254037844385,-0.5000000000000004,-0.828417417962741,12.07666666666666,32.54666666666667,13.95,5.86,-0.7585088504798801,15.62,16.261666666666667,15.66,15.59,-1.3761475034519697,0.30750000000000005,0.3812,0.3017,0.3756,-1.2454566348188711,0.16590000000000002,0.21711666666666665,0.161,0.2171,-0.18228619282735123,37.666666666666664,36.5,38.0,36.0,5.555555555555558
017,2021,10,Taita Taveta,2021-10-01,19.6,17.68,chirps+openmeteo,0.2675,0.1595,modis,123.29,wb_foodindex,40.0,fewsnet_prices,880597,0.1927,hdx_knbs,25.0,fewsnet_ipc,mixed,Semi-arid,-1.0,-1.8369701987210297e-16,-0.6556076086672685,14.966666666666661,17.926666666666666,11.35,10.93,0.29960549003763837,16.513333333333335,16.165,16.2,15.0,-1.4716865981151257,0.28763333333333335,0.34368333333333334,0.2937,0.3271,-1.1897417048785668,0.16,0.19441666666666668,0.1595,0.1772,0.501899570606146,38.666666666666664,37.333333333333336,38.0,37.0,8.108108108108114
017,2021,11,Taita Taveta,2021-11-01,70.38,19.1,chirps+openmeteo,0.2781,0.1561,modis,123.29,wb_foodindex,40.0,fewsnet_prices,880597,0.1927,hdx_knbs,25.0,,mixed,Semi-arid,-0.8660254037844386,0.5000000000000001,0.11008845014072485,33.776666666666664,22.011666666666667,19.6,13.95,1.249574548215656,17.66,16.538333333333334,17.68,15.66,-1.2796446090811289,0.27976666666666666,0.30728333333333335,0.2675,0.3017,-1.125760493903718,0.15836666666666666,0.17173333333333332,0.1595,0.161,0.6661118502198945,39.333333333333336,38.166666666666664,40.0,38.0,5.263157894736836
017,2021,12,Taita Taveta,2021-12-01,175.12,17.95,chirps+openmeteo,0.483,0.2905,modis,123.29,wb_foodindex,41.0,fewsnet_prices,880597,0.1927,hdx_knbs,25.0,,mixed,Semi-arid,-0.5000000000000004,0.8660254037844384,1.8896421799071643,88.36666666666667,50.221666666666664,70.38,11.35,0.4432680223930204,18.243333333333336,16.93166666666667,19.1,16.2,0.20910225487243556,0.34286666666666665,0.3251833333333333,0.2781,0.2937,0.2035683337516337,0.20203333333333331,0.1839666666666667,0.1561,0.1595,1.3209447935750103,40.333333333333336,39.0,40.0,38.0,7.8947368421052655
017,2022,1,Taita Taveta,2022-01-01,18.62,19.35,chirps+openmeteo,0.5299,0.331,modis,112.38,wb_foodindex,44.0,fewsnet_prices,880597,0.1927,hdx_knbs,25.0,,mixed,Semi-arid,0.0,1.0,-0.6134895393157324,88.03999999999998,51.50333333333333,175.12,19.6,1.3854653104743524,18.8,17.656666666666666,17.95,17.68,0.6213705505356646,0.4303333333333333,0.3589833333333334,0.483,0.2675,0.7157847699347716,0.25920000000000004,0.2096,0.2905,0.1595,2.6149315301382856,41.666666666666664,40.166666666666664,41.0,40.0,10.000000000000009
017,2022,2,Taita Taveta,2022-02-01,34.52,20.04,chirps+openmeteo,0.4253,0.2337,modis,112.38,wb_foodindex,44.0,fewsnet_prices,880597,0.1927,hdx_knbs,25.0,fewsnet_ipc,mixed,Semi-arid,0.49999999999999994,0.8660254037844387,-0.3537919722449703,76.08666666666666,54.931666666666665,18.62,70.38,1.7482744958147867,19.113333333333333,18.386666666666667,19.35,19.1,-0.10852302197468144,0.4794,0.37958333333333333,0.5299,0.2781,-0.2666101215001723,0.28506666666666663,0.22171666666666667,0.331,0.1561,2.4878333020495242,43.0,41.166666666666664,44.0,40.0,10.000000000000009
017,2022,3,Taita Taveta,2022-03-01,29.92,20.23,chirps+openmeteo,0.3676,0.2028,modis,112.38,wb_foodindex,45.2,fewsnet_prices,880597,0.1927,hdx_knbs,25.0,,mixed,Semi-arid,0.8660254037844386,0.5000000000000001,-0.36208605256760296,27.686666666666657,58.026666666666664,34.52,175.12,1.7445342362528067,19.873333333333335,19.058333333333334,20.04,17.95,-0.5254901423741519,0.44093333333333334,0.39189999999999997,0.4253,0.483,-0.5765981196268591,0.25583333333333336,0.22893333333333332,0.2337,0.2905,2.460236998949195,44.4,42.36666666666667,44.0,41.0,10.2439024390244
017,2022,4,Taita Taveta,2022-04-01,95.84,18.62,chirps+openmeteo,0.3504,0.2049,modis,112.38,wb_foodindex,47.0,fewsnet_prices,880597,0.1927,hdx_knbs,25.0,,mixed,Semi-arid,1.0,6.123233995736766e-17,1.0537569248470504,53.426666666666655,70.73333333333333,29.92,18.62,0.701894100881688,19.630000000000003,19.215,20.23,19.35,-0.6239683619790287,0.3811,0.40571666666666667,0.3676,0.5299,-0.49068172392084575,0.2138,0.23650000000000002,0.2028,0.331,2.505053920403907,45.4,43.53333333333333,45.2,44.0,6.818181818181812
017,2022,5,Taita Taveta,2022-05-01,25.1,17.46,chirps+openmeteo,0.3633,0.2139,modis,112.38,wb_foodindex,54.0,fewsnet_prices,880597,0.1927,hdx_knbs,25.0,,mixed,Semi-arid,0.8660254037844387,-0.4999999999999998,-0.4463477938928509,50.28666666666666,63.18666666666667,95.84,34.52,-0.04281005048935204,18.770000000000003,18.941666666666666,18.62,20.04,-0.43185886182673017,0.36043333333333333,0.4199166666666667,0.3504,0.4253,-0.2870493836356293,0.20719999999999997,0.24613333333333334,0.2049,0.2337,3.219471913829731,48.73333333333333,45.86666666666667,47.0,44.0,22.72727272727273
017,2022,6,Taita Taveta,2022-06-01,12.67,15.98,chirps+openmeteo,0.3086,0.1668,modis,112.38,wb_foodindex,60.0,fewsnet_prices,880597,0.1927,hdx_knbs,25.0,fewsnet_ipc,mixed,Semi-arid,0.49999999999999994,-0.8660254037844387,-0.7064524758770397,44.53666666666666,36.11166666666667,25.1,29.92,-0.9813419897087358,17.353333333333335,18.613333333333333,17.46,20.23,-0.9357010237105237,0.34076666666666666,0.39085,0.3633,0.3676,-0.9664258662752636,0.1952,0.2255166666666667,0.2139,0.2028,3.196520066798323,53.666666666666664,49.03333333333333,54.0,45.2,32.74336283185839
017,2022,7,Taita Taveta,2022-07-01,8.78,14.72,chirps+openmeteo,0.2822,0.1507,modis,112.38,wb_foodindex,66.0,fewsnet_prices,880597,0.1927,hdx_knbs,25.0,,mixed,Semi-arid,1.2246467991473532e-16,-1.0,-0.7821407182104824,15.516666666666657,34.47166666666667,12.67,95.84,-1.733023695989517,16.053333333333335,17.841666666666665,15.98,18.62,-1.1318456334561153,0.31803333333333333,0.34956666666666664,0.3086,0.3504,-1.1501249375298792,0.17713333333333336,0.19546666666666668,0.1668,0.2049,3.0499195634625327,60.0,52.699999999999996,60.0,47.0,40.42553191489362
017,2022,8,Taita Taveta,2022-08-01,10.44,14.75,chirps+openmeteo,0.2574,0.1342,modis,112.38,wb_foodindex,70.0,fewsnet_prices,880597,0.1927,hdx_knbs,25.0,,mixed,Semi-arid,-0.4999999999999997,-0.8660254037844388,-0.7423802180717185,10.62999999999999,30.458333333333332,8.78,25.1,-1.6538962838149949,15.15,16.959999999999997,14.72,17.46,-1.3054629697196187,0.28273333333333334,0.32158333333333333,0.2822,0.3633,-1.333931355782998,0.15056666666666665,0.17888333333333337,0.1507,0.2139,2.7594011616320193,65.33333333333333,57.03333333333333,66.0,54.0,29.629629629629626
017,2022,9,Taita Taveta,2022-09-01,11.17,15.7,chirps+openmeteo,0.2328,0.1316,modis,112.38,wb_foodindex,73.0,fewsnet_prices,880597,0.1927,hdx_knbs,25.0,,mixed,Semi-arid,-0.8660254037844385,-0.5000000000000004,-0.7098220096831203,10.12999999999999,27.333333333333332,10.44,12.67,-1.0580146220790647,15.056666666666667,16.205000000000002,14.75,15.98,-1.4502698250954151,0.2574666666666667,0.2991166666666667,0.2574,0.3086,-1.3055006835478222,0.13883333333333334,0.16701666666666667,0.1342,0.1668,2.4935522768847522,69.66666666666667,61.666666666666664,70.0,60.0,21.666666666666657
017,2022,10,Taita Taveta,2022-10-01,14.25,17.3,chirps+openmeteo,0.2307,0.1388,modis,112.38,wb_foodindex,74.0,fewsnet_prices,880597,0.1927,hdx_knbs,25.0,fewsnet_ipc,mixed,Semi-arid,-1.0,-1.8369701987210297e-16,-0.6397607007381385,11.953333333333324,13.735,11.17,8.78,-0.09102991235550648,15.91666666666667,15.985,15.7,14.72,-1.3927182061372576,0.24029999999999999,0.2791666666666667,0.2328,0.2822,-1.157490548763083,0.13486666666666666,0.156,0.1316,0.1507,2.188807615773905,72.33333333333333,66.16666666666667,73.0,66.0,12.12121212121211
017,2022,11,Taita Taveta,2022-11-01,120.26,17.54,chirps+openmeteo,0.2762,0.1546,modis,112.38,wb_foodindex,77.0,fewsnet_prices,880597,0.1927,hdx_knbs,25.0,,mixed,Semi-arid,-0.8660254037844386,0.5000000000000001,1.7078816371483136,48.559999999999995,29.595,14.25,10.44,0.05824548893353558,16.846666666666668,15.998333333333333,17.3,14.75,-0.8968178325767924,0.24656666666666668,0.26465,0.2307,0.2574,-0.8572679465972441,0.14166666666666664,0.14611666666666667,0.1388,0.1342,2.0787348823699436,74.66666666666667,70.0,74.0,70.0,10.000000000000009
017,2022,12,Taita Taveta,2022-12-01,72.95,18.59,chirps+openmeteo,0.4067,0.2575,modis,112.38,wb_foodindex,78.0,fewsnet_prices,880597,0.1927,hdx_knbs,25.0,,mixed,Semi-arid,-0.5000000000000004,0.8660254037844384,0.7069183220853249,69.15333333333332,39.64166666666667,120.26,11.17,0.6745963229011482,17.810000000000002,16.433333333333334,17.54,15.7,0.4137067125875713,0.3045333333333333,0.281,0.2762,0.2328,0.7606332838040523,0.18363333333333334,0.1612333333333333,0.1546,0.1316,1.8805818270077697,76.33333333333333,73.0,77.0,73.0,6.849315068493156
018,2019,1,Nakuru,2019-01-01,19.1,27.16,chirps+openmeteo,0.4979,0.2625,modis,107.28,wb_foodindex,27.78,fewsnet_prices,423511,0.1773,hdx_knbs,0.0,,mixed,Rift Valley / Mixed,0.0,1.0,,19.1,19.1,,,,27.16,27.16,,,,0.4979,0.4979,,,,0.2625,0.2625,,,,27.78,27.78,,,
018,2019,2,Nakuru,2019-02-01,9.32,27.9,chirps+openmeteo,0.3961,0.2352,modis,107.28,wb_foodindex,27.78,fewsnet_prices,423511,0.1773,hdx_knbs,0.0,fewsnet_ipc,mixed,Rift Valley / Mixed,0.49999999999999994,0.8660254037844387,,14.21,14.21,19.1,,,27.53,27.53,27.16,,,0.447,0.447,0.4979,,,0.24885000000000002,0.24885000000000002,0.2625,,,27.78,27.78,27.78,,
018,2019,3,Nakuru,2019-03-01,30.36,28.36,chirps+openmeteo,0.3699,0.1937,modis,107.28,wb_foodindex,34.72,fewsnet_prices,423511,0.1773,hdx_knbs,0.0,,mixed,Rift Valley / Mixed,0.8660254037844386,0.5000000000000001,,19.593333333333334,19.593333333333334,9.32,,,27.80666666666667,27.80666666666667,27.9,,,0.4213,0.4213,0.3961,,,0.23046666666666668,0.23046666666666668,0.2352,,,30.093333333333334,30.093333333333334,27.78,,
018,2019,4,Nakuru,2019-04-01,92.52,27.88,chirps+openmeteo,0.3526,0.1766,modis,107.28,wb_foodindex,38.89,fewsnet_prices,423511,0.1773,hdx_knbs,0.0,,mixed,Rift Valley / Mixed,1.0,6.123233995736766e-17,,44.06666666666666,37.825,30.36,19.1,,28.046666666666667,27.825,28.36,27.16,,0.3728666666666667,0.404125,0.3699,0.4979,,0.20183333333333334,0.217,0.1937,0.2625,,33.79666666666667,32.292500000000004,34.72,27.78,39.992800575953915
018,2019,5,Nakuru,2019-05-01,74.04,26.35,chirps+openmeteo,0.4035,0.2061,modis,107.28,wb_foodindex,47.22,fewsnet_prices,423511,0.1773,hdx_knbs,0.0,,mixed,Rift Valley / Mixed,0.8660254037844387,-0.4999999999999998,,65.64,45.068,92.52,9.32,,27.53,27.53,27.88,27.9,,0.37533333333333335,0.404,0.3526,0.3961,,0.19213333333333335,0.21482,0.1766,0.2352,,40.276666666666664,35.278,38.89,27.78,69.97840172786177
018,2019,6,Nakuru,2019-06-01,164.87,23.26,chirps+openmeteo,0.5401,0.2928,modis,107.28,wb_foodindex,48.33,fewsnet_prices,423511,0.1773,hdx_knbs,0.0,fewsnet_ipc,mixed,Rift Valley / Mixed,0.49999999999999994,-0.8660254037844387,1.7011797220131843,110.47666666666667,65.03500000000001,74.04,30.36,-1.8927474547130774,25.83,26.81833333333333,26.35,28.36,1.5123392257917811,0.43206666666666677,0.42668333333333336,0.4035,0.3699,1.4724144272951107,0.22516666666666665,0.22781666666666667,0.2061,0.1937,1.2005830502944779,44.81333333333333,37.45333333333333,47.22,34.72,39.19930875576036
018,2019,7,Nakuru,2019-07-01,149.39,23.58,chirps+openmeteo,0.6878,0.4243,modis,107.28,wb_foodindex,45.0,fewsnet_prices,423511,0.1773,hdx_knbs,0.0,,mixed,Rift Valley / Mixed,1.2246467991473532e-16,-1.0,1.1597965239054655,129.43333333333334,86.75,164.87,92.52,-1.316792329205964,24.396666666666665,26.221666666666668,23.26,27.88,1.8633698476212561,0.5438000000000001,0.4583333333333333,0.5401,0.3526,1.9933455989942255,0.30773333333333336,0.25478333333333336,0.2928,0.1766,0.7394160732685383,46.85,40.32333333333333,48.33,38.89,15.710979686294667
018,2019,8,Nakuru,2019-08-01,164.93,23.19,chirps+openmeteo,0.6935,0.4309,modis,107.28,wb_foodindex,35.0,fewsnet_prices,423511,0.1773,hdx_knbs,0.0,,mixed,Rift Valley / Mixed,-0.4999999999999997,-0.8660254037844388,1.172719390214616,159.73,112.685,149.39,74.04,-1.231251833648132,23.343333333333334,25.436666666666667,23.58,26.35,1.4588337775278788,0.6404666666666667,0.5078999999999999,0.6878,0.4035,1.535429072916821,0.3826666666666667,0.2874,0.4243,0.2061,-0.3770617390600499,42.776666666666664,41.526666666666664,45.0,47.22,-25.878864887759423
018,2019,9,Nakuru,2019-09-01,79.86,24.78,chirps+openmeteo,0.6598,0.394,modis,107.28,wb_foodindex,35.0,fewsnet_prices,423511,0.1773,hdx_knbs,0.0,,mixed,Rift Valley / Mixed,-0.8660254037844385,-0.5000000000000004,-0.11885813404934734,131.39333333333335,120.935,164.93,164.87,-0.4899325147102028,23.849999999999998,24.84,23.19,23.26,1.0588114961665336,0.6803666666666667,0.5562166666666667,0.6935,0.5401,1.0227870583389662,0.41640000000000005,0.32078333333333336,0.4309,0.2928,-0.35511621382861286,38.333333333333336,41.57333333333333,35.0,48.33,-27.58121249741361
018,2019,10,Nakuru,2019-10-01,139.48,23.51,chirps+openmeteo,0.5733,0.3806,modis,107.28,wb_foodindex,35.0,fewsnet_prices,423511,0.1773,hdx_knbs,0.0,fewsnet_ipc,mixed,Rift Valley / Mixed,-1.0,-1.8369701987210297e-16,0.782527460186364,128.09,128.76166666666666,79.86,149.39,-0.9718182971668576,23.826666666666668,24.111666666666668,24.78,23.58,0.41764003064234007,0.6422,0.5930000000000001,0.6598,0.6878,0.8142083634341771,0.4018333333333333,0.3547833333333333,0.394,0.4243,-0.33661249429717,35.0,40.925000000000004,35.0,45.0,-22.22222222222222
018,2019,11,Nakuru,2019-11-01,135.4,23.61,chirps+openmeteo,0.6669,0.3782,modis,107.28,wb_foodindex,37.5,fewsnet_prices,423511,0.1773,hdx_knbs,0.0,,mixed,Rift Valley / Mixed,-0.8660254037844386,0.5000000000000001,0.6678881057529583,118.24666666666667,138.98833333333334,139.48,164.93,-0.8506225103713342,23.96666666666667,23.655,23.51,23.19,1.009162892470642,0.6333333333333334,0.6369,0.5733,0.6935,0.7342952907579477,0.3842666666666667,0.3834666666666666,0.3806,0.4309,0.003653638190278899,35.833333333333336,39.305,35.0,35.0,7.14285714285714
018,2019,12,Nakuru,2019-12-01,133.16,23.11,chirps+openmeteo,0.6294,0.3876,modis,107.28,wb_foodindex,40.0,fewsnet_prices,423511,0.1773,hdx_knbs,0.0,,mixed,Rift Valley / Mixed,-0.5000000000000004,0.8660254037844384,0.594621853739805,136.01333333333332,133.70333333333335,135.4,79.86,-0.9919109140441461,23.41,23.63,23.61,24.78,0.685846050836063,0.6232000000000001,0.6517833333333333,0.6669,0.6598,0.7747659866216757,0.3821333333333334,0.3992666666666667,0.3782,0.394,0.3464236981145082,37.5,37.916666666666664,37.5,35.0,14.28571428571428
018,2020,1,Nakuru,2020-01-01,50.95,24.59,chirps+openmeteo,0.6347,0.3838,modis,125.82,wb_foodindex,43.3,fewsnet_prices,423511,0.1773,hdx_knbs,0.0,,mixed,Rift Valley / Mixed,0.0,1.0,-0.7975354931230975,106.50333333333333,117.29666666666668,133.16,139.48,-0.2857997539453602,23.77,23.798333333333336,23.11,23.51,0.6851132841777949,0.6436666666666667,0.6429333333333334,0.6294,0.5733,0.6931047464031087,0.3832,0.3925166666666667,0.3876,0.3806,0.7871185501736166,40.266666666666666,37.63333333333333,40.0,35.0,23.714285714285708
018,2020,2,Nakuru,2020-02-01,32.13,25.12,chirps+openmeteo,0.6284,0.3679,modis,125.82,wb_foodindex,45.0,fewsnet_prices,423511,0.1773,hdx_knbs,0.0,fewsnet_ipc,mixed,Rift Valley / Mixed,0.49999999999999994,0.8660254037844387,-1.0446905946827247,72.08,95.16333333333334,50.95,135.4,-0.026133271139475108,24.27333333333333,24.12,24.59,23.61,0.6054099690793238,0.6308333333333334,0.6320833333333334,0.6347,0.6669,0.5003744098504892,0.37976666666666664,0.38201666666666667,0.3838,0.3782,0.970078902720037,42.76666666666667,39.300000000000004,43.3,37.5,19.999999999999996
018,2020,3,Nakuru,2020-03-01,157.04,25.87,chirps+openmeteo,0.5799,0.338,modis,125.82,wb_foodindex,45.0,fewsnet_prices,423511,0.1773,hdx_knbs,0.0,,mixed,Rift Valley / Mixed,0.8660254037844386,0.5000000000000001,1.079540752711873,80.04,108.02666666666669,32.13,133.16,0.3422737571657158,25.19333333333333,24.301666666666666,25.12,23.11,0.2117071847490479,0.6143333333333333,0.6187666666666667,0.6284,0.6294,0.1656895841072835,0.36323333333333335,0.3726833333333333,0.3679,0.3876,0.9093675756344202,44.43333333333334,40.96666666666667,45.0,40.0,12.5
018,2020,4,Nakuru,2020-04-01,251.2,24.92,chirps+openmeteo,0.602,0.3489,modis,125.82,wb_foodindex,44.3,,423511,0.1773,hdx_knbs,0.0,,mixed,Rift Valley / Mixed,1.0,6.123233995736766e-17,2.164468627162559,146.79,126.64666666666666,157.04,50.95,-0.15168393528790944,25.30333333333333,24.536666666666665,25.87,24.59,0.3804988989708373,0.6034333333333334,0.6235499999999999,0.5799,0.6347,0.28069647226037875,0.3516000000000001,0.3674,0.338,0.3838,0.7626261698864547,44.76666666666667,42.516666666666666,45.0,43.3,2.3094688221708903
018,2020,5,Nakuru,2020-05-01,153.82,24.2,chirps+openmeteo,0.6915,0.3846,modis,125.82,wb_foodindex,43.6,,423511,0.1773,hdx_knbs,0.0,,mixed,Rift Valley / Mixed,0.8660254037844387,-0.4999999999999998,0.6891829109222005,187.35333333333332,129.71666666666667,251.2,32.13,-0.5226261786099774,24.996666666666666,24.635,24.92,25.12,1.066646023018558,0.6244666666666667,0.6276499999999999,0.602,0.6284,0.6713096580258248,0.3571666666666667,0.36846666666666666,0.3489,0.3679,0.627801664866472,44.300000000000004,43.53333333333333,44.3,45.0,-3.111111111111109
018,2020,6,Nakuru,2020-06-01,173.39,23.33,chirps+openmeteo,0.6806,0.4052,modis,125.82,wb_foodindex,42.9,,423511,0.1773,hdx_knbs,0.0,fewsnet_ipc,mixed,Rift Valley / Mixed,0.49999999999999994,-0.8660254037844387,0.931798042404804,192.8033333333333,136.42166666666665,153.82,157.04,-0.951375895452863,24.150000000000002,24.671666666666667,24.2,25.87,0.9232896287791084,0.6580333333333334,0.6361833333333333,0.6915,0.5799,0.8723658511806422,0.37956666666666666,0.3714,0.3846,0.338,0.4999324459534582,43.6,44.01666666666667,43.6,45.0,-4.666666666666675
018,2020,7,Nakuru,2020-07-01,213.28,22.28,chirps+openmeteo,0.6941,0.4249,modis,125.82,wb_foodindex,42.2,,423511,0.1773,hdx_knbs,0.0,,mixed,Rift Valley / Mixed,1.2246467991473532e-16,-1.0,1.4064589358475896,180.16333333333333,163.47666666666666,173.39,251.2,-1.4073024464955388,23.27,24.286666666666665,23.33,24.92,0.9824358842443882,0.6887333333333334,0.6460833333333333,0.6806,0.602,1.0465747339250553,0.40490000000000004,0.37825000000000003,0.4052,0.3489,0.37589462320857053,42.9,43.833333333333336,42.9,44.3,-4.740406320541746
018,2020,8,Nakuru,2020-08-01,208.11,22.71,chirps+openmeteo,0.701,0.4032,modis,125.82,wb_foodindex,41.5,fewsnet_prices,423511,0.1773,hdx_knbs,0.0,,mixed,Rift Valley / Mixed,-0.4999999999999997,-0.8660254037844388,1.2422198948712273,198.26,192.80666666666664,213.28,153.82,-1.1079703501689768,22.77333333333333,23.885,22.28,24.2,0.9880247934223657,0.6919000000000001,0.6581833333333332,0.6941,0.6915,0.7551472720231187,0.4111,0.3841333333333334,0.4249,0.3846,0.2536874718599196,42.2,43.25,42.2,43.6,-4.816513761467888
018,2020,9,Nakuru,2020-09-01,101.36,23.53,chirps+openmeteo,0.6809,0.4045,modis,125.82,wb_foodindex,57.5,fewsnet_prices,423511,0.1773,hdx_knbs,0.0,,mixed,Rift Valley / Mixed,-0.8660254037844385,-0.5000000000000004,-0.2836843503493619,174.25,183.52666666666667,208.11,173.39,-0.6476432580042952,22.84,23.495,22.71,23.33,0.786274423294333,0.6920000000000001,0.6750166666666666,0.701,0.6806,0.7423050014587823,0.4108666666666667,0.3952166666666666,0.4032,0.4052,2.4117675338488826,47.06666666666666,45.333333333333336,41.5,42.9,34.032634032634036
018,2020,10,Nakuru,2020-10-01,107.66,23.93,chirps+openmeteo,0.6282,0.3667,modis,125.82,wb_foodindex,45.0,fewsnet_prices,423511,0.1773,hdx_knbs,0.0,fewsnet_ipc,mixed,Rift Valley / Mixed,-1.0,-1.8369701987210297e-16,-0.18670537051932573,139.04333333333335,159.60333333333332,101.36,213.28,-0.4197012261611824,23.39,23.330000000000002,23.53,22.28,0.3283229394806566,0.6700333333333334,0.6793833333333333,0.6809,0.6941,0.2720977958888581,0.3914666666666667,0.39818333333333333,0.4045,0.4249,0.5845991461426789,48.0,45.449999999999996,57.5,42.2,6.635071090047395
018,2020,11,Nakuru,2020-11-01,101.81,24.22,chirps+openmeteo,0.646,0.3819,modis,125.82,wb_foodindex,43.3,fewsnet_prices,423511,0.1773,hdx_knbs,0.0,,mixed,Rift Valley / Mixed,-0.8660254037844386,0.5000000000000001,-0.268549007833564,103.61,150.93499999999997,107.66,208.11,-0.2536272099715188,23.893333333333334,23.333333333333332,23.93,22.71,0.47090568869238353,0.6517000000000001,0.6718000000000001,0.6282,0.701,0.45087405810886444,0.3843666666666667,0.3977333333333333,0.3667,0.4032,0.32681748746783645,48.6,45.4,45.0,41.5,4.337349397590362
018,2020,12,Nakuru,2020-12-01,19.03,26.31,chirps+openmeteo,0.5826,0.3496,modis,125.82,wb_foodindex,40.0,fewsnet_prices,423511,0.1773,hdx_knbs,0.0,,mixed,Rift Valley / Mixed,-0.5000000000000004,0.8660254037844384,-1.4381975336729962,76.16666666666667,125.20833333333336,101.81,101.36,0.8914421388702535,24.820000000000004,23.830000000000002,24.22,23.53,-0.09012035482807558,0.6189333333333333,0.6554666666666666,0.646,0.6809,0.03739601635527407,0.3660666666666667,0.3884666666666667,0.3819,0.4045,-0.16500533327168235,42.76666666666667,44.916666666666664,43.3,57.5,-30.434782608695656
018,2021,1,Nakuru,2021-01-01,41.84,26.48,chirps+openmeteo,0.5216,0.2817,modis,123.29,wb_foodindex,52.5,fewsnet_prices,423511,0.1773,hdx_knbs,0.0,,mixed,Rift Valley / Mixed,0.0,1.0,-1.132443482410955,54.22666666666667,96.63499999999999,19.03,107.66,1.02449284924385,25.669999999999998,24.53,26.31,23.93,-0.6574026972448869,0.5834,0.6267166666666667,0.5826,0.6282,-0.8694537841394592,0.3377333333333334,0.36460000000000004,0.3496,0.3667,1.6561044565855503,45.26666666666667,46.63333333333333,40.0,45.0,16.666666666666675
018,2021,2,Nakuru,2021-02-01,32.85,26.68,chirps+openmeteo,0.4649,0.2512,modis,123.29,wb_foodindex,45.0,fewsnet_prices,423511,0.1773,hdx_knbs,0.0,fewsnet_ipc,mixed,Rift Valley / Mixed,0.49999999999999994,0.8660254037844387,-1.3148673160376696,31.24,67.425,41.84,101.81,1.227799951271271,26.49,25.191666666666666,26.48,24.22,-1.2545880375240097,0.5230333333333334,0.5873666666666667,0.5216,0.646,-1.2976269027722986,0.2941666666666667,0.33926666666666666,0.2817,0.3819,0.3954596414851797,45.833333333333336,47.21666666666667,52.5,43.3,3.9260969976905313
018,2021,3,Nakuru,2021-03-01,31.75,27.55,chirps+openmeteo,0.4367,0.2303,modis,123.29,wb_foodindex,45.0,fewsnet_prices,423511,0.1773,hdx_knbs,0.0,,mixed,Rift Valley / Mixed,0.8660254037844386,0.5000000000000001,-1.334649530149727,35.48,55.82333333333333,32.85,19.03,1.8584562282374923,26.903333333333336,25.861666666666665,26.68,26.31,-1.6366737517415104,0.4744,0.5466666666666666,0.4649,0.5826,-1.6638161752330511,0.2544,0.31023333333333336,0.2512,0.3496,0.33366605271620586,47.5,45.13333333333333,45.0,40.0,12.5
018,2021,4,Nakuru,2021-04-01,79.53,26.69,chirps+openmeteo,0.4654,0.2434,modis,123.29,wb_foodindex,45.0,fewsnet_prices,423511,0.1773,hdx_knbs,0.0,,mixed,Rift Valley / Mixed,1.0,6.123233995736766e-17,-0.5763902900674307,48.04333333333333,51.135,31.75,41.84,1.4259439814387471,26.973333333333333,26.321666666666662,27.55,26.48,-1.5514557315082633,0.45566666666666666,0.5195333333333333,0.4367,0.5216,-1.657663110557635,0.24163333333333337,0.28968333333333335,0.2303,0.2817,0.28911899195040763,45.0,45.13333333333333,45.0,52.5,-14.28571428571429
018,2021,5,Nakuru,2021-05-01,219.24,24.54,chirps+openmeteo,0.5457,0.3113,modis,123.29,wb_foodindex,53.75,,423511,0.1773,hdx_knbs,0.0,,mixed,Rift Valley / Mixed,0.8660254037844387,-0.4999999999999998,1.4466095389763716,110.17333333333333,70.70666666666666,79.53,32.85,0.028179469283265632,26.26,26.375,26.69,26.68,-0.8055358216379889,0.4826,0.5028166666666666,0.4654,0.4649,-0.7757749603432902,0.2616666666666667,0.27791666666666665,0.2434,0.2512,1.8032569536213103,47.916666666666664,46.875,45.0,45.0,19.444444444444443
018,2021,6,Nakuru,2021-06-01,58.8,26.11,chirps+openmeteo,0.5927,0.3491,modis,123.29,wb_foodindex,62.5,fewsnet_prices,423511,0.1773,hdx_knbs,0.0,fewsnet_ipc,mixed,Rift Valley / Mixed,0.49999999999999994,-0.8660254037844387,-0.8808079453476785,119.19,77.33500000000001,219.24,31.75,1.032218344937652,25.78,26.341666666666665,24.54,27.55,-0.2463541623964201,0.5346000000000001,0.5045000000000001,0.5457,0.4367,-0.17727779234384092,0.30126666666666674,0.2778333333333333,0.3113,0.2303,2.716358816735775,53.75,50.625,53.75,45.0,38.888888888888886
018,2021,7,Nakuru,2021-07-01,108.71,22.97,chirps+openmeteo,0.5886,0.3271,modis,123.29,wb_foodindex,52.5,fewsnet_prices,423511,0.1773,hdx_knbs,0.0,,mixed,Rift Valley / Mixed,1.2246467991473532e-16,-1.0,-0.11569281242469234,128.91666666666666,88.48,58.8,79.53,-1.1045318055149522,24.540000000000003,25.756666666666664,26.11,26.69,-0.25097599013415944,0.5756666666666668,0.5156666666666666,0.5927,0.4654,-0.5032034881946175,0.32916666666666666,0.2854,0.3491,0.2434,1.1367527909674144,56.25,50.625,62.5,45.0,16.666666666666675
018,2021,8,Nakuru,2021-08-01,99.59,24.34,chirps+openmeteo,0.6368,0.3927,modis,123.29,wb_foodindex,48.3,fewsnet_prices,423511,0.1773,hdx_knbs,0.0,,mixed,Rift Valley / Mixed,-0.4999999999999997,-0.8660254037844388,-0.21336863067215722,89.03333333333335,99.60333333333334,108.71,219.24,-0.208905503293943,24.47333333333333,25.366666666666664,22.97,24.54,0.41863132969941463,0.6060333333333334,0.5443166666666667,0.5886,0.5457,0.7228576169161379,0.35630000000000006,0.30898333333333333,0.3271,0.3113,0.46474328081296545,54.43333333333334,51.175000000000004,52.5,53.75,-10.139534883720936
018,2021,9,Nakuru,2021-09-01,117.72,24.16,chirps+openmeteo,0.6329,0.3683,modis,123.29,wb_foodindex,50.0,fewsnet_prices,423511,0.1773,hdx_knbs,0.0,,mixed,Rift Valley / Mixed,-0.8660254037844385,-0.5000000000000004,0.03627264755687527,108.67333333333333,113.93166666666667,99.59,58.8,-0.31531573339508656,23.823333333333334,24.801666666666666,24.34,26.11,0.38482228737125274,0.6194333333333334,0.5770166666666666,0.6368,0.5927,0.2947403423644925,0.3627,0.33198333333333335,0.3927,0.3491,0.6585953689216405,50.26666666666667,52.00833333333333,48.3,62.5,-19.999999999999996
018,2021,10,Nakuru,2021-10-01,82.62,25.8,chirps+openmeteo,0.6141,0.3497,modis,123.29,wb_foodindex,47.9,fewsnet_prices,423511,0.1773,hdx_knbs,0.0,fewsnet_ipc,mixed,Rift Valley / Mixed,-1.0,-1.8369701987210297e-16,-0.45906677014841657,99.97666666666667,114.44666666666666,117.72,108.71,0.7553614718261721,24.766666666666666,24.653333333333332,24.16,22.97,0.10874852005834496,0.6279333333333333,0.6018,0.6329,0.5886,-0.028993162669337855,0.37023333333333336,0.34970000000000007,0.3683,0.3271,0.25663194238138076,48.73333333333333,52.49166666666667,50.0,52.5,-8.76190476190476
018,2021,11,Nakuru,2021-11-01,38.15,27.09,chirps+openmeteo,0.5257,0.3082,modis,123.29,wb_foodindex,47.9,,423511,0.1773,hdx_knbs,0.0,,mixed,Rift Valley / Mixed,-0.8660254037844386,0.5000000000000001,-1.0464674067110626,79.49666666666667,84.265,82.62,99.59,1.488957140371755,25.683333333333334,25.078333333333333,25.8,24.34,-1.0006388880991328,0.5909,0.5984666666666666,0.6141,0.6368,-0.7493145603693747,0.3420666666666667,0.34918333333333335,0.3497,0.3927,0.19283155514242936,48.6,51.51666666666667,47.9,48.3,-0.8281573498964745
018,2021,12,Nakuru,2021-12-01,35.88,26.16,chirps+openmeteo,0.4746,0.2508,modis,123.29,wb_foodindex,47.9,,423511,0.1773,hdx_knbs,0.0,,mixed,Rift Valley / Mixed,-0.5000000000000004,0.8660254037844384,-0.9996234632250649,52.21666666666667,80.445,38.15,117.72,0.7980525404725561,26.350000000000005,25.08666666666667,27.09,24.16,-1.5196439636326884,0.5381333333333334,0.5787833333333333,0.5257,0.6329,-1.6283364919205243,0.3029,0.3328,0.3082,0.3683,0.13823174994306128,47.9,49.083333333333336,47.9,50.0,-4.200000000000004
018,2022,1,Nakuru,2022-01-01,37.18,26.03,chirps+openmeteo,0.4305,0.2237,modis,112.38,wb_foodindex,47.9,,423511,0.1773,hdx_knbs,0.0,,mixed,Rift Valley / Mixed,0.0,1.0,-0.965151640831859,37.07,68.52333333333333,35.88,82.62,0.6636259365318941,26.426666666666666,25.596666666666668,26.16,25.8,-1.8290694686168354,0.4769333333333334,0.5524333333333334,0.4746,0.6141,-1.8517588783924914,0.2609,0.3155666666666667,0.2508,0.3497,0.10361432332458642,47.9,48.31666666666666,47.9,47.9,0.0
018,2022,2,Nakuru,2022-02-01,36.32,27.75,chirps+openmeteo,0.3941,0.2115,modis,112.38,wb_foodindex,47.9,,423511,0.1773,hdx_knbs,0.0,fewsnet_ipc,mixed,Rift Valley / Mixed,0.49999999999999994,0.8660254037844387,-0.982634421605164,36.46,57.97833333333333,37.18,38.15,1.6364744404060183,26.646666666666665,26.165000000000003,26.03,27.09,-1.9598398767164027,0.4330666666666667,0.5119833333333333,0.4305,0.5257,-1.8070467090177271,0.22866666666666668,0.28536666666666666,0.2237,0.3082,0.08111682384462185,47.9,48.25,47.9,47.9,0.0
018,2022,3,Nakuru,2022-03-01,36.35,28.23,chirps+openmeteo,0.3596,0.1842,modis,112.38,wb_foodindex,47.9,,423511,0.1773,hdx_knbs,0.0,,mixed,Rift Valley / Mixed,0.8660254037844386,0.5000000000000001,-0.9045136590465412,36.61666666666667,44.416666666666664,36.32,35.88,1.7497988725972426,27.33666666666667,26.843333333333334,27.75,26.16,-2.016954345195234,0.3947333333333334,0.4664333333333333,0.3941,0.4746,-1.9381816885405778,0.2064666666666667,0.2546833333333333,0.2115,0.2508,0.05845545199694432,47.9,47.9,47.9,47.9,0.0
018,2022,4,Nakuru,2022-04-01,110.51,25.75,chirps+openmeteo,0.3832,0.1771,modis,112.38,wb_foodindex,47.9,,423511,0.1773,hdx_knbs,0.0,,mixed,Rift Valley / Mixed,1.0,6.123233995736766e-17,0.273822996723878,61.06,49.065,36.35,37.18,0.2728488567097678,27.243333333333336,26.834999999999997,28.23,26.03,-1.6004157026780035,0.3789666666666667,0.42795,0.3596,0.4305,-1.7954233454813935,0.19093333333333337,0.22591666666666668,0.1842,0.2237,0.030094650440986307,47.9,47.9,47.9,47.9,0.0
018,2022,5,Nakuru,2022-05-01,98.26,24.75,chirps+openmeteo,0.5642,0.305,modis,112.38,wb_foodindex,47.9,,423511,0.1773,hdx_knbs,0.0,,mixed,Rift Valley / Mixed,0.8660254037844387,-0.4999999999999998,0.11578436580275672,81.70666666666666,59.08333333333334,110.51,36.32,-0.32960654884772966,26.243333333333336,26.444999999999997,25.75,27.75,0.11761153134900544,0.43566666666666665,0.4343666666666666,0.3832,0.3941,-0.0995154846122849,0.2221,0.22538333333333335,0.1771,0.2115,-0.004479074673170373,47.9,47.9,47.9,47.9,0.0
018,2022,6,Nakuru,2022-06-01,60.7,23.8,chirps+openmeteo,0.5823,0.3462,modis,112.38,wb_foodindex,47.9,,423511,0.1773,hdx_knbs,0.0,fewsnet_ipc,mixed,Rift Valley / Mixed,0.49999999999999994,-0.8660254037844387,-0.44385975290291263,89.82333333333334,63.22,98.26,36.35,-0.9139147743202849,24.766666666666666,26.051666666666666,24.75,28.23,0.340163120405372,0.5099,0.4523166666666667,0.5642,0.3596,0.489867323490044,0.2761,0.24128333333333338,0.305,0.1842,-0.0462174959143554,47.9,47.9,47.9,47.9,0.0
018,2022,7,Nakuru,2022-07-01,68.61,23.79,chirps+openmeteo,0.5861,0.3503,modis,112.38,wb_foodindex,47.9,,423511,0.1773,hdx_knbs,0.0,,mixed,Rift Valley / Mixed,1.2246467991473532e-16,-1.0,-0.23056574583304715,75.85666666666667,68.45833333333334,60.7,110.51,-1.014555105755302,24.113333333333333,25.67833333333333,23.8,25.75,0.44136892670099526,0.5775333333333333,0.47825000000000006,0.5823,0.3832,0.6175459284285308,0.33383333333333337,0.26238333333333336,0.3462,0.1771,-0.09680065300247545,47.9,47.9,47.9,47.9,0.0
018,2022,8,Nakuru,2022-08-01,156.81,22.6,chirps+openmeteo,0.5988,0.34,modis,112.38,wb_foodindex,47.9,,423511,0.1773,hdx_knbs,0.0,,mixed,Rift Valley / Mixed,-0.4999999999999997,-0.8660254037844388,1.6679500778240453,95.37333333333333,88.54,68.61,98.26,-1.7568239636907643,23.396666666666665,24.819999999999997,23.79,24.75,0.650391167317791,0.5890666666666667,0.5123666666666666,0.5861,0.5642,0.5280543990080059,0.3455000000000001,0.2838,0.3503,0.305,-0.15922307187673362,47.9,47.9,47.9,47.9,0.0
018,2022,9,Nakuru,2022-09-01,115.15,24.19,chirps+openmeteo,0.6266,0.3719,modis,112.38,wb_foodindex,47.9,,423511,0.1773,hdx_knbs,0.0,,mixed,Rift Valley / Mixed,-0.8660254037844385,-0.5000000000000004,0.7635803387493105,113.52333333333333,101.67333333333335,156.81,60.7,-0.7853905313927312,23.526666666666667,24.146666666666665,22.6,23.8,1.0106605070741006,0.6038333333333333,0.5568666666666667,0.5988,0.5823,1.0486843169169016,0.3540666666666667,0.3150833333333333,0.34,0.3462,-0.0795614087477671,47.9,47.9,47.9,47.9,0.0
018,2022,10,Nakuru,2022-10-01,46.85,26.41,chirps+openmeteo,0.5465,0.3225,modis,112.38,wb_foodindex,47.9,,423511,0.1773,hdx_knbs,0.0,fewsnet_ipc,mixed,Rift Valley / Mixed,-1.0,-1.8369701987210297e-16,-0.62376086585246,106.27,91.06333333333335,115.15,68.61,0.5811982534286085,24.400000000000002,24.25666666666667,24.19,23.79,0.15160876920481373,0.5906333333333333,0.5840833333333334,0.6266,0.5861,0.3312020423255964,0.34480000000000005,0.33931666666666666,0.3719,0.3503,-0.10966890096425978,47.9,47.9,47.9,47.9,0.0
018,2022,11,Nakuru,2022-11-01,126.43,25.55,chirps+openmeteo,0.5003,0.2759,modis,112.38,wb_foodindex,47.9,,423511,0.1773,hdx_knbs,0.0,,mixed,Rift Valley / Mixed,-0.8660254037844386,0.5000000000000001,1.0150600203063809,96.14333333333332,95.75833333333333,46.85,156.81,-0.01460495091322548,25.383333333333336,24.39,26.41,22.6,-0.3225952181851117,0.5578000000000001,0.5734333333333334,0.5465,0.5988,-0.33462727973884915,0.3234333333333333,0.3344666666666667,0.3225,0.34,-0.16114117914717,47.9,47.9,47.9,47.9,0.0
018,2022,12,Nakuru,2022-12-01,44.82,25.57,chirps+openmeteo,0.4826,0.2536,modis,112.38,wb_foodindex,47.9,,423511,0.1773,hdx_knbs,0.0,,mixed,Rift Valley / Mixed,-0.5000000000000004,0.8660254037844384,-0.7146453821896132,72.69999999999999,93.11166666666666,126.43,115.15,0.01911740124673558,25.843333333333334,24.685,25.55,24.19,-0.4867152337704586,0.5098,0.5568166666666666,0.5003,0.6266,-0.6331998407803398,0.28400000000000003,0.31903333333333334,0.2759,0.3719,-0.2720929865665449,47.9,47.9,47.9,47.9,0.0
019,2019,1,Narok,2019-01-01,24.05,19.2,chirps+openmeteo,0.5354,0.3076,modis,107.28,wb_foodindex,32.5,fewsnet_prices,204768,0.4334,hdx_knbs,25.0,,mixed,Rift Valley / Pastoral,0.0,1.0,,24.05,24.05,,,,19.2,19.2,,,,0.5354,0.5354,,,,0.3076,0.3076,,,,32.5,32.5,,,
019,2019,2,Narok,2019-02-01,23.78,20.65,chirps+openmeteo,0.443,0.2656,modis,107.28,wb_foodindex,30.25,fewsnet_prices,204768,0.4334,hdx_knbs,25.0,fewsnet_ipc,mixed,Rift Valley / Pastoral,0.49999999999999994,0.8660254037844387,,23.915,23.915,24.05,,,19.924999999999997,19.924999999999997,19.2,,,0.48919999999999997,0.48919999999999997,0.5354,,,0.28659999999999997,0.28659999999999997,0.3076,,,31.375,31.375,32.5,,
019,2019,3,Narok,2019-03-01,33.32,21.28,chirps+openmeteo,0.4113,0.2362,modis,107.28,wb_foodindex,30.16,fewsnet_prices,204768,0.4334,hdx_knbs,18.75,,mixed,Rift Valley / Pastoral,0.8660254037844386,0.5000000000000001,,27.05,27.05,23.78,,,20.376666666666665,20.376666666666665,20.65,,,0.46323333333333333,0.46323333333333333,0.443,,,0.2698,0.2698,0.2656,,,30.97,30.97,30.25,,
019,2019,4,Narok,2019-04-01,139.54,20.23,chirps+openmeteo,0.384,0.2119,modis,107.28,wb_foodindex,39.0,fewsnet_prices,204768,0.4334,hdx_knbs,12.5,,mixed,Rift Valley / Pastoral,1.0,6.123233995736766e-17,,65.54666666666667,55.1725,33.32,24.05,,20.72,20.34,21.28,19.2,,0.41276666666666667,0.443425,0.4113,0.5354,,0.2379,0.255325,0.2362,0.3076,,33.13666666666666,32.9775,30.16,32.5,19.999999999999996
019,2019,5,Narok,2019-05-01,75.17,17.65,chirps+openmeteo,0.5033,0.2922,modis,107.28,wb_foodindex,41.5,fewsnet_prices,204768,0.4334,hdx_knbs,6.25,,mixed,Rift Valley / Pastoral,0.8660254037844387,-0.4999999999999998,,82.67666666666668,59.172000000000004,139.54,23.78,,19.720000000000002,19.802,20.23,20.65,,0.4328666666666667,0.4554,0.384,0.443,,0.24676666666666666,0.2627,0.2119,0.2656,,36.88666666666666,34.682,39.0,30.25,37.190082644628106
019,2019,6,Narok,2019-06-01,110.09,16.61,chirps+openmeteo,0.5442,0.3381,modis,107.28,wb_foodindex,44.2,fewsnet_prices,204768,0.4334,hdx_knbs,0.0,fewsnet_ipc,mixed,Rift Valley / Pastoral,0.49999999999999994,-0.8660254037844387,0.8650535135573436,108.26666666666667,67.65833333333333,75.17,33.32,-1.4611415140802506,18.16333333333333,19.27,17.65,21.28,1.104056139209311,0.4771666666666667,0.4702,0.5033,0.4113,1.3448052186372508,0.28073333333333333,0.27526666666666666,0.2922,0.2362,1.3022833810281949,41.56666666666667,36.26833333333334,41.5,30.16,46.551724137931046
019,2019,7,Narok,2019-07-01,38.15,17.24,chirps+openmeteo,0.5747,0.3556,modis,107.28,wb_foodindex,51.0,fewsnet_prices,204768,0.4334,hdx_knbs,6.25,,mixed,Rift Valley / Pastoral,1.2246467991473532e-16,-1.0,-0.5481138417519307,74.47,70.00833333333334,110.09,139.54,-0.9505878889159595,17.166666666666668,18.94333333333333,16.61,20.23,1.229925972741059,0.5407333333333334,0.47675,0.5442,0.384,1.3151794423255068,0.3286333333333334,0.28326666666666667,0.3381,0.2119,1.6047384775714926,45.56666666666666,39.35166666666667,44.2,39.0,30.76923076923077
019,2019,8,Narok,2019-08-01,71.09,17.97,chirps+openmeteo,0.5047,0.3113,modis,107.28,wb_foodindex,41.0,fewsnet_prices,204768,0.4334,hdx_knbs,12.5,,mixed,Rift Valley / Pastoral,-0.4999999999999997,-0.8660254037844388,0.15630957960378455,73.11,77.89333333333333,38.15,75.17,-0.5102844832819307,17.27333333333333,18.496666666666666,17.24,17.65,0.2526610867063194,0.5412,0.48703333333333326,0.5747,0.5033,0.43635287081649377,0.33499999999999996,0.2908833333333333,0.3556,0.2922,0.313013217828749,45.4,41.14333333333334,51.0,41.5,-1.2048192771084376
019,2019,9,Narok,2019-09-01,73.6,18.38,chirps+openmeteo,0.4658,0.2885,modis,107.28,wb_foodindex,38.0,fewsnet_prices,204768,0.4334,hdx_knbs,18.75,,mixed,Rift Valley / Pastoral,-0.8660254037844385,-0.5000000000000004,0.20365655255936216,60.94666666666666,84.60666666666667,71.09,110.09,-0.2587152469358074,17.863333333333333,18.013333333333332,17.97,16.61,-0.30330661232960193,0.5150666666666667,0.4961166666666667,0.5047,0.5442,-0.025326496887502423,0.3184666666666667,0.29960000000000003,0.3113,0.3381,-0.09068511134589347,43.333333333333336,42.449999999999996,41.0,44.2,-14.027149321266974
019,2019,10,Narok,2019-10-01,120.21,17.52,chirps+openmeteo,0.4497,0.3002,modis,107.28,wb_foodindex,42.4,fewsnet_prices,204768,0.4334,hdx_knbs,25.0,fewsnet_ipc,mixed,Rift Valley / Pastoral,-1.0,-1.8369701987210297e-16,1.184221783798971,88.3,81.385,73.6,38.15,-0.726443293471649,17.956666666666663,17.561666666666664,18.38,17.24,-0.5213943319975298,0.4734,0.5070666666666667,0.4658,0.5747,0.21764032587623852,0.3,0.3143166666666667,0.2885,0.3556,0.5158110559700693,40.46666666666667,43.01666666666667,38.0,51.0,-16.862745098039223
019,2019,11,Narok,2019-11-01,168.78,17.74,chirps+openmeteo,0.5388,0.3314,modis,107.28,wb_foodindex,47.0,fewsnet_prices,204768,0.4334,hdx_knbs,18.75,,mixed,Rift Valley / Pastoral,-0.8660254037844386,0.5000000000000001,1.8045703230868848,120.86333333333333,96.98666666666666,120.21,71.09,-0.5537198862867905,17.88,17.576666666666668,17.52,17.97,0.8584019047308805,0.4847666666666666,0.5129833333333333,0.4497,0.5047,0.8579522338414732,0.3067,0.32085,0.3002,0.3113,1.0852549020275446,42.46666666666667,43.93333333333334,42.4,41.0,14.634146341463406
019,2019,12,Narok,2019-12-01,256.13,17.24,chirps+openmeteo,0.6615,0.4015,modis,107.28,wb_foodindex,50.0,fewsnet_prices,204768,0.4334,hdx_knbs,12.5,,mixed,Rift Valley / Pastoral,-0.5000000000000004,0.8660254037844384,2.332688437110099,181.70666666666668,121.32666666666667,168.78,73.6,-0.8176377592578407,17.5,17.681666666666665,17.74,18.38,2.0886631684916876,0.5499999999999999,0.5325333333333333,0.5388,0.4658,1.9087231040015435,0.3443666666666667,0.3314166666666667,0.3314,0.2885,1.336844449696906,46.46666666666667,44.900000000000006,47.0,38.0,31.578947368421062
019,2020,1,Narok,2020-01-01,138.15,17.56,chirps+openmeteo,0.6857,0.4497,modis,125.82,wb_foodindex,45.5,fewsnet_prices,204768,0.4334,hdx_knbs,6.25,,mixed,Rift Valley / Pastoral,0.0,1.0,0.597571738908453,187.68666666666664,137.99333333333334,256.13,120.21,-0.5753876230577037,17.513333333333332,17.735,17.24,17.52,1.902154023160383,0.6286666666666666,0.5510333333333333,0.6615,0.4497,2.1171452986227792,0.39419999999999994,0.34709999999999996,0.4015,0.3002,0.6595559463985349,47.5,43.98333333333334,50.0,42.4,7.311320754716988
019,2020,2,Narok,2020-02-01,70.93,17.88,chirps+openmeteo,0.6847,0.4251,modis,125.82,wb_foodindex,41.5,fewsnet_prices,204768,0.4334,hdx_knbs,0.0,fewsnet_ipc,mixed,Rift Valley / Pastoral,0.49999999999999994,0.8660254037844387,-0.3834562996925453,155.07000000000002,137.96666666666667,138.15,168.78,-0.34390766669786477,17.56,17.72,17.56,17.74,1.6174769794363717,0.6772999999999999,0.5810333333333334,0.6857,0.5388,1.5077968781910476,0.42543333333333333,0.3660666666666667,0.4497,0.3314,0.07551690461866291,45.666666666666664,44.06666666666667,45.5,47.0,-11.702127659574469
019,2020,3,Narok,2020-03-01,241.35,17.98,chirps+openmeteo,0.6781,0.4305,modis,125.82,wb_foodindex,40.0,fewsnet_prices,204768,0.4334,hdx_knbs,0.0,,mixed,Rift Valley / Pastoral,0.8660254037844386,0.5000000000000001,1.8545635303825658,150.14333333333335,165.92499999999998,70.93,256.13,-0.2641117839854252,17.80666666666667,17.653333333333332,17.88,17.24,1.3860858705330343,0.6828333333333333,0.6164166666666666,0.6847,0.6615,1.4146489485033713,0.4351,0.3897333333333333,0.4251,0.4015,-0.14647968435247297,42.333333333333336,44.400000000000006,41.5,50.0,-19.999999999999996
019,2020,4,Narok,2020-04-01,287.59,17.62,chirps+openmeteo,0.6291,0.4261,modis,125.82,wb_foodindex,50.0,fewsnet_prices,204768,0.4334,hdx_knbs,0.0,,mixed,Rift Valley / Pastoral,1.0,6.123233995736766e-17,2.029079913284038,199.95666666666662,193.8216666666667,241.35,138.15,-0.5064906643874859,17.826666666666668,17.669999999999998,17.98,17.56,0.8528190906971629,0.6639666666666667,0.6463166666666667,0.6781,0.6857,1.2391192401924693,0.4272333333333333,0.4107166666666666,0.4305,0.4497,1.2948802980889937,43.833333333333336,45.666666666666664,40.0,45.5,9.8901098901099
019,2020,5,Narok,2020-05-01,99.48,16.85,chirps+openmeteo,0.7011,0.4363,modis,125.82,wb_foodindex,51.0,fewsnet_prices,204768,0.4334,hdx_knbs,0.0,,mixed,Rift Valley / Pastoral,0.8660254037844387,-0.4999999999999998,-0.20223436085360189,209.47333333333333,182.27166666666668,287.59,70.93,-1.0157077804288668,17.483333333333334,17.52166666666667,17.62,17.88,1.4195205154971013,0.6694333333333332,0.6733666666666668,0.6291,0.6847,1.2669563976930496,0.43096666666666666,0.42819999999999997,0.4261,0.4251,1.3225482626733784,47.0,46.333333333333336,50.0,41.5,22.891566265060238
019,2020,6,Narok,2020-06-01,80.62,16.01,chirps+openmeteo,0.593,0.3847,modis,125.82,wb_foodindex,52.0,fewsnet_prices,204768,0.4334,hdx_knbs,0.0,fewsnet_ipc,mixed,Rift Valley / Pastoral,0.49999999999999994,-0.8660254037844387,-0.4197919961267134,155.89666666666668,153.01999999999998,99.48,241.35,-1.4849098691816296,16.826666666666668,17.316666666666666,16.85,17.98,0.3739583140181285,0.6410666666666667,0.6619499999999999,0.7011,0.6781,0.5556728852737188,0.4157,0.4254,0.4363,0.4305,1.3480749435246997,51.0,46.666666666666664,51.0,40.0,30.000000000000004
019,2020,7,Narok,2020-07-01,35.71,15.86,chirps+openmeteo,0.6271,0.3819,modis,125.82,wb_foodindex,46.0,fewsnet_prices,204768,0.4334,hdx_knbs,6.25,,mixed,Rift Valley / Pastoral,1.2246467991473532e-16,-1.0,-0.9348630142446376,71.93666666666667,135.94666666666666,80.62,287.59,-1.4527501912396907,16.24,17.03333333333333,16.01,17.62,0.6813078917187194,0.6404,0.6521833333333333,0.593,0.6291,0.5006762501148091,0.4009666666666667,0.41409999999999997,0.3847,0.4261,0.4711905771267636,49.666666666666664,46.75,52.0,50.0,-7.9999999999999964
019,2020,8,Narok,2020-08-01,49.89,17.02,chirps+openmeteo,0.5558,0.3093,modis,125.82,wb_foodindex,48.0,fewsnet_prices,204768,0.4334,hdx_knbs,12.5,,mixed,Rift Valley / Pastoral,-0.4999999999999997,-0.8660254037844388,-0.7271242211011499,55.406666666666666,132.44,35.71,99.48,-0.6320686811418484,16.296666666666667,16.89,15.86,16.85,-0.02813958038639907,0.5919666666666666,0.6306999999999999,0.6271,0.7011,-0.49671571659321323,0.35863333333333336,0.3948,0.3819,0.4363,0.735176969954602,48.666666666666664,47.833333333333336,46.0,51.0,-5.882352941176472
019,2020,9,Narok,2020-09-01,72.13,17.72,chirps+openmeteo,0.5251,0.3204,modis,125.82,wb_foodindex,43.0,fewsnet_prices,204768,0.4334,hdx_knbs,18.75,,mixed,Rift Valley / Pastoral,-0.8660254037844385,-0.5000000000000004,-0.43111361388156083,52.57666666666666,104.23666666666666,49.89,80.62,-0.13956474941860475,16.866666666666664,16.846666666666668,17.02,16.01,-0.3334713189768872,0.5693333333333334,0.6052,0.5558,0.593,-0.3299714739571289,0.3372,0.37645,0.3093,0.3847,-0.007329430470573594,45.666666666666664,48.333333333333336,48.0,52.0,-17.307692307692314
019,2020,10,Narok,2020-10-01,81.29,19.0,chirps+openmeteo,0.4866,0.2806,modis,125.82,wb_foodindex,38.25,fewsnet_prices,204768,0.4334,hdx_knbs,25.0,fewsnet_ipc,mixed,Rift Valley / Pastoral,-1.0,-1.8369701987210297e-16,-0.3042686481382321,67.77,69.85333333333334,72.13,35.71,0.749909722629377,17.91333333333333,17.076666666666668,17.72,15.86,-0.7112156443451372,0.5225000000000001,0.5814499999999999,0.5251,0.6271,-0.8727516878500119,0.3034333333333334,0.3522,0.3204,0.3819,-0.706247150407626,43.083333333333336,46.375,43.0,46.0,-16.84782608695652
019,2020,11,Narok,2020-11-01,168.8,18.21,chirps+openmeteo,0.5116,0.3057,modis,125.82,wb_foodindex,31.5,fewsnet_prices,204768,0.4334,hdx_knbs,25.0,,mixed,Rift Valley / Pastoral,-0.8660254037844386,0.5000000000000001,0.8291362357341586,107.40666666666668,81.40666666666667,81.29,49.89,0.1741587297963318,18.31,17.30333333333333,19.0,17.02,-0.43513260342494875,0.5077666666666667,0.5498666666666666,0.4866,0.5558,-0.4918375442436605,0.30223333333333335,0.33043333333333336,0.2806,0.3093,-1.6026900059794371,37.583333333333336,43.125,38.25,48.0,-34.375
019,2020,12,Narok,2020-12-01,42.82,19.17,chirps+openmeteo,0.529,0.3367,modis,125.82,wb_foodindex,39.5,fewsnet_prices,204768,0.4334,hdx_knbs,25.0,,mixed,Rift Valley / Pastoral,-0.5000000000000004,0.8660254037844384,-0.8291549971258547,97.63666666666667,75.10666666666667,168.8,72.13,0.8527222116392963,18.793333333333333,17.830000000000002,18.21,17.72,-0.24207868567708699,0.5090666666666667,0.5392,0.5116,0.5251,-0.02938663999429853,0.3076666666666667,0.32243333333333335,0.3057,0.3204,-0.4095944525525972,36.416666666666664,41.041666666666664,31.5,43.0,-8.139534883720934
019,2021,1,Narok,2021-01-01,68.35,17.87,chirps+openmeteo,0.564,0.3397,modis,123.29,wb_foodindex,36.0,fewsnet_prices,204768,0.4334,hdx_knbs,25.0,,mixed,Rift Valley / Pastoral,0.0,1.0,-0.5205019473557311,93.32333333333334,80.54666666666667,42.82,81.29,-0.07513321535261204,18.416666666666668,18.165000000000003,19.17,19.0,0.1304645225734988,0.5348666666666667,0.5286833333333333,0.529,0.4866,-0.004082826575497733,0.32736666666666664,0.3154,0.3367,0.2806,-0.986561040688973,35.666666666666664,39.375,39.5,38.25,-5.882352941176472
019,2021,2,Narok,2021-02-01,92.97,17.97,chirps+openmeteo,0.5753,0.3415,modis,123.29,wb_foodindex,35.47,fewsnet_prices,204768,0.4334,hdx_knbs,25.0,fewsnet_ipc,mixed,Rift Valley / Pastoral,0.49999999999999994,0.8660254037844387,-0.2274599577191272,68.04666666666667,87.72666666666667,68.35,168.8,0.09452134730344658,18.33666666666667,18.323333333333334,17.87,18.21,0.2007769862996778,0.5561,0.5319333333333333,0.564,0.5116,-0.025710704150417228,0.3393,0.32076666666666664,0.3397,0.3057,-1.1651903754229895,36.99,37.28666666666667,36.0,31.5,12.603174603174594
019,2021,3,Narok,2021-03-01,59.68,18.99,chirps+openmeteo,0.5492,0.3309,modis,123.29,wb_foodindex,37.5,fewsnet_prices,204768,0.4334,hdx_knbs,25.0,,mixed,Rift Valley / Pastoral,0.8660254037844386,0.5000000000000001,-0.725845917060935,73.66666666666667,85.65166666666666,92.97,42.82,1.2574529805225645,18.276666666666667,18.535,17.97,19.17,-0.17317839362014636,0.5628333333333333,0.53595,0.5753,0.529,-0.2730840222305217,0.33736666666666665,0.32251666666666673,0.3415,0.3367,-0.958895043418446,36.32333333333333,36.37,35.47,39.5,-5.063291139240511
019,2021,4,Narok,2021-04-01,130.3,17.55,chirps+openmeteo,0.5952,0.365,modis,123.29,wb_foodindex,40.0,fewsnet_prices,204768,0.4334,hdx_knbs,25.0,,mixed,Rift Valley / Pastoral,1.0,6.123233995736766e-17,0.2968587441858643,94.31666666666668,93.82000000000001,59.68,68.35,-0.12197879250447151,18.169999999999998,18.293333333333333,18.99,17.87,0.31544662555631037,0.5732333333333334,0.55405,0.5492,0.564,0.2228047882685522,0.34580000000000005,0.3365833333333333,0.3309,0.3397,-0.5238808187279903,37.656666666666666,36.66166666666667,37.5,36.0,11.111111111111116
019,2021,5,Narok,2021-05-01,164.37,16.83,chirps+openmeteo,0.5826,0.3652,modis,123.29,wb_foodindex,41.0,fewsnet_prices,204768,0.4334,hdx_knbs,25.0,,mixed,Rift Valley / Pastoral,0.8660254037844387,-0.4999999999999998,0.7298852523582853,118.11666666666667,93.08166666666666,130.3,92.97,-0.9359091863378971,17.789999999999996,18.063333333333333,17.55,17.97,0.09913425936983582,0.5756666666666668,0.5658833333333333,0.5952,0.5753,0.1734405478573616,0.35369999999999996,0.34650000000000003,0.365,0.3415,-0.3409615298404935,39.5,38.245,40.0,35.47,15.590639977445742
019,2021,6,Narok,2021-06-01,39.44,16.26,chirps+openmeteo,0.6078,0.376,modis,123.29,wb_foodindex,40.5,fewsnet_prices,204768,0.4334,hdx_knbs,25.0,fewsnet_ipc,mixed,Rift Valley / Pastoral,0.49999999999999994,-0.8660254037844387,-0.9951198040842253,111.37,92.51833333333332,164.37,59.68,-1.5580942360220287,16.88,17.578333333333333,16.83,18.99,0.4152945074236628,0.5952000000000001,0.5790166666666666,0.5826,0.5492,0.3572313015641114,0.36873333333333336,0.35305000000000003,0.3652,0.3309,-0.4017320559744018,40.5,38.41166666666667,41.0,37.5,8.000000000000007
019,2021,7,Narok,2021-07-01,59.69,15.98,chirps+openmeteo,0.5392,0.3117,modis,123.29,wb_foodindex,40.85,fewsnet_prices,204768,0.4334,hdx_knbs,25.0,,mixed,Rift Valley / Pastoral,1.2246467991473532e-16,-1.0,-0.7324749558422493,87.83333333333333,91.075,39.44,130.3,-1.7047499450588257,16.35666666666667,17.263333333333332,16.26,17.55,-0.5223949264295229,0.5765333333333333,0.5748833333333333,0.6078,0.5952,-0.872352112190942,0.35096666666666665,0.3483833333333333,0.376,0.365,-0.27750553366050157,40.78333333333333,39.22,40.5,40.0,2.124999999999999
019,2021,8,Narok,2021-08-01,66.32,17.15,chirps+openmeteo,0.4724,0.2745,modis,123.29,wb_foodindex,38.5,fewsnet_prices,204768,0.4334,hdx_knbs,25.0,,mixed,Rift Valley / Pastoral,-0.4999999999999997,-0.8660254037844388,-0.634603393558071,55.15,86.63333333333333,59.69,164.37,-0.3970043345088716,16.463333333333335,17.126666666666665,15.98,16.83,-1.4012843840451554,0.5398000000000001,0.5577333333333333,0.5392,0.5826,-1.5137692752536585,0.32073333333333337,0.3372166666666667,0.3117,0.3652,-0.6913818279594267,39.949999999999996,39.725,40.85,41.0,-6.0975609756097615
019,2021,9,Narok,2021-09-01,52.68,17.97,chirps+openmeteo,0.4547,0.2751,modis,123.29,wb_foodindex,35.55,fewsnet_prices,204768,0.4334,hdx_knbs,25.0,,mixed,Rift Valley / Pastoral,-0.8660254037844385,-0.5000000000000004,-0.8082101175045748,59.56333333333333,85.46666666666665,66.32,39.44,0.5208733908219932,17.03333333333333,16.956666666666667,17.15,16.26,-1.619362025968044,0.4887666666666666,0.5419833333333334,0.4724,0.6078,-1.4699202132100104,0.2871,0.3279166666666667,0.2745,0.376,-1.1961147145021487,38.3,39.4,38.5,40.5,-12.222222222222234
019,2021,10,Narok,2021-10-01,49.76,19.09,chirps+openmeteo,0.4422,0.2678,modis,123.29,wb_foodindex,36.45,fewsnet_prices,204768,0.4334,hdx_knbs,25.0,fewsnet_ipc,mixed,Rift Valley / Pastoral,-1.0,-1.8369701987210297e-16,-0.7966249355224112,56.25333333333333,72.04333333333334,52.68,59.69,1.5855077652134066,18.069999999999997,17.21333333333333,17.97,15.98,-1.7701283502912355,0.4564333333333333,0.5164833333333333,0.4547,0.5392,-1.5296402746615758,0.2724666666666667,0.31171666666666664,0.2751,0.3117,-0.9662325591309492,36.833333333333336,38.80833333333334,35.55,40.85,-10.771113831089352
019,2021,11,Narok,2021-11-01,64.0,19.0,chirps+openmeteo,0.4337,0.2589,modis,123.29,wb_foodindex,46.0,fewsnet_prices,204768,0.4334,hdx_knbs,18.75,,mixed,Rift Valley / Pastoral,-0.8660254037844386,0.5000000000000001,-0.544743066052502,55.48,55.315,49.76,66.32,1.37548711821975,18.686666666666667,17.575,19.09,17.15,-1.708916061541576,0.44353333333333333,0.4916666666666667,0.4422,0.4724,-1.5490698026166803,0.2672666666666667,0.294,0.2678,0.2745,0.745983365422724,39.333333333333336,39.64166666666667,36.45,38.5,19.480519480519476
019,2021,12,Narok,2021-12-01,66.57,17.89,chirps+openmeteo,0.4411,0.2433,modis,123.29,wb_foodindex,48.0,fewsnet_prices,204768,0.4334,hdx_knbs,12.5,,mixed,Rift Valley / Pastoral,-0.5000000000000004,0.8660254037844384,-0.4456682648226175,60.10999999999999,59.836666666666666,64.0,52.68,0.24597627992942897,18.66,17.846666666666668,19.0,17.97,-1.4700415350957203,0.439,0.46388333333333337,0.4337,0.4547,-1.6261402030205754,0.25666666666666665,0.2718833333333333,0.2589,0.2751,1.1424488085471103,43.48333333333333,40.89166666666667,46.0,35.55,35.021097046413516
019,2022,1,Narok,2022-01-01,86.88,18.25,chirps+openmeteo,0.446,0.2463,modis,112.38,wb_foodindex,40.3,fewsnet_prices,204768,0.4334,hdx_knbs,6.25,,mixed,Rift Valley / Pastoral,0.0,1.0,-0.09625541425347507,72.48333333333333,64.36833333333333,66.57,49.76,0.5715481638736783,18.38,18.224999999999998,17.89,19.09,-1.3078275341423298,0.44026666666666675,0.44835,0.4411,0.4422,-1.470857665823653,0.24949999999999997,0.26098333333333334,0.2433,0.2678,-0.2282590191923346,44.76666666666667,40.8,48.0,36.45,10.562414266117948
019,2022,2,Narok,2022-02-01,156.02,17.21,chirps+openmeteo,0.5885,0.3656,modis,112.38,wb_foodindex,41.15,fewsnet_prices,204768,0.4334,hdx_knbs,0.0,fewsnet_ipc,mixed,Rift Valley / Pastoral,0.49999999999999994,0.8660254037844387,0.922345254551857,103.15666666666668,79.31833333333333,86.88,64.0,-0.427293131158263,17.783333333333335,18.235,18.25,19.0,0.548677988786233,0.4918666666666667,0.4677,0.446,0.4337,0.5813512264307615,0.28506666666666663,0.27616666666666667,0.2463,0.2589,-0.06861661778377322,43.15,41.24166666666667,40.3,46.0,-10.543478260869566
019,2022,3,Narok,2022-03-01,54.62,18.72,chirps+openmeteo,0.5466,0.3444,modis,112.38,wb_foodindex,41.3,fewsnet_prices,204768,0.4334,hdx_knbs,0.0,,mixed,Rift Valley / Pastoral,0.8660254037844386,0.5000000000000001,-0.597612272087637,99.17333333333333,79.64166666666667,156.02,66.57,1.008334313490492,18.06,18.36,17.21,17.89,0.0720436098989096,0.5270333333333334,0.4830166666666667,0.5885,0.4411,0.2941709901551347,0.31876666666666664,0.2877166666666667,0.3656,0.2433,-0.05101239328394334,40.916666666666664,42.199999999999996,41.15,48.0,-13.95833333333334
019,2022,4,Narok,2022-04-01,149.69,18.21,chirps+openmeteo,0.5125,0.3017,modis,112.38,wb_foodindex,48.55,fewsnet_prices,204768,0.4334,hdx_knbs,0.0,,mixed,Rift Valley / Pastoral,1.0,6.123233995736766e-17,1.6321199757312663,120.11000000000001,96.29666666666667,54.62,86.88,0.4900526987143256,18.046666666666667,18.213333333333335,18.72,18.25,-0.35586322488870586,0.5492,0.4947333333333333,0.5466,0.446,-0.43910703239838283,0.33723333333333333,0.2933666666666666,0.3444,0.2463,1.3232102306050573,43.666666666666664,44.21666666666667,41.3,40.3,20.471464019851116
019,2022,5,Narok,2022-05-01,114.12,16.94,chirps+openmeteo,0.6122,0.3628,modis,112.38,wb_foodindex,56.65,fewsnet_prices,204768,0.4334,hdx_knbs,0.0,,mixed,Rift Valley / Pastoral,0.8660254037844387,-0.4999999999999998,0.7400351799516541,106.14333333333333,104.64999999999999,149.69,156.02,-0.7340150268825806,17.956666666666667,17.87,18.21,17.21,1.3069101799828233,0.5571,0.5244833333333333,0.5125,0.5885,0.9573419682883014,0.33630000000000004,0.31068333333333337,0.3017,0.3656,2.5457329339232357,48.833333333333336,45.99166666666667,48.55,41.15,37.6670716889429
019,2022,6,Narok,2022-06-01,40.01,16.08,chirps+openmeteo,0.5922,0.3517,modis,112.38,wb_foodindex,69.3,fewsnet_prices,204768,0.4334,hdx_knbs,0.0,fewsnet_ipc,mixed,Rift Valley / Pastoral,0.49999999999999994,-0.8660254037844387,-0.9937706365990606,101.27333333333333,100.22333333333331,114.12,54.62,-1.5716060683520472,17.076666666666668,17.56833333333333,16.94,18.72,0.9780886781502361,0.5722999999999999,0.5496666666666666,0.6122,0.5466,0.7653894163495639,0.33873333333333333,0.32875,0.3628,0.3444,3.403314809841525,58.166666666666664,49.541666666666664,56.65,41.3,67.79661016949152
019,2022,7,Narok,2022-07-01,31.11,15.83,chirps+openmeteo,0.4954,0.3078,modis,112.38,wb_foodindex,75.65,fewsnet_prices,204768,0.4334,hdx_knbs,0.0,,mixed,Rift Valley / Pastoral,1.2246467991473532e-16,-1.0,-1.193775210112184,61.74666666666667,90.92833333333334,40.01,149.69,-1.8079649932173723,16.283333333333335,17.165000000000003,16.08,18.21,-0.556724937229803,0.5666,0.5579,0.5922,0.5125,-0.20069524118154297,0.34076666666666666,0.33899999999999997,0.3517,0.3017,3.0755777219587226,67.2,55.43333333333334,69.3,48.55,55.81874356333678
019,2022,8,Narok,2022-08-01,57.54,16.34,chirps+openmeteo,0.4274,0.2454,modis,112.38,wb_foodindex,63.65,fewsnet_prices,204768,0.4334,hdx_knbs,0.0,,mixed,Rift Valley / Pastoral,-0.4999999999999997,-0.8660254037844388,-0.5810227168949991,42.88666666666666,74.515,31.11,114.12,-1.2543778213342456,16.083333333333332,17.02,15.83,16.94,-1.5599900490546086,0.505,0.5310499999999999,0.4954,0.6122,-1.576988962452446,0.30163333333333336,0.3189666666666667,0.3078,0.3628,1.7329552291525654,69.53333333333333,59.18333333333334,75.65,56.65,12.356575463371588
019,2022,9,Narok,2022-09-01,63.16,17.61,chirps+openmeteo,0.4519,0.2644,modis,112.38,wb_foodindex,67.8,fewsnet_prices,204768,0.4334,hdx_knbs,0.0,,mixed,Rift Valley / Pastoral,-0.8660254037844385,-0.5000000000000004,-0.43756659709707285,50.60333333333333,75.93833333333333,57.54,40.01,-0.05788615804028132,16.593333333333334,16.834999999999997,16.34,16.08,-1.0767535680537588,0.45823333333333344,0.5152666666666667,0.4274,0.5922,-1.0543972144032476,0.27253333333333335,0.30563333333333337,0.2454,0.3517,1.8505860613801908,69.03333333333333,63.6,63.65,69.3,-2.164502164502169
019,2022,10,Narok,2022-10-01,43.72,19.22,chirps+openmeteo,0.4224,0.2579,modis,112.38,wb_foodindex,73.6,fewsnet_prices,204768,0.4334,hdx_knbs,0.0,fewsnet_ipc,mixed,Rift Valley / Pastoral,-1.0,-1.8369701987210297e-16,-0.8459335929974281,54.806666666666665,58.276666666666664,63.16,31.11,1.4276581503956716,17.723333333333333,17.003333333333334,17.61,15.83,-1.4428331947571722,0.4339,0.50025,0.4519,0.4954,-1.1563206023410988,0.2559,0.2983333333333334,0.2644,0.3078,2.0110643321964563,68.35,67.77499999999999,67.8,75.65,-2.7098479841374923
019,2022,11,Narok,2022-11-01,143.52,17.48,chirps+openmeteo,0.4359,0.2558,modis,112.38,wb_foodindex,74.2,fewsnet_prices,204768,0.4334,hdx_knbs,0.0,,mixed,Rift Valley / Pastoral,-0.8660254037844386,0.5000000000000001,1.5717879458641844,83.46666666666667,63.17666666666667,43.72,57.54,-0.158850425880878,18.10333333333333,17.093333333333334,19.22,16.34,-1.1510547892562766,0.43673333333333336,0.4708666666666666,0.4224,0.4274,-1.1234097624043287,0.2593666666666667,0.2805,0.2579,0.2454,1.827057635841207,71.86666666666666,70.7,73.6,63.65,16.575019638648868
019,2022,12,Narok,2022-12-01,81.75,17.45,chirps+openmeteo,0.5018,0.2766,modis,112.38,wb_foodindex,73.7,fewsnet_prices,204768,0.4334,hdx_knbs,0.0,,mixed,Rift Valley / Pastoral,-0.5000000000000004,0.8660254037844384,0.026615021492347228,89.66333333333334,70.13333333333334,143.52,63.16,-0.12583207802729557,18.049999999999997,17.321666666666665,17.48,17.61,-0.15331125205877763,0.4533666666666667,0.4558,0.4359,0.4519,-0.6210988150145639,0.26343333333333335,0.26798333333333335,0.2558,0.2644,1.6034667429585587,73.83333333333333,71.43333333333334,74.2,67.8,8.702064896755179
020,2019,1,Kajiado,2019-01-01,14.53,19.54,chirps+openmeteo,0.4631,0.2679,modis,107.28,wb_foodindex,43.5,fewsnet_prices,124349,0.2251,hdx_knbs,25.0,,mixed,Semi-arid,0.0,1.0,,14.53,14.53,,,,19.54,19.54,,,,0.4631,0.4631,,,,0.2679,0.2679,,,,43.5,43.5,,,
020,2019,2,Kajiado,2019-02-01,23.82,20.73,chirps+openmeteo,0.3357,0.2073,modis,107.28,wb_foodindex,47.09,fewsnet_prices,124349,0.2251,hdx_knbs,25.0,fewsnet_ipc,mixed,Semi-arid,0.49999999999999994,0.8660254037844387,,19.175,19.175,14.53,,,20.134999999999998,20.134999999999998,19.54,,,0.3994,0.3994,0.4631,,,0.23760000000000003,0.23760000000000003,0.2679,,,45.295,45.295,43.5,,
020,2019,3,Kajiado,2019-03-01,16.9,21.85,chirps+openmeteo,0.291,0.1702,modis,107.28,wb_foodindex,55.75,fewsnet_prices,124349,0.2251,hdx_knbs,25.0,,mixed,Semi-arid,0.8660254037844386,0.5000000000000001,,18.416666666666668,18.416666666666668,23.82,,,20.706666666666667,20.706666666666667,20.73,,,0.3632666666666666,0.3632666666666666,0.3357,,,0.21513333333333332,0.21513333333333332,0.2073,,,48.78,48.78,47.09,,
020,2019,4,Kajiado,2019-04-01,113.47,19.84,chirps+openmeteo,0.2793,0.1621,modis,107.28,wb_foodindex,51.0,fewsnet_prices,124349,0.2251,hdx_knbs,25.0,,mixed,Semi-arid,1.0,6.123233995736766e-17,,51.39666666666667,42.18,16.9,14.53,,20.80666666666667,20.490000000000002,21.85,19.54,,0.302,0.342275,0.291,0.4631,,0.17986666666666665,0.201875,0.1702,0.2679,,51.28,49.335,55.75,43.5,17.24137931034482
020,2019,5,Kajiado,2019-05-01,30.62,18.09,chirps+openmeteo,0.4515,0.274,modis,107.28,wb_foodindex,56.16,fewsnet_prices,124349,0.2251,hdx_knbs,25.0,,mixed,Semi-arid,0.8660254037844387,-0.4999999999999998,,53.663333333333334,39.868,113.47,23.82,,19.926666666666666,20.009999999999998,19.84,20.73,,0.3406,0.36412,0.2793,0.3357,,0.20209999999999997,0.21630000000000002,0.1621,0.2073,,54.303333333333335,50.7,51.0,47.09,19.260989594393706
020,2019,6,Kajiado,2019-06-01,20.34,17.35,chirps+openmeteo,0.4513,0.27,modis,107.28,wb_foodindex,50.59,fewsnet_prices,124349,0.2251,hdx_knbs,25.0,fewsnet_ipc,mixed,Semi-arid,0.49999999999999994,-0.8660254037844387,-0.4274280330977185,54.81,36.61333333333334,30.62,16.9,-1.3373553535883762,18.426666666666666,19.566666666666666,18.09,21.85,0.8432342883267999,0.3940333333333333,0.37865,0.4515,0.291,0.8599800102397545,0.23536666666666664,0.22525000000000003,0.274,0.1702,-0.018689100018929282,52.583333333333336,50.68166666666667,56.16,55.75,-9.25560538116591
020,2019,7,Kajiado,2019-07-01,7.0,17.6,chirps+openmeteo,0.3822,0.2108,modis,107.28,wb_foodindex,51.06,fewsnet_prices,124349,0.2251,hdx_knbs,25.0,,mixed,Semi-arid,1.2246467991473532e-16,-1.0,-0.6951677975054971,19.32,35.358333333333334,20.34,113.47,-0.9999420714899542,17.680000000000003,19.243333333333336,17.35,19.84,0.03868313243020901,0.4283333333333333,0.36516666666666664,0.4513,0.2793,-0.2590331002084406,0.2516,0.21573333333333333,0.27,0.1621,0.07238924033728887,52.60333333333333,51.94166666666666,50.59,51.0,0.11764705882353343
020,2019,8,Kajiado,2019-08-01,7.62,17.61,chirps+openmeteo,0.3036,0.1609,modis,107.28,wb_foodindex,62.25,fewsnet_prices,124349,0.2251,hdx_knbs,25.0,,mixed,Semi-arid,-0.4999999999999997,-0.8660254037844388,-0.6204888711182517,11.653333333333334,32.65833333333334,7.0,30.62,-0.8782980247307159,17.52,18.723333333333333,17.6,18.09,-0.8522852473984835,0.37903333333333333,0.3598166666666667,0.3822,0.4515,-1.1022778382083533,0.21389999999999998,0.208,0.2108,0.274,1.7336291203962777,54.63333333333333,54.46833333333333,51.06,56.16,10.8440170940171
020,2019,9,Kajiado,2019-09-01,10.62,18.73,chirps+openmeteo,0.2786,0.1603,modis,107.28,wb_foodindex,52.5,fewsnet_prices,124349,0.2251,hdx_knbs,25.0,,mixed,Semi-arid,-0.8660254037844385,-0.5000000000000004,-0.4990159283531867,8.413333333333332,31.611666666666665,7.62,20.34,-0.1965550293287549,17.98,18.203333333333333,17.61,17.35,-1.0296007462284176,0.3214666666666666,0.35775,0.3036,0.4513,-0.9842171302255049,0.17733333333333332,0.20635,0.1609,0.27,0.05313145765361613,55.27,53.926666666666655,62.25,50.59,3.7754496936153403
020,2019,10,Kajiado,2019-10-01,146.15,18.22,chirps+openmeteo,0.299,0.177,modis,107.28,wb_foodindex,49.0,fewsnet_prices,124349,0.2251,hdx_knbs,25.0,fewsnet_ipc,mixed,Semi-arid,-1.0,-1.8369701987210297e-16,2.1861723063185745,54.796666666666674,37.05833333333333,10.62,7.0,-0.4910640436973323,18.186666666666667,17.933333333333334,18.73,17.6,-0.7119092781760537,0.29373333333333335,0.3610333333333333,0.2786,0.3822,-0.6050235953375733,0.16606666666666664,0.20883333333333332,0.1603,0.2108,-0.5530157786406179,54.583333333333336,53.59333333333333,52.5,51.06,-4.034469251860562
020,2019,11,Kajiado,2019-11-01,209.44,18.41,chirps+openmeteo,0.5042,0.298,modis,107.28,wb_foodindex,45.0,fewsnet_prices,124349,0.2251,hdx_knbs,25.0,,mixed,Semi-arid,-0.8660254037844386,0.5000000000000001,2.236142642730784,122.07000000000001,66.86166666666666,146.15,7.62,-0.3467747577140013,18.453333333333333,17.986666666666668,18.22,17.61,1.5983200314823758,0.3606,0.3698166666666666,0.299,0.3036,1.567593971204172,0.21176666666666666,0.21283333333333332,0.177,0.1609,-1.1652478296363382,48.833333333333336,51.73333333333333,49.0,62.25,-27.710843373493976
020,2019,12,Kajiado,2019-12-01,259.07,18.21,chirps+openmeteo,0.629,0.3931,modis,107.28,wb_foodindex,48.0,fewsnet_prices,124349,0.2251,hdx_knbs,25.0,,mixed,Semi-arid,-0.5000000000000004,0.8660254037844384,2.1164123021835426,204.88666666666666,106.65000000000002,209.44,10.62,-0.46273308249513373,18.28,18.13,18.41,18.73,2.15602854498939,0.4774,0.3994333333333333,0.5042,0.2786,2.261547427638282,0.2893666666666666,0.23334999999999997,0.298,0.1603,-0.5740966057710207,47.333333333333336,51.301666666666655,45.0,52.5,-8.571428571428575
020,2020,1,Kajiado,2020-01-01,128.86,18.63,chirps+openmeteo,0.6832,0.4655,modis,125.82,wb_foodindex,51.5,fewsnet_prices,124349,0.2251,hdx_knbs,25.0,,mixed,Semi-arid,0.0,1.0,0.6123599631156444,199.12333333333333,126.96,259.07,146.15,-0.15243309295279023,18.416666666666668,18.301666666666666,18.21,18.22,2.0232670250166604,0.6054666666666667,0.44959999999999994,0.629,0.299,2.2855490878973224,0.3855333333333333,0.2758,0.3931,0.177,0.09401111693987768,48.166666666666664,51.375,48.0,49.0,5.102040816326525
020,2020,2,Kajiado,2020-02-01,65.31,19.29,chirps+openmeteo,0.6409,0.4441,modis,125.82,wb_foodindex,47.5,fewsnet_prices,124349,0.2251,hdx_knbs,25.0,fewsnet_ipc,mixed,Semi-arid,0.49999999999999994,0.8660254037844387,-0.12007296532658013,151.07999999999998,136.57500000000002,128.86,209.44,0.3335873271721956,18.71,18.581666666666667,18.63,18.41,1.4910788210589718,0.6510333333333334,0.5058166666666667,0.6832,0.5042,1.7282115266047824,0.4342333333333333,0.323,0.4655,0.298,-0.6708242597087355,49.0,48.916666666666664,51.5,45.0,5.555555555555558
020,2020,3,Kajiado,2020-03-01,185.88,19.08,chirps+openmeteo,0.6241,0.3885,modis,125.82,wb_foodindex,45.75,fewsnet_prices,124349,0.2251,hdx_knbs,25.0,,mixed,Semi-arid,0.8660254037844386,0.5000000000000001,1.2164960259705018,126.68333333333334,165.785,65.31,259.07,0.1635514363080207,19.0,18.64,19.29,18.21,1.2483772603129002,0.6494,0.5634,0.6409,0.629,1.108114380176161,0.43270000000000003,0.3610333333333333,0.4441,0.3931,-0.9607073323389425,48.25,47.791666666666664,47.5,48.0,-4.6875
020,2020,4,Kajiado,2020-04-01,250.87,18.48,chirps+openmeteo,0.5793,0.3914,modis,125.82,wb_foodindex,49.9,fewsnet_prices,124349,0.2251,hdx_knbs,25.0,,mixed,Semi-arid,1.0,6.123233995736766e-17,1.7115793658357425,167.35333333333332,183.23833333333334,185.88,128.86,-0.3131711410556359,18.95,18.683333333333334,19.08,18.63,0.888774988390112,0.6147666666666667,0.6101166666666668,0.6241,0.6832,1.056966499568982,0.408,0.39676666666666666,0.3885,0.4655,-0.10788204026705617,47.71666666666667,47.94166666666666,45.75,51.5,-3.106796116504862
020,2020,5,Kajiado,2020-05-01,42.14,17.86,chirps+openmeteo,0.6311,0.4219,modis,125.82,wb_foodindex,44.0,fewsnet_prices,124349,0.2251,hdx_knbs,25.0,,mixed,Semi-arid,0.8660254037844387,-0.4999999999999998,-0.5330705076609198,159.63,155.355,250.87,65.31,-0.7923479063919324,18.473333333333333,18.591666666666665,18.48,19.29,1.1545949596192702,0.6115,0.6312666666666668,0.5793,0.6409,1.2349736222434375,0.4006,0.4174166666666666,0.3914,0.4441,-1.2492645598849477,46.550000000000004,47.775,49.9,47.5,-7.36842105263158
020,2020,6,Kajiado,2020-06-01,13.49,17.25,chirps+openmeteo,0.5443,0.3413,modis,125.82,wb_foodindex,41.3,fewsnet_prices,124349,0.2251,hdx_knbs,25.0,fewsnet_ipc,mixed,Semi-arid,0.49999999999999994,-0.8660254037844387,-0.8114318107609451,102.16666666666667,114.42500000000001,42.14,185.88,-1.2144909698324051,17.863333333333333,18.431666666666665,17.86,19.08,0.5472228932303611,0.5849,0.61715,0.6311,0.6241,0.4853119723165816,0.38486666666666663,0.40878333333333333,0.4219,0.3885,-1.611802298402497,45.06666666666666,46.65833333333333,44.0,45.75,-9.726775956284161
020,2020,7,Kajiado,2020-07-01,5.3,16.4,chirps+openmeteo,0.5041,0.3092,modis,125.82,wb_foodindex,48.0,fewsnet_prices,124349,0.2251,hdx_knbs,25.0,,mixed,Semi-arid,1.2246467991473532e-16,-1.0,-0.8611273714012854,20.31,93.83166666666666,13.49,250.87,-1.7060932577125352,17.169999999999998,18.06,17.25,18.48,0.2622300853546646,0.5598333333333333,0.5873,0.5443,0.5793,0.18183871830492157,0.35746666666666665,0.38273333333333337,0.3413,0.3914,-0.29402469515407603,44.43333333333333,46.074999999999996,41.3,49.9,-3.8076152304609145
020,2020,8,Kajiado,2020-08-01,4.12,17.25,chirps+openmeteo,0.3963,0.2297,modis,125.82,wb_foodindex,49.0,fewsnet_prices,124349,0.2251,hdx_knbs,25.0,,mixed,Semi-arid,-0.4999999999999997,-0.8660254037844388,-0.8367601043769892,7.636666666666667,83.63333333333334,5.3,42.14,-0.9902245090884528,16.966666666666665,17.72,16.4,17.86,-0.48715672264423177,0.4815666666666667,0.5465333333333333,0.5041,0.6311,-0.5596001035530006,0.29339999999999994,0.347,0.3092,0.4219,-0.09117295011259559,46.099999999999994,46.324999999999996,48.0,44.0,11.363636363636353
020,2020,9,Kajiado,2020-09-01,9.32,17.88,chirps+openmeteo,0.3455,0.2028,modis,125.82,wb_foodindex,51.5,fewsnet_prices,124349,0.2251,hdx_knbs,25.0,,mixed,Semi-arid,-0.8660254037844385,-0.5000000000000004,-0.7486326639914915,6.246666666666667,54.20666666666668,4.12,13.49,-0.4849503638734481,17.176666666666666,17.52,17.25,17.25,-0.8204778168793272,0.4153,0.5001,0.3963,0.5443,-0.7895364932867351,0.24723333333333333,0.31605,0.2297,0.3413,0.4123766896743327,49.5,47.28333333333333,49.0,41.3,24.697336561743356
020,2020,10,Kajiado,2020-10-01,22.79,19.62,chirps+openmeteo,0.3179,0.1892,modis,125.82,wb_foodindex,52.5,fewsnet_prices,124349,0.2251,hdx_knbs,25.0,fewsnet_ipc,mixed,Semi-arid,-1.0,-1.8369701987210297e-16,-0.5761359091699326,12.076666666666668,16.193333333333342,9.32,5.3,0.8612468233447118,18.25,17.71,17.88,16.4,-0.9754586025698936,0.3532333333333333,0.4565333333333333,0.3455,0.5041,-0.8851606150301501,0.2072333333333333,0.28235000000000005,0.2028,0.3092,0.6036332988754189,51.0,47.71666666666667,51.5,48.0,9.375
020,2020,11,Kajiado,2020-11-01,111.09,18.74,chirps+openmeteo,0.406,0.2371,modis,125.82,wb_foodindex,52.15,fewsnet_prices,124349,0.2251,hdx_knbs,25.0,,mixed,Semi-arid,-0.8660254037844386,0.5000000000000001,0.4425732200148305,47.73333333333334,27.685000000000013,22.79,4.12,0.1548988680594666,18.746666666666666,17.856666666666666,19.62,17.25,-0.32489783551467555,0.35646666666666665,0.41901666666666665,0.3179,0.3963,-0.4021387163128913,0.2097,0.25155,0.1892,0.2297,0.5144909149250592,52.050000000000004,49.074999999999996,52.5,49.0,6.428571428571428
020,2020,12,Kajiado,2020-12-01,58.83,19.03,chirps+openmeteo,0.4321,0.2604,modis,125.82,wb_foodindex,51.9,fewsnet_prices,124349,0.2251,hdx_knbs,25.0,,mixed,Semi-arid,-0.5000000000000004,0.8660254037844384,-0.17493055095786678,64.23666666666668,35.241666666666674,111.09,9.32,0.3827002566959265,19.13,18.153333333333332,18.74,17.88,-0.12780997306739134,0.38533333333333336,0.40031666666666665,0.406,0.3455,-0.16416328684767065,0.2289,0.23806666666666665,0.2371,0.2028,0.448832410454895,52.18333333333334,50.84166666666667,52.15,51.5,0.7766990291262044
020,2021,1,Kajiado,2021-01-01,44.46,19.12,chirps+openmeteo,0.4537,0.2526,modis,123.29,wb_foodindex,52.5,fewsnet_prices,124349,0.2251,hdx_knbs,25.0,,mixed,Semi-arid,0.0,1.0,-0.36775852994593694,71.46,41.768333333333345,58.83,22.79,0.4768789861107196,18.963333333333335,18.606666666666666,19.03,19.62,0.03963052440544143,0.43060000000000004,0.3919166666666667,0.4321,0.3179,-0.23756081679743982,0.25003333333333333,0.22863333333333336,0.2604,0.1892,0.5194914702927279,52.18333333333334,51.59166666666667,51.9,52.5,0.0
020,2021,2,Kajiado,2021-02-01,58.88,19.19,chirps+openmeteo,0.5386,0.3121,modis,123.29,wb_foodindex,50.6,fewsnet_prices,124349,0.2251,hdx_knbs,25.0,fewsnet_ipc,mixed,Semi-arid,0.49999999999999994,0.8660254037844387,-0.2106387070067148,54.05666666666667,50.89500000000001,44.46,111.09,0.6345262849421716,19.113333333333333,18.93,19.12,18.74,0.626790765725383,0.47479999999999994,0.4156333333333333,0.4537,0.406,0.33173581371243605,0.2750333333333333,0.2423666666666667,0.2526,0.2371,0.0484990345319596,51.666666666666664,51.85833333333333,52.5,52.15,-2.9721955896452434
020,2021,3,Kajiado,2021-03-01,44.73,19.99,chirps+openmeteo,0.4749,0.2956,modis,123.29,wb_foodindex,46.0,fewsnet_prices,124349,0.2251,hdx_knbs,25.0,,mixed,Semi-arid,0.8660254037844386,0.5000000000000001,-0.403073029273902,49.356666666666676,56.79666666666668,58.88,58.83,1.741450749047925,19.433333333333334,19.281666666666666,19.19,19.03,0.08203840708169315,0.4890666666666667,0.4372,0.5386,0.4321,0.10982844531916498,0.28676666666666667,0.2578333333333333,0.3121,0.2604,-0.9448138999852659,49.699999999999996,50.94166666666666,50.6,51.9,-11.368015414258181
020,2021,4,Kajiado,2021-04-01,114.28,18.92,chirps+openmeteo,0.5036,0.3121,modis,123.29,wb_foodindex,47.95,fewsnet_prices,124349,0.2251,hdx_knbs,25.0,,mixed,Semi-arid,1.0,6.123233995736766e-17,0.46245434334270064,72.63000000000001,72.045,44.73,44.46,0.6347550297332724,19.366666666666664,19.165,19.99,19.12,0.24868889210105524,0.5057,0.46815,0.4749,0.4537,0.22818947014754193,0.3066,0.27831666666666666,0.2956,0.2526,-0.45095535578835855,48.18333333333334,50.18333333333334,46.0,52.5,-8.666666666666655
020,2021,5,Kajiado,2021-05-01,125.43,17.92,chirps+openmeteo,0.5236,0.3236,modis,123.29,wb_foodindex,50.0,fewsnet_prices,124349,0.2251,hdx_knbs,25.0,,mixed,Semi-arid,0.8660254037844387,-0.4999999999999998,0.5524687046832824,94.81333333333335,74.43500000000002,114.28,58.88,-0.5154141333973257,18.94333333333333,19.028333333333332,18.92,19.19,0.3902416068568917,0.5007,0.48774999999999996,0.5036,0.5386,0.3324747162874462,0.3104333333333333,0.29273333333333335,0.3121,0.3121,0.09910398246478905,47.98333333333333,49.824999999999996,47.95,50.6,-1.1857707509881465
020,2021,6,Kajiado,2021-06-01,4.7,16.72,chirps+openmeteo,0.5196,0.3295,modis,123.29,wb_foodindex,51.25,fewsnet_prices,124349,0.2251,hdx_knbs,25.0,fewsnet_ipc,mixed,Semi-arid,0.49999999999999994,-0.8660254037844387,-0.9367672983606553,81.47000000000001,65.41333333333334,125.43,44.73,-1.7880805068071604,17.853333333333335,18.643333333333334,17.92,19.99,0.3324707650979509,0.5156000000000001,0.5023333333333333,0.5236,0.4749,0.36985427749327665,0.32173333333333337,0.30425,0.3236,0.2956,0.4026427159760989,49.73333333333333,49.71666666666667,50.0,46.0,11.413043478260864
020,2021,7,Kajiado,2021-07-01,7.09,16.3,chirps+openmeteo,0.3915,0.2293,modis,123.29,wb_foodindex,52.0,fewsnet_prices,124349,0.2251,hdx_knbs,25.0,,mixed,Semi-arid,1.2246467991473532e-16,-1.0,-0.9072906296423816,45.74000000000001,59.18500000000001,4.7,114.28,-2.011292873261593,16.98,18.173333333333332,16.72,18.92,-0.7430354506161122,0.47823333333333334,0.4919666666666666,0.5196,0.5036,-0.7543769585587708,0.2941333333333333,0.30036666666666667,0.3295,0.3121,0.5765414181255946,51.083333333333336,49.63333333333333,51.25,47.95,8.446298227320126
020,2021,8,Kajiado,2021-08-01,5.73,17.1,chirps+openmeteo,0.3281,0.1772,modis,123.29,wb_foodindex,52.5,fewsnet_prices,124349,0.2251,hdx_knbs,25.0,,mixed,Semi-arid,-0.4999999999999997,-0.8660254037844388,-0.9222851107107742,5.84000000000001,50.326666666666675,7.09,125.43,-1.1554041701593083,16.706666666666667,17.825,16.3,17.92,-1.2988175581127315,0.4130666666666667,0.4568833333333333,0.3915,0.5236,-1.358975576438768,0.24533333333333332,0.2778833333333333,0.2293,0.3236,1.0425022852481285,51.916666666666664,49.949999999999996,52.0,50.0,5.000000000000004
020,2021,9,Kajiado,2021-09-01,3.49,18.13,chirps+openmeteo,0.3023,0.1829,modis,123.29,wb_foodindex,53.0,fewsnet_prices,124349,0.2251,hdx_knbs,25.0,,mixed,Semi-arid,-0.8660254037844385,-0.5000000000000004,-0.9430359809781593,5.436666666666677,43.45333333333334,5.73,4.7,-0.10884490611764615,17.176666666666666,17.515,17.1,16.72,-1.54815527573779,0.34063333333333334,0.4281166666666667,0.3281,0.5196,-1.3264268649417683,0.19646666666666665,0.2591,0.1772,0.3295,1.187526638136991,52.5,51.11666666666667,52.5,51.25,3.4146341463414664
020,2021,10,Kajiado,2021-10-01,23.65,19.71,chirps+openmeteo,0.2805,0.1595,modis,123.29,wb_foodindex,54.5,fewsnet_prices,124349,0.2251,hdx_knbs,25.0,fewsnet_ipc,mixed,Semi-arid,-1.0,-1.8369701987210297e-16,-0.635691693412499,10.956666666666678,28.348333333333343,3.49,7.09,1.3456749679571895,18.313333333333333,17.64666666666667,18.13,16.3,-1.7096716246061552,0.3036333333333334,0.39093333333333335,0.3023,0.3915,-1.566301034968921,0.1732,0.23366666666666666,0.1829,0.2293,1.5092673810005983,53.333333333333336,52.208333333333336,53.0,52.0,4.807692307692313
020,2021,11,Kajiado,2021-11-01,106.72,19.73,chirps+openmeteo,0.2835,0.1678,modis,123.29,wb_foodindex,53.0,fewsnet_prices,124349,0.2251,hdx_knbs,25.0,,mixed,Semi-arid,-0.8660254037844386,0.5000000000000001,0.4752315180943389,44.62000000000001,25.230000000000008,23.65,5.73,1.26409076901637,19.19,17.948333333333334,19.71,17.1,-1.520628566529256,0.28876666666666667,0.3509166666666667,0.2805,0.3281,-1.351143852315189,0.17006666666666667,0.2077,0.1595,0.1772,0.9758252396488917,53.5,52.708333333333336,54.5,52.5,0.952380952380949
020,2021,12,Kajiado,2021-12-01,87.76,18.51,chirps+openmeteo,0.4488,0.2594,modis,123.29,wb_foodindex,51.4,fewsnet_prices,124349,0.2251,hdx_knbs,25.0,,mixed,Semi-arid,-0.5000000000000004,0.8660254037844384,0.375144869513785,72.71000000000001,39.073333333333345,106.72,3.49,0.12997834486873408,19.316666666666666,18.246666666666666,19.73,18.13,-0.13319753712631469,0.33760000000000007,0.3391166666666667,0.2835,0.3023,-0.304761701207817,0.19556666666666667,0.19601666666666664,0.1678,0.1829,0.4383402437089796,52.96666666666667,52.73333333333334,53.0,53.0,-3.018867924528301
020,2022,1,Kajiado,2022-01-01,34.87,19.28,chirps+openmeteo,0.4462,0.2672,modis,112.38,wb_foodindex,50.0,fewsnet_prices,124349,0.2251,hdx_knbs,25.0,,mixed,Semi-arid,0.0,1.0,-0.3912180450633296,76.45,43.70333333333335,87.76,23.65,0.8026842136683349,19.173333333333336,18.743333333333336,18.51,19.71,-0.07854492620226483,0.39283333333333337,0.34823333333333334,0.4488,0.2805,-0.13900879195112675,0.23146666666666663,0.20233333333333334,0.2594,0.1595,0.023391609978151037,51.46666666666667,52.400000000000006,51.4,54.5,-8.25688073394495
020,2022,2,Kajiado,2022-02-01,59.56,19.81,chirps+openmeteo,0.4255,0.2477,modis,112.38,wb_foodindex,50.0,fewsnet_prices,124349,0.2251,hdx_knbs,25.0,fewsnet_ipc,mixed,Semi-arid,0.49999999999999994,0.8660254037844387,0.002805983003105531,60.73000000000001,52.67500000000001,34.87,106.72,1.2380696856234237,19.2,19.195,19.28,19.73,-0.19804862898280792,0.44016666666666665,0.36446666666666666,0.4462,0.2835,-0.30780481566933865,0.2581,0.21408333333333332,0.2672,0.1678,-0.009217108747167862,50.46666666666667,51.98333333333334,50.0,53.0,-5.660377358490565
020,2022,3,Kajiado,2022-03-01,34.14,20.56,chirps+openmeteo,0.3852,0.221,modis,112.38,wb_foodindex,48.0,fewsnet_prices,124349,0.2251,hdx_knbs,25.0,,mixed,Semi-arid,0.8660254037844386,0.5000000000000001,-0.32976467001393867,42.856666666666676,57.78333333333334,59.56,87.76,1.7330918016306927,19.883333333333336,19.6,19.81,18.51,-0.5270125572625888,0.4189666666666667,0.37828333333333336,0.4255,0.4488,-0.6078721140117732,0.2453,0.22043333333333334,0.2477,0.2594,-0.6928921154010869,49.333333333333336,51.150000000000006,50.0,51.4,-6.6147859922178975
020,2022,4,Kajiado,2022-04-01,105.32,19.49,chirps+openmeteo,0.3731,0.217,modis,112.38,wb_foodindex,57.0,fewsnet_prices,124349,0.2251,hdx_knbs,25.0,,mixed,Semi-arid,1.0,6.123233995736766e-17,1.4268361069047908,66.34,71.39500000000001,34.14,34.87,0.7951980059373821,19.953333333333333,19.563333333333333,20.56,19.28,-0.5894613039295886,0.39460000000000006,0.39371666666666666,0.3852,0.4462,-0.6045581564860035,0.22856666666666667,0.23001666666666665,0.221,0.2672,1.9534902033386892,51.666666666666664,51.56666666666667,48.0,50.0,13.99999999999999
020,2022,5,Kajiado,2022-05-01,32.04,18.79,chirps+openmeteo,0.4355,0.2578,modis,112.38,wb_foodindex,60.0,fewsnet_prices,124349,0.2251,hdx_knbs,25.0,,mixed,Semi-arid,0.8660254037844387,-0.4999999999999998,-0.354667418053889,57.166666666666664,58.94833333333335,105.32,59.56,0.18991437286933113,19.613333333333333,19.406666666666666,19.49,19.81,0.20094724939838643,0.3979333333333333,0.4190499999999999,0.3731,0.4255,0.15778812901021644,0.2319333333333333,0.24501666666666666,0.217,0.2477,2.4643047813756818,55.0,52.73333333333334,57.0,50.0,19.999999999999996
020,2022,6,Kajiado,2022-06-01,4.52,17.15,chirps+openmeteo,0.3767,0.202,modis,112.38,wb_foodindex,68.0,fewsnet_prices,124349,0.2251,hdx_knbs,25.0,fewsnet_ipc,mixed,Semi-arid,0.49999999999999994,-0.8660254037844387,-1.0083639678860492,47.293333333333344,45.07500000000001,32.04,34.14,-1.156172512432479,18.476666666666667,19.18,18.79,20.56,-0.4606039188041322,0.3951,0.4070333333333333,0.4355,0.3852,-0.8082164819078773,0.22559999999999994,0.23544999999999996,0.2578,0.221,3.527219432119647,61.666666666666664,55.5,60.0,48.0,41.66666666666667
020,2022,7,Kajiado,2022-07-01,2.59,16.14,chirps+openmeteo,0.2945,0.1605,modis,112.38,wb_foodindex,75.0,fewsnet_prices,124349,0.2251,hdx_knbs,25.0,,mixed,Semi-arid,1.2246467991473532e-16,-1.0,-1.0492747000976945,13.05000000000001,39.695000000000014,4.52,105.32,-1.944288585275324,17.36,18.656666666666666,17.15,19.49,-1.395663255177671,0.3689,0.38175,0.3767,0.3731,-1.4768380418708718,0.20676666666666665,0.21766666666666667,0.202,0.217,3.4024559299016035,67.66666666666667,59.666666666666664,68.0,57.0,31.578947368421062
020,2022,8,Kajiado,2022-08-01,3.03,16.41,chirps+openmeteo,0.2476,0.1304,modis,112.38,wb_foodindex,82.0,fewsnet_prices,124349,0.2251,hdx_knbs,25.0,,mixed,Semi-arid,-0.4999999999999997,-0.8660254037844388,-1.036351661086042,3.380000000000009,30.273333333333344,2.59,32.04,-1.6328439916901527,16.566666666666666,18.09,16.14,18.79,-1.775051000398811,0.3062666666666667,0.3521,0.2945,0.4355,-1.8223248126909375,0.16429999999999997,0.19811666666666664,0.1605,0.2578,3.183283087267415,75.0,65.0,75.0,60.0,36.66666666666667
020,2022,9,Kajiado,2022-09-01,4.3,17.88,chirps+openmeteo,0.2485,0.1385,modis,112.38,wb_foodindex,89.0,fewsnet_prices,124349,0.2251,hdx_knbs,25.0,,mixed,Semi-arid,-0.8660254037844385,-0.5000000000000004,-0.9957876062739595,3.306666666666676,25.300000000000008,3.03,4.52,-0.4898531975070475,16.81,17.64333333333333,16.41,17.15,-1.6243831161039186,0.26353333333333334,0.32931666666666665,0.2476,0.3767,-1.5498454684391445,0.1431333333333333,0.18436666666666665,0.1304,0.202,2.967441055713624,82.0,71.83333333333333,82.0,68.0,30.88235294117647
020,2022,10,Kajiado,2022-10-01,23.15,19.41,chirps+openmeteo,0.2405,0.1473,modis,112.38,wb_foodindex,93.0,fewsnet_prices,124349,0.2251,hdx_knbs,25.0,fewsnet_ipc,mixed,Semi-arid,-1.0,-1.8369701987210297e-16,-0.5443187376122567,10.160000000000009,11.60500000000001,4.3,2.59,0.7105640042976876,17.900000000000002,17.63,17.88,16.14,-1.6033087706138758,0.24553333333333338,0.30721666666666664,0.2485,0.2945,-1.3304762086738517,0.1387333333333333,0.17275,0.1385,0.1605,2.6359704622994524,88.0,77.83333333333333,89.0,75.0,24.0
020,2022,11,Kajiado,2022-11-01,118.85,18.27,chirps+openmeteo,0.2748,0.1552,modis,112.38,wb_foodindex,93.0,fewsnet_prices,124349,0.2251,hdx_knbs,25.0,,mixed,Semi-arid,-0.8660254037844386,0.5000000000000001,1.7200057022915434,48.76666666666667,26.07333333333334,23.15,3.03,-0.16553305800193724,18.52,17.543333333333333,19.41,16.41,-1.1422447920511323,0.2546,0.2804333333333333,0.2405,0.2476,-1.1133470110116117,0.14699999999999996,0.15564999999999998,0.1473,0.1304,2.219582512990343,91.66666666666667,83.33333333333333,93.0,82.0,13.414634146341452
020,2022,12,Kajiado,2022-12-01,51.74,18.49,chirps+openmeteo,0.3547,0.2049,modis,112.38,wb_foodindex,92.0,fewsnet_prices,124349,0.2251,hdx_knbs,25.0,,mixed,Semi-arid,-0.5000000000000004,0.8660254037844384,0.1389939477861281,64.58,33.94333333333334,118.85,4.3,0.024213979720371155,18.723333333333333,17.766666666666666,18.27,17.88,-0.27807044715914436,0.29000000000000004,0.27676666666666666,0.2748,0.2485,-0.2884788188132438,0.16913333333333327,0.15613333333333335,0.1552,0.1385,1.8819889201701032,92.66666666666667,87.33333333333333,93.0,89.0,3.370786516853941
021,2019,1,Kiambu,2019-01-01,20.25,18.92,chirps+openmeteo,0.5702,0.3374,modis,107.28,wb_foodindex,43.18,fewsnet_prices,192130,0.0588,hdx_knbs,0.0,,mixed,Medium Highland,0.0,1.0,,20.25,20.25,,,,18.92,18.92,,,,0.5702,0.5702,,,,0.3374,0.3374,,,,43.18,43.18,,,
021,2019,2,Kiambu,2019-02-01,25.51,19.81,chirps+openmeteo,0.4628,0.2985,modis,107.28,wb_foodindex,40.56,fewsnet_prices,192130,0.0588,hdx_knbs,0.0,fewsnet_ipc,mixed,Medium Highland,0.49999999999999994,0.8660254037844387,,22.880000000000003,22.880000000000003,20.25,,,19.365000000000002,19.365000000000002,18.92,,,0.5165,0.5165,0.5702,,,0.31794999999999995,0.31794999999999995,0.3374,,,41.870000000000005,41.870000000000005,43.18,,
021,2019,3,Kiambu,2019-03-01,23.82,20.9,chirps+openmeteo,0.4146,0.2397,modis,107.28,wb_foodindex,36.41,fewsnet_prices,192130,0.0588,hdx_knbs,0.0,,mixed,Medium Highland,0.8660254037844386,0.5000000000000001,,23.19333333333333,23.19333333333333,25.51,,,19.876666666666665,19.876666666666665,19.81,,,0.4825333333333333,0.4825333333333333,0.4628,,,0.29186666666666666,0.29186666666666666,0.2985,,,40.050000000000004,40.050000000000004,40.56,,
021,2019,4,Kiambu,2019-04-01,158.77,19.71,chirps+openmeteo,0.4113,0.2278,modis,107.28,wb_foodindex,48.67,fewsnet_prices,192130,0.0588,hdx_knbs,0.0,,mixed,Medium Highland,1.0,6.123233995736766e-17,,69.36666666666667,57.087500000000006,23.82,20.25,,20.14,19.835,20.9,18.92,,0.42956666666666665,0.464725,0.4146,0.5702,,0.25533333333333336,0.27585,0.2397,0.3374,,41.879999999999995,42.205,36.41,43.18,12.71421954608616
021,2019,5,Kiambu,2019-05-01,77.58,18.04,chirps+openmeteo,0.4459,0.2677,modis,107.28,wb_foodindex,51.67,fewsnet_prices,192130,0.0588,hdx_knbs,0.0,,mixed,Medium Highland,0.8660254037844387,-0.4999999999999998,,86.72333333333334,61.186,158.77,25.51,,19.549999999999997,19.476,19.71,19.81,,0.42393333333333333,0.46096000000000004,0.4113,0.4628,,0.24506666666666668,0.27422,0.2278,0.2985,,45.583333333333336,44.098,48.67,40.56,27.391518737672584
021,2019,6,Kiambu,2019-06-01,57.18,17.16,chirps+openmeteo,0.4996,0.313,modis,107.28,wb_foodindex,53.0,fewsnet_prices,192130,0.0588,hdx_knbs,0.0,fewsnet_ipc,mixed,Medium Highland,0.49999999999999994,-0.8660254037844387,-0.06275434132225702,97.84333333333332,60.51833333333334,77.58,23.82,-1.4357321514460653,18.303333333333335,19.09,18.04,20.9,0.5363220414997832,0.45226666666666665,0.46740000000000004,0.4459,0.4146,0.7524287337874939,0.2695,0.28068333333333334,0.2677,0.2397,1.126730173336376,51.11333333333334,45.58166666666667,51.67,36.41,45.56440538313651
021,2019,7,Kiambu,2019-07-01,30.35,17.03,chirps+openmeteo,0.5183,0.3119,modis,107.28,wb_foodindex,55.2,fewsnet_prices,192130,0.0588,hdx_knbs,0.0,,mixed,Medium Highland,1.2246467991473532e-16,-1.0,-0.5183887440927706,55.036666666666655,62.20166666666666,57.18,158.77,-1.2149647617086858,17.41,18.775000000000002,17.16,19.71,0.7511042703210825,0.48793333333333333,0.45875000000000005,0.4996,0.4113,0.6534983516296208,0.29753333333333337,0.27643333333333336,0.313,0.2278,1.173693779862222,53.29,47.585,53.0,48.67,13.416889254160669
021,2019,8,Kiambu,2019-08-01,31.83,17.06,chirps+openmeteo,0.4581,0.2578,modis,107.28,wb_foodindex,49.0,fewsnet_prices,192130,0.0588,hdx_knbs,0.0,,mixed,Medium Highland,-0.4999999999999997,-0.8660254037844388,-0.4540522804307291,39.786666666666655,63.254999999999995,30.35,77.58,-1.0269902772641646,17.083333333333332,18.316666666666666,17.03,18.04,-0.26804540492919676,0.492,0.4579666666666667,0.5183,0.4459,-0.6115724986360526,0.29423333333333335,0.26965,0.3119,0.2677,0.27337512812420134,52.4,48.99166666666667,55.2,51.67,-5.167408554286823
021,2019,9,Kiambu,2019-09-01,33.6,17.63,chirps+openmeteo,0.4432,0.2513,modis,107.28,wb_foodindex,44.71,fewsnet_prices,192130,0.0588,hdx_knbs,0.0,,mixed,Medium Highland,-0.8660254037844385,-0.5000000000000004,-0.3913820847151006,31.92666666666666,64.885,31.83,57.18,-0.5943094900134941,17.24,17.771666666666665,17.06,17.16,-0.5070320379741345,0.4732,0.4627333333333333,0.4581,0.4996,-0.7121984752219426,0.2736666666666667,0.27158333333333334,0.2578,0.313,-0.3599295207801193,49.63666666666666,50.375,49.0,53.0,-15.641509433962264
021,2019,10,Kiambu,2019-10-01,259.47,17.48,chirps+openmeteo,0.4292,0.274,modis,107.28,wb_foodindex,56.01,fewsnet_prices,192130,0.0588,hdx_knbs,0.0,fewsnet_ipc,mixed,Medium Highland,-1.0,-1.8369701987210297e-16,2.4022291099067687,108.3,81.66833333333334,33.6,30.35,-0.6505410112043384,17.39,17.4,17.63,17.03,-0.7191780122445793,0.4435,0.4657166666666666,0.4432,0.5183,-0.1091330947709302,0.2610333333333334,0.27928333333333333,0.2513,0.3119,1.2581708080214065,49.906666666666666,51.598333333333336,44.71,55.2,1.4673913043478093
021,2019,11,Kiambu,2019-11-01,263.89,17.74,chirps+openmeteo,0.6124,0.3715,modis,107.28,wb_foodindex,49.75,fewsnet_prices,192130,0.0588,hdx_knbs,0.0,,mixed,Medium Highland,-0.8660254037844386,0.5000000000000001,1.8565514538314931,185.65333333333334,112.71999999999998,259.47,31.83,-0.43741484010630843,17.616666666666664,17.349999999999998,17.48,17.06,2.0541966197550203,0.4949333333333334,0.49346666666666666,0.4292,0.4581,1.9259586614542428,0.29893333333333333,0.29658333333333337,0.274,0.2578,0.2805270721564321,50.156666666666666,51.278333333333336,56.01,49.0,1.5306122448979664
021,2019,12,Kiambu,2019-12-01,265.74,17.89,chirps+openmeteo,0.6443,0.4061,modis,107.28,wb_foodindex,49.58,fewsnet_prices,192130,0.0588,hdx_knbs,0.0,,mixed,Medium Highland,-0.5000000000000004,0.8660254037844384,1.5684255444457331,263.0333333333333,147.48,263.89,33.6,-0.30960695689623413,17.703333333333333,17.471666666666668,17.74,17.63,1.937812115727901,0.5619666666666667,0.5175833333333333,0.6124,0.4432,2.013834165367174,0.35053333333333336,0.3121,0.3715,0.2513,0.24257102191003807,51.78,50.708333333333336,49.75,44.71,10.892417803623356
021,2020,1,Kiambu,2020-01-01,138.84,18.33,chirps+openmeteo,0.6731,0.4307,modis,125.82,wb_foodindex,46.12,fewsnet_prices,192130,0.0588,hdx_knbs,0.0,,mixed,Medium Highland,0.0,1.0,0.32418642807038917,222.8233333333333,165.56166666666667,265.74,259.47,0.03754865741185483,17.986666666666665,17.688333333333333,17.89,17.48,1.8484133087877068,0.6432666666666668,0.5433833333333334,0.6443,0.4292,1.9342938501705877,0.4027666666666667,0.33190000000000003,0.4061,0.274,-0.32841238035564707,48.48333333333333,49.195,49.58,56.01,-17.657561149794677
021,2020,2,Kiambu,2020-02-01,68.27,18.9,chirps+openmeteo,0.6501,0.4268,modis,125.82,wb_foodindex,45.5,fewsnet_prices,192130,0.0588,hdx_knbs,0.0,fewsnet_ipc,mixed,Medium Highland,0.49999999999999994,0.8660254037844387,-0.3720455048507382,157.61666666666665,171.635,138.84,263.89,0.48721002361748994,18.37333333333333,17.995,18.33,17.74,1.40790340074738,0.6558333333333334,0.5753833333333334,0.6731,0.6124,1.6056973447703298,0.4212000000000001,0.3600666666666667,0.4307,0.3715,-0.4195925655744337,47.06666666666666,48.61166666666667,46.12,49.75,-8.5427135678392
021,2020,3,Kiambu,2020-03-01,202.54,19.03,chirps+openmeteo,0.6474,0.3934,modis,125.82,wb_foodindex,47.43,fewsnet_prices,192130,0.0588,hdx_knbs,0.0,,mixed,Medium Highland,0.8660254037844386,0.5000000000000001,0.9604446101696641,136.54999999999998,199.79166666666666,68.27,265.74,0.5719541529117061,18.753333333333334,18.228333333333335,18.9,17.89,1.2531965360988484,0.6568666666666666,0.6094166666666666,0.6501,0.6443,1.0430203360735755,0.4169666666666667,0.38375000000000004,0.4268,0.4061,-0.06705249110805693,46.349999999999994,49.065,45.5,49.58,-4.336425978217018
021,2020,4,Kiambu,2020-04-01,402.3,18.44,chirps+openmeteo,0.6034,0.3945,modis,125.82,wb_foodindex,48.0,fewsnet_prices,192130,0.0588,hdx_knbs,0.0,,mixed,Medium Highland,1.0,6.123233995736766e-17,2.3210127352271326,224.36999999999998,223.59666666666666,202.54,138.84,0.05481860052495711,18.790000000000003,18.388333333333332,19.03,18.33,0.7614322441577595,0.6336333333333334,0.6384500000000001,0.6474,0.6731,0.9909073599794364,0.40490000000000004,0.4038333333333333,0.3934,0.4307,0.03911181390663352,46.97666666666667,47.73,47.43,46.12,4.076322636600183
021,2020,5,Kiambu,2020-05-01,124.39,17.98,chirps+openmeteo,0.6853,0.4402,modis,125.82,wb_foodindex,47.556666666666665,,192130,0.0588,hdx_knbs,0.0,,mixed,Medium Highland,0.8660254037844387,-0.4999999999999998,-0.03592646250070746,243.07666666666668,200.3466666666667,402.3,68.27,-0.34960117339074,18.483333333333334,18.428333333333335,18.44,18.9,1.4544050233673431,0.6453666666666668,0.6506,0.6034,0.6501,1.477431336217438,0.40936666666666666,0.4152833333333334,0.3945,0.4268,-0.04598990557312922,47.662222222222226,47.364444444444445,48.0,45.5,4.520146520146517
021,2020,6,Kiambu,2020-06-01,55.68,17.23,chirps+openmeteo,0.576,0.3607,modis,125.82,wb_foodindex,47.11333333333334,,192130,0.0588,hdx_knbs,0.0,fewsnet_ipc,mixed,Medium Highland,0.49999999999999994,-0.8660254037844387,-0.613771630727759,194.12333333333333,165.33666666666667,124.39,202.54,-0.9879517691368274,17.883333333333336,18.318333333333335,17.98,19.03,0.3540491907563049,0.6215666666666667,0.6392166666666667,0.6853,0.6474,0.38075235966162474,0.3984666666666667,0.40771666666666667,0.4402,0.3934,-0.13159230940255837,47.556666666666665,46.953333333333326,47.556666666666665,47.43,-0.6676505727739035
021,2020,7,Kiambu,2020-07-01,16.42,16.63,chirps+openmeteo,0.5903,0.3643,modis,125.82,wb_foodindex,46.67,fewsnet_prices,192130,0.0588,hdx_knbs,0.0,,mixed,Medium Highland,1.2246467991473532e-16,-1.0,-0.9164865358269348,65.49666666666666,144.9333333333333,55.68,402.3,-1.4152826163525956,17.28,18.035,17.23,18.44,0.4844156703966826,0.6172,0.6254166666666666,0.576,0.6034,0.41813570095787145,0.3884,0.39665,0.3607,0.3945,-0.21761706471679534,47.11333333333334,47.044999999999995,47.11333333333334,48.0,-2.7708333333333335
021,2020,8,Kiambu,2020-08-01,18.11,16.94,chirps+openmeteo,0.4689,0.2616,modis,125.82,wb_foodindex,44.7,fewsnet_prices,192130,0.0588,hdx_knbs,0.0,,mixed,Medium Highland,-0.4999999999999997,-0.8660254037844388,-0.8614730726008333,30.069999999999983,136.57333333333332,16.42,124.39,-1.0735982153696275,16.933333333333334,17.708333333333332,16.63,17.98,-0.7540361563778909,0.5450666666666667,0.5952166666666667,0.5903,0.6853,-0.9994500437486056,0.3288666666666667,0.3691166666666667,0.3643,0.4402,-0.6156372289913166,46.16111111111112,46.91166666666666,46.67,47.556666666666665,-6.006868998387882
021,2020,9,Kiambu,2020-09-01,29.56,17.33,chirps+openmeteo,0.4912,0.28,modis,125.82,wb_foodindex,41.75,fewsnet_prices,192130,0.0588,hdx_knbs,0.0,,mixed,Medium Highland,-0.8660254037844385,-0.5000000000000004,-0.7305110673260841,21.363333333333316,107.74333333333333,18.11,55.68,-0.6996415818812878,16.966666666666665,17.425,16.94,17.23,-0.5030358491087976,0.5168,0.5691833333333334,0.4689,0.576,-0.70973778678578,0.3019666666666667,0.3502166666666667,0.2616,0.3607,-1.1803812739163053,44.373333333333335,45.965,44.7,47.11333333333334,-11.383896985991237
021,2020,10,Kiambu,2020-10-01,62.72,18.42,chirps+openmeteo,0.4357,0.2476,modis,125.82,wb_foodindex,43.33,fewsnet_prices,192130,0.0588,hdx_knbs,0.0,fewsnet_ipc,mixed,Medium Highland,-1.0,-1.8369701987210297e-16,-0.41712052570148134,36.796666666666646,51.146666666666654,29.56,16.42,0.2790848122176393,17.563333333333333,17.421666666666667,17.33,16.63,-1.0470859264535337,0.46526666666666666,0.5412333333333333,0.4912,0.5903,-1.116822263952704,0.26306666666666667,0.3257333333333333,0.28,0.3643,-0.8102238731142204,43.26,45.18666666666667,41.75,46.67,-7.156631669166491
021,2020,11,Kiambu,2020-11-01,139.79,18.0,chirps+openmeteo,0.5335,0.3222,modis,125.82,wb_foodindex,45.67,fewsnet_prices,192130,0.0588,hdx_knbs,0.0,,mixed,Medium Highland,-0.8660254037844386,0.5000000000000001,0.2925777221383479,77.35666666666664,53.71333333333333,62.72,18.11,-0.10695963797429149,17.916666666666668,17.425,18.42,16.94,0.002722978170187208,0.48679999999999995,0.5159333333333334,0.4357,0.4689,-0.04356019739828671,0.2832666666666667,0.30606666666666665,0.2476,0.2616,-0.2985203864046958,43.583333333333336,44.87222222222223,43.33,44.7,2.170022371364655
021,2020,12,Kiambu,2020-12-01,54.07,18.43,chirps+openmeteo,0.5548,0.3473,modis,125.82,wb_foodindex,45.17,fewsnet_prices,192130,0.0588,hdx_knbs,0.0,,mixed,Medium Highland,-0.5000000000000004,0.8660254037844384,-0.5080185788932792,85.52666666666664,53.44499999999999,139.79,29.56,0.2932879362038481,18.283333333333335,17.625,18.0,17.33,0.23170756219522212,0.508,0.5124,0.5335,0.4912,0.31841910814658136,0.3057,0.30383333333333334,0.3222,0.28,-0.39898360505187763,44.72333333333333,44.54833333333334,45.67,41.75,8.19161676646707
021,2021,1,Kiambu,2021-01-01,57.62,18.5,chirps+openmeteo,0.5486,0.3232,modis,123.29,wb_foodindex,46.67,fewsnet_prices,192130,0.0588,hdx_knbs,0.0,,mixed,Medium Highland,0.0,1.0,-0.4939326483301629,83.82666666666664,60.311666666666646,54.07,62.72,0.3816434568813733,18.310000000000002,17.936666666666667,18.43,18.42,0.17276361550159539,0.5456333333333333,0.5054500000000001,0.5548,0.4357,-0.03441486830952204,0.33089999999999997,0.2969833333333333,0.3473,0.2476,-0.09655943039460886,45.83666666666667,44.54833333333334,45.17,43.33,7.708285252711766
021,2021,2,Kiambu,2021-02-01,68.54,19.04,chirps+openmeteo,0.5709,0.3203,modis,123.29,wb_foodindex,45.2,fewsnet_prices,192130,0.0588,hdx_knbs,0.0,fewsnet_ipc,mixed,Medium Highland,0.49999999999999994,0.8660254037844387,-0.4094490748559054,60.076666666666654,68.71666666666665,57.62,139.79,0.9822923139442191,18.656666666666666,18.286666666666665,18.5,18.0,0.3772680157617094,0.5581,0.52245,0.5486,0.5335,-0.09193184084612034,0.33026666666666665,0.30676666666666663,0.3232,0.3222,-0.4990656196035225,45.68,44.63166666666667,46.67,45.67,-1.029121961900592
021,2021,3,Kiambu,2021-03-01,55.02,19.34,chirps+openmeteo,0.5431,0.3283,modis,123.29,wb_foodindex,43.7,fewsnet_prices,192130,0.0588,hdx_knbs,0.0,,mixed,Medium Highland,0.8660254037844386,0.5000000000000001,-0.5609524857652278,60.39333333333332,72.96,68.54,54.07,1.6106279622657966,18.959999999999997,18.621666666666666,19.04,18.43,-9.938369099610054e-05,0.5542,0.5311,0.5709,0.5548,-0.028112046637116864,0.32393333333333335,0.3148166666666667,0.3203,0.3473,-1.0873422502797456,45.190000000000005,44.95666666666667,45.2,45.17,-3.254372371042724
021,2021,4,Kiambu,2021-04-01,134.36,18.29,chirps+openmeteo,0.5227,0.3243,modis,123.29,wb_foodindex,43.95,fewsnet_prices,192130,0.0588,hdx_knbs,0.0,,mixed,Medium Highland,1.0,6.123233995736766e-17,0.2402458307893117,85.97333333333331,84.89999999999999,55.02,57.62,0.4532389852979265,18.889999999999997,18.599999999999998,19.34,18.5,-0.3163266900304799,0.5455666666666668,0.5456,0.5431,0.5486,-0.16373388378346623,0.3243,0.3276,0.3283,0.3232,-0.944765723098153,44.28333333333333,45.06,43.7,46.67,-5.8281551317763025
021,2021,5,Kiambu,2021-05-01,201.99,17.6,chirps+openmeteo,0.5376,0.3556,modis,123.29,wb_foodindex,47.33,fewsnet_prices,192130,0.0588,hdx_knbs,0.0,,mixed,Medium Highland,0.8660254037844387,-0.4999999999999998,0.8522254378897413,130.45666666666665,95.26666666666667,134.36,68.54,-0.4468651125475582,18.41,18.533333333333335,18.29,19.04,-0.18329868686445988,0.5344666666666668,0.5462833333333333,0.5227,0.5709,0.3054329641302507,0.3360666666666667,0.33316666666666667,0.3243,0.3203,0.03317243432824688,44.99333333333334,45.336666666666666,43.95,45.2,4.712389380530957
021,2021,6,Kiambu,2021-06-01,11.33,16.32,chirps+openmeteo,0.5602,0.37,modis,123.29,wb_foodindex,46.12,fewsnet_prices,192130,0.0588,hdx_knbs,0.0,fewsnet_ipc,mixed,Medium Highland,0.49999999999999994,-0.8660254037844387,-0.9925488197450753,115.89333333333332,88.14333333333332,201.99,55.02,-1.9660550148474578,17.403333333333332,18.18166666666667,17.6,19.34,0.08093349263686535,0.5401666666666668,0.5471833333333334,0.5376,0.5431,0.5105406176122266,0.3499666666666667,0.33695,0.3556,0.3283,-0.24345107759440882,45.79999999999999,45.495000000000005,47.33,43.7,5.537757437070923
021,2021,7,Kiambu,2021-07-01,34.02,15.94,chirps+openmeteo,0.4928,0.291,modis,123.29,wb_foodindex,46.5,fewsnet_prices,192130,0.0588,hdx_knbs,0.0,,mixed,Medium Highland,1.2246467991473532e-16,-1.0,-0.7747745295824682,82.44666666666664,84.21,11.33,134.36,-2.171015876630946,16.62,17.755,16.32,18.29,-0.791247181775221,0.5302000000000001,0.5378833333333333,0.5602,0.5227,-0.817471481988702,0.33886666666666665,0.33158333333333334,0.37,0.3243,-0.022735703869697123,46.65,45.46666666666667,46.12,43.95,5.802047781569963
021,2021,8,Kiambu,2021-08-01,20.43,16.46,chirps+openmeteo,0.4482,0.2371,modis,123.29,wb_foodindex,46.2,fewsnet_prices,192130,0.0588,hdx_knbs,0.0,,mixed,Medium Highland,-0.4999999999999997,-0.8660254037844388,-0.898545361235754,21.926666666666648,76.19166666666666,34.02,201.99,-1.4992811554126597,16.24,17.325,15.94,17.6,-1.3616659830871662,0.5004000000000001,0.5174333333333333,0.4928,0.5376,-1.6764316429545316,0.2993666666666667,0.3177166666666667,0.291,0.3556,-0.08965200870974506,46.27333333333333,45.63333333333333,46.5,47.33,-2.3874920769068164
021,2021,9,Kiambu,2021-09-01,11.74,17.59,chirps+openmeteo,0.4467,0.2691,modis,123.29,wb_foodindex,46.5,fewsnet_prices,192130,0.0588,hdx_knbs,0.0,,mixed,Medium Highland,-0.8660254037844385,-0.5000000000000004,-0.9661061656481761,22.063333333333315,68.97833333333332,20.43,11.33,-0.25957483332134995,16.66333333333333,17.033333333333335,16.46,16.32,-1.3870003581462111,0.46256666666666674,0.5013666666666666,0.4482,0.5602,-1.1790157598438114,0.2657333333333333,0.30785,0.2371,0.37,-0.007933364782385433,46.4,46.1,46.2,46.12,0.823937554206422
021,2021,10,Kiambu,2021-10-01,52.27,18.83,chirps+openmeteo,0.4464,0.2454,modis,123.29,wb_foodindex,42.67,fewsnet_prices,192130,0.0588,hdx_knbs,0.0,fewsnet_ipc,mixed,Medium Highland,-1.0,-1.8369701987210297e-16,-0.5149728109041335,28.146666666666647,55.29666666666666,11.74,34.02,1.0152799728344402,17.626666666666665,17.12333333333333,17.59,15.94,-1.4214142350305687,0.44710000000000005,0.48865000000000003,0.4467,0.4928,-1.5162670781974104,0.25053333333333333,0.2947,0.2691,0.291,-1.675982011751014,45.123333333333335,45.88666666666666,46.5,46.5,-8.236559139784937
021,2021,11,Kiambu,2021-11-01,124.92,18.74,chirps+openmeteo,0.4605,0.2886,modis,123.29,wb_foodindex,49.0,fewsnet_prices,192130,0.0588,hdx_knbs,0.0,,mixed,Medium Highland,-0.8660254037844386,0.5000000000000001,0.2866354683141716,62.97666666666665,42.45166666666666,52.27,20.43,0.859750229278668,18.386666666666667,17.313333333333333,18.83,16.46,-1.1321137827181724,0.45120000000000005,0.4758,0.4464,0.4482,-0.7475974507322553,0.26770000000000005,0.28353333333333336,0.2454,0.2371,1.6058767181769276,46.05666666666667,46.165,42.67,46.2,6.060606060606055
021,2021,12,Kiambu,2021-12-01,98.07,17.72,chirps+openmeteo,0.5664,0.3306,modis,123.29,wb_foodindex,49.0,fewsnet_prices,192130,0.0588,hdx_knbs,0.0,,mixed,Medium Highland,-0.5000000000000004,0.8660254037844384,0.08167469635164337,91.75333333333333,56.908333333333324,124.92,11.74,-0.20858421820522827,18.429999999999996,17.546666666666667,18.74,17.59,0.304568938727281,0.49110000000000004,0.4768333333333334,0.4605,0.4467,-0.012887195633393416,0.28820000000000007,0.27696666666666664,0.2886,0.2691,1.6576292572088687,46.89000000000001,46.645,49.0,46.5,5.376344086021501
021,2022,1,Kiambu,2022-01-01,45.5,18.54,chirps+openmeteo,0.5516,0.3256,modis,112.38,wb_foodindex,46.67,fewsnet_prices,192130,0.0588,hdx_knbs,0.0,,mixed,Medium Highland,0.0,1.0,-0.47821413927700485,89.49666666666666,58.82166666666666,98.07,52.27,0.6430566010414774,18.333333333333332,17.98,17.72,18.83,0.18596714142928578,0.5261666666666667,0.4866333333333333,0.5664,0.4464,-0.024954234681536406,0.3149333333333334,0.28273333333333334,0.3306,0.2454,0.3939568918327767,48.223333333333336,46.673333333333325,49.0,42.67,9.374267635340994
021,2022,2,Kiambu,2022-02-01,48.07,19.59,chirps+openmeteo,0.5163,0.3064,modis,112.38,wb_foodindex,47.27,fewsnet_prices,192130,0.0588,hdx_knbs,0.0,fewsnet_ipc,mixed,Medium Highland,0.49999999999999994,0.8660254037844387,-0.437520281054898,63.879999999999974,63.42833333333332,45.5,124.92,1.6445380407491972,18.616666666666664,18.501666666666665,18.54,18.74,-0.26327569655393407,0.5447666666666667,0.4979833333333333,0.5516,0.4605,-0.30244198240711256,0.3208666666666667,0.2942833333333333,0.3256,0.2886,0.6693039597601899,47.64666666666667,46.85166666666667,46.67,49.0,-3.530612244897957
021,2022,3,Kiambu,2022-03-01,46.97,20.03,chirps+openmeteo,0.486,0.2749,modis,112.38,wb_foodindex,46.33,fewsnet_prices,192130,0.0588,hdx_knbs,0.0,,mixed,Medium Highland,0.8660254037844386,0.5000000000000001,-0.3905965104224227,46.84666666666664,69.3,48.07,98.07,1.9183249133610232,19.386666666666667,18.90833333333333,19.59,17.72,-0.6721543397918647,0.5179666666666667,0.5045333333333334,0.5163,0.5664,-0.8427282735766694,0.3023,0.29525,0.3064,0.3306,0.1978202271730289,46.75666666666667,46.82333333333333,47.27,49.0,-5.448979591836734
021,2022,4,Kiambu,2022-04-01,156.45,18.62,chirps+openmeteo,0.4808,0.2781,modis,112.38,wb_foodindex,50.87,fewsnet_prices,192130,0.0588,hdx_knbs,0.0,,mixed,Medium Highland,1.0,6.123233995736766e-17,1.6846349097213604,83.82999999999997,86.66333333333331,46.97,45.5,0.5785970594391654,19.413333333333334,18.87333333333333,20.03,18.54,-0.6922884891325224,0.4943666666666666,0.5102666666666666,0.486,0.5516,-0.7137847999906715,0.2864666666666667,0.3007,0.2749,0.3256,2.302391360200212,48.156666666666666,48.19,46.33,46.67,8.999357188772228
021,2022,5,Kiambu,2022-05-01,66.41,18.03,chirps+openmeteo,0.5936,0.3343,modis,112.38,wb_foodindex,56.87,fewsnet_prices,192130,0.0588,hdx_knbs,0.0,,mixed,Medium Highland,0.8660254037844387,-0.4999999999999998,-0.01344374524076232,89.94333333333331,76.91166666666665,156.45,48.07,0.02193735561420128,18.893333333333334,18.755,18.62,19.59,1.5228793138289147,0.5201333333333333,0.53245,0.4808,0.5163,0.6698570486501498,0.2957666666666667,0.30831666666666663,0.2781,0.3064,3.4411254362399077,51.35666666666666,49.501666666666665,50.87,47.27,20.308863972921507
021,2022,6,Kiambu,2022-06-01,12.63,16.74,chirps+openmeteo,0.5271,0.3134,modis,112.38,wb_foodindex,77.83,fewsnet_prices,192130,0.0588,hdx_knbs,0.0,fewsnet_ipc,mixed,Medium Highland,0.49999999999999994,-0.8660254037844387,-1.0235564544737308,78.49666666666664,62.67166666666665,66.41,46.97,-1.1499904554366376,17.796666666666667,18.591666666666665,18.03,20.03,0.2381211382867305,0.5338333333333334,0.5259,0.5936,0.486,0.19999897628149543,0.30860000000000004,0.30545,0.3343,0.2749,4.246899021698586,61.85666666666666,54.306666666666665,56.87,46.33,67.99050291387869
021,2022,7,Kiambu,2022-07-01,12.17,15.69,chirps+openmeteo,0.4186,0.2587,modis,112.38,wb_foodindex,75.0,fewsnet_prices,192130,0.0588,hdx_knbs,0.0,,mixed,Medium Highland,1.2246467991473532e-16,-1.0,-1.025417747172037,30.40333333333331,57.11666666666665,12.63,156.45,-1.9629846304761875,16.82,18.116666666666664,16.74,18.62,-1.81340844117423,0.5131,0.5037333333333333,0.5271,0.4808,-1.1530134535833274,0.30213333333333336,0.29429999999999995,0.3134,0.2781,2.8975792025089504,69.89999999999999,59.02833333333333,77.83,50.87,47.434637310792226
021,2022,8,Kiambu,2022-08-01,13.71,15.82,chirps+openmeteo,0.3191,0.1757,modis,112.38,wb_foodindex,72.17,fewsnet_prices,192130,0.0588,hdx_knbs,0.0,,mixed,Medium Highland,-0.4999999999999997,-0.8660254037844388,-0.9885630112201644,12.83666666666665,51.389999999999986,12.17,66.41,-1.714477049339997,16.083333333333332,17.488333333333333,15.69,18.03,-2.9303820847587443,0.42160000000000003,0.4708666666666667,0.4186,0.5936,-2.7470911612794255,0.24926666666666672,0.2725166666666667,0.2587,0.3343,2.184711932872905,75.0,63.178333333333335,75.0,56.87,26.903464040794802
021,2022,9,Kiambu,2022-09-01,16.68,16.95,chirps+openmeteo,0.3754,0.2133,modis,112.38,wb_foodindex,82.0,fewsnet_prices,192130,0.0588,hdx_knbs,0.0,,mixed,Medium Highland,-0.8660254037844385,-0.5000000000000004,-0.9130077522551989,14.186666666666648,46.34166666666665,13.71,12.63,-0.7637707377806057,16.153333333333332,16.974999999999998,15.82,16.74,-1.803520154662801,0.3710333333333333,0.4524333333333333,0.3191,0.5271,-1.7175717741565948,0.2159,0.26225,0.1757,0.3134,2.5504877177733096,76.39,69.12333333333333,72.17,77.83,5.357831170499816
021,2022,10,Kiambu,2022-10-01,33.11,18.7,chirps+openmeteo,0.3924,0.2401,modis,112.38,wb_foodindex,84.67,fewsnet_prices,192130,0.0588,hdx_knbs,0.0,fewsnet_ipc,mixed,Medium Highland,-1.0,-1.8369701987210297e-16,-0.5707669499789145,21.166666666666647,25.784999999999986,16.68,12.17,0.6533026394295579,17.156666666666666,16.988333333333333,16.95,15.69,-1.4761841980997028,0.3623,0.4377,0.3754,0.4186,-1.1395362924056576,0.20970000000000003,0.2559166666666666,0.2133,0.2587,2.3149946025621015,79.61333333333333,74.75666666666666,82.0,75.0,12.893333333333334
021,2022,11,Kiambu,2022-11-01,191.96,17.48,chirps+openmeteo,0.4037,0.2354,modis,112.38,wb_foodindex,82.67,fewsnet_prices,192130,0.0588,hdx_knbs,0.0,,mixed,Medium Highland,-0.8660254037844386,0.5000000000000001,2.226939016992,80.58333333333331,46.71,33.11,13.71,-0.3200301413081221,17.709999999999997,16.896666666666665,18.7,15.82,-1.203801990291528,0.3905,0.40605,0.3924,0.3191,-1.1360892076723648,0.22960000000000003,0.23943333333333336,0.2401,0.1757,1.8925117680874675,83.11333333333334,79.05666666666666,84.67,72.17,14.54898157129001
021,2022,12,Kiambu,2022-12-01,35.69,17.9,chirps+openmeteo,0.5062,0.3134,modis,112.38,wb_foodindex,83.33,fewsnet_prices,192130,0.0588,hdx_knbs,0.0,,mixed,Medium Highland,-0.5000000000000004,0.8660254037844384,-0.5053933407344403,86.91999999999997,50.55333333333332,191.96,16.68,0.03870253735924665,18.026666666666667,17.09,17.48,16.95,0.2561406789552849,0.4341,0.4025666666666667,0.4037,0.3754,0.49557510802587407,0.26296666666666674,0.2394333333333333,0.2354,0.2133,1.7195772769701163,83.55666666666667,79.97333333333334,82.67,82.0,1.6219512195121855
